temperature,rainfall,humidity,yield_apples
49.96,62.31,78.40,66.65
96.06,56.61,34.76,57.52
78.56,34.66,47.73,54.36
67.89,95.02,73.06,75.90
32.48,76.73,58.57,54.38
32.48,131.20,79.09,75.53
24.65,14.50,96.90,58.75
89.29,100.14,29.32,61.48
68.09,116.81,76.77,82.17
76.65,116.33,38.43,65.48
21.65,134.05,53.16,59.88
97.59,112.06,22.63,63.00
86.60,139.89,30.87,69.39
36.99,56.57,45.58,45.20
34.55,80.45,47.36,50.13
34.67,11.97,91.97,58.78
44.34,10.97,79.35,55.17
61.98,43.62,97.77,76.20
54.56,24.11,67.93,55.16
43.30,46.43,39.34,41.95
68.95,34.79,46.21,50.75
31.16,13.99,45.59,34.94
43.37,137.30,46.12,63.53
49.31,11.15,73.84,53.94
56.49,113.05,62.46,70.79
82.81,31.30,50.83,56.52
35.97,137.71,31.93,54.30
61.14,134.99,21.77,56.23
67.39,101.55,37.51,59.28
23.72,104.11,28.60,42.24
68.60,10.75,82.84,64.15
33.64,147.88,29.00,54.17
25.20,132.90,77.94,73.11
95.91,135.31,50.85,81.26
97.25,102.29,25.87,62.57
84.67,58.27,85.02,79.56
44.37,135.11,66.37,73.52
27.81,50.81,38.86,37.94
74.74,88.78,91.57,85.96
55.21,23.96,23.62,33.16
29.76,139.07,36.15,54.82
59.61,29.71,80.16,63.91
22.75,41.49,76.75,53.50
92.75,88.14,43.14,67.02
40.70,116.97,24.96,48.08
73.00,96.71,88.65,85.57
44.94,42.50,45.10,44.53
61.61,10.13,35.66,38.34
63.74,116.00,61.28,72.96
34.79,147.93,92.82,86.43
97.57,123.39,23.48,65.69
82.01,74.43,81.26,80.12
95.16,136.53,65.80,88.75
91.59,67.38,54.04,67.97
67.83,83.49,79.53,76.81
93.75,76.80,97.27,92.12
27.08,72.67,38.34,41.83
35.68,118.53,31.49,50.16
23.62,83.75,93.03,70.35
46.03,54.34,73.52,61.44
51.09,46.14,55.04,52.08
41.71,15.28,65.86,48.50
86.30,91.65,79.65,84.05
48.54,42.19,81.84,63.92
42.47,30.74,93.59,65.68
63.42,101.54,54.15,66.41
31.27,105.37,43.47,52.19
84.18,115.30,71.17,83.90
25.96,80.50,53.26,50.52
98.95,135.17,67.57,90.50
81.78,141.09,53.60,79.55
35.90,123.03,32.24,51.50
20.44,98.98,57.55,54.70
85.24,52.52,75.27,73.71
76.55,147.61,83.94,94.46
78.32,48.38,59.47,62.91
81.70,38.37,33.22,48.79
25.92,71.90,53.18,48.75
48.68,17.96,82.90,59.65
29.27,146.99,53.03,64.69
89.05,92.38,75.72,83.05
69.86,87.97,60.58,68.84
46.47,101.81,39.30,53.95
25.08,79.58,83.69,65.28
44.88,14.49,26.74,29.73
46.01,95.72,61.99,63.94
78.37,110.26,36.71,63.92
71.00,68.34,25.37,47.65
90.98,116.02,60.23,80.61
57.78,41.78,59.96,55.67
29.57,40.98,76.55,55.34
77.06,32.60,79.58,69.43
80.86,62.08,78.22,75.78
64.90,128.58,52.76,71.57
81.68,125.91,70.54,84.96
59.50,63.60,66.16,63.65
61.82,92.48,53.72,63.90
54.20,110.91,67.78,72.33
22.03,43.77,95.78,63.25
28.63,33.54,35.43,33.01
22.51,146.09,92.46,82.20
70.91,96.46,24.28,52.70
45.15,147.40,44.67,65.36
60.69,57.29,43.05,51.19
92.61,108.42,70.11,84.52
39.94,41.16,30.50,35.46
52.83,46.57,90.59,70.46
80.44,81.67,86.28,83.61
38.30,54.75,72.17,58.53
26.16,33.47,56.67,42.88
43.18,46.80,94.64,69.63
32.90,15.00,86.46,56.10
94.38,108.62,59.95,80.01
84.65,78.90,76.15,79.25
70.67,23.19,65.35,58.51
89.72,34.04,67.04,67.24
84.29,24.35,46.48,53.40
34.93,95.76,56.97,58.12
91.40,23.19,26.25,45.18
63.15,115.60,48.59,66.36
84.60,12.87,75.67,65.79
91.69,44.91,96.26,84.62
45.44,134.69,97.05,89.09
28.80,110.59,64.46,62.99
38.23,20.22,68.53,49.78
54.17,124.96,34.86,58.67
85.44,79.02,75.62,79.25
88.86,128.55,25.65,65.19
20.56,94.10,42.77,46.37
60.86,105.46,73.47,76.09
53.39,149.09,44.82,68.25
37.77,42.53,23.99,31.83
29.59,97.35,86.55,71.62
47.01,74.44,44.83,51.41
95.43,15.52,25.05,44.26
45.86,12.03,25.98,29.15
61.50,26.69,40.14,43.86
76.24,100.87,34.24,60.17
49.09,89.40,81.94,73.58
97.74,87.48,45.73,69.68
97.00,14.46,84.38,74.18
40.14,75.70,33.91,44.14
59.78,139.45,59.43,75.54
44.07,65.66,75.04,63.87
42.79,97.49,72.16,68.41
22.95,119.17,68.09,64.76
68.77,119.75,93.99,91.58
60.21,82.70,38.28,53.74
24.12,130.11,59.50,63.01
42.29,64.79,90.72,71.00
92.66,134.42,26.23,67.80
39.16,43.63,24.47,32.71
31.59,49.23,38.66,38.65
59.16,17.44,70.64,56.56
98.85,121.38,40.79,74.33
39.36,68.39,35.22,43.10
73.77,42.08,56.70,58.90
80.93,42.45,69.09,67.31
39.01,136.20,39.88,58.88
78.26,126.75,44.06,70.86
49.42,87.49,69.08,66.86
70.58,96.26,95.66,88.26
70.68,76.41,73.98,73.48
62.86,64.83,82.63,73.14
27.22,138.17,49.34,60.47
86.82,27.59,41.78,52.45
45.66,68.58,56.34,55.58
34.92,58.24,84.57,64.41
23.26,79.74,56.50,51.18
67.27,74.07,87.74,78.86
74.21,82.64,99.10,88.34
21.33,29.59,25.76,25.20
60.97,81.84,23.63,46.47
38.12,43.94,31.97,36.21
71.61,35.81,50.75,54.02
33.95,19.08,30.48,29.24
75.28,116.77,89.65,90.76
50.94,69.84,21.85,40.17
94.94,97.73,45.26,70.66
31.00,111.86,34.78,49.06
47.29,105.10,94.52,82.47
29.08,75.87,73.56,60.68
93.98,64.31,92.96,87.54
90.19,62.63,97.79,88.48
40.64,99.61,59.77,62.00
72.80,79.27,38.75,57.07
85.38,128.88,35.50,69.14
64.42,132.46,37.83,64.73
62.37,33.88,76.69,63.83
39.35,29.07,23.24,29.24
27.45,98.26,24.11,39.94
91.78,52.17,68.65,72.29
92.03,12.60,71.36,65.81
70.65,134.41,73.22,84.69
47.12,41.77,49.75,47.36
47.94,140.10,84.48,84.64
78.08,110.44,62.69,76.86
91.77,116.77,28.44,65.11
90.97,38.20,83.77,76.82
82.39,42.79,96.25,81.40
71.36,82.98,24.80,50.40
26.73,34.09,51.31,40.49
32.93,52.76,59.00,49.93
91.88,55.00,31.72,54.42
68.51,32.35,89.42,71.73
20.74,38.73,42.73,35.33
28.12,120.40,82.64,73.84
73.08,33.41,73.68,65.45
20.40,13.98,67.84,42.84
32.86,98.11,35.37,47.16
63.90,146.64,37.66,67.33
75.35,56.37,23.79,45.77
72.16,26.61,39.26,46.60
37.94,89.85,47.64,53.17
76.97,136.89,86.65,93.79
38.98,119.77,49.31,60.30
46.03,97.15,80.37,73.42
79.72,54.11,55.16,62.32
71.97,85.86,82.79,80.16
87.94,22.77,98.10,79.99
72.61,105.05,39.19,62.39
65.46,111.51,88.99,86.44
27.49,145.10,69.75,72.14
49.42,46.46,85.38,66.81
41.22,12.58,72.13,50.95
39.52,86.39,53.92,56.09
97.84,108.95,38.25,70.27
51.45,120.66,25.60,52.37
91.36,37.12,62.84,66.25
70.49,46.65,99.23,80.09
83.58,81.76,79.04,80.95
60.21,56.28,46.19,52.41
66.15,130.47,86.18,89.03
59.40,76.33,81.52,73.85
35.62,121.94,42.53,56.34
77.80,91.29,21.14,52.17
42.46,118.23,29.45,51.11
21.95,56.57,90.18,62.99
71.64,126.40,86.93,90.24
34.17,48.44,43.62,41.75
95.24,86.45,42.82,67.27
96.31,39.96,83.43,78.60
93.19,76.57,95.02,90.78
49.61,54.54,82.33,66.96
21.24,47.34,68.45,50.07
94.27,145.38,39.41,77.06
54.25,32.41,62.06,53.79
97.33,120.23,38.68,72.59
97.09,147.78,84.64,101.00
88.24,12.79,50.96,54.51
43.56,107.86,86.70,77.99
50.81,45.41,50.53,49.59
88.09,15.67,85.93,72.53
45.35,66.40,46.67,50.22
33.56,140.93,55.21,65.86
64.54,11.65,69.24,56.31
94.89,92.30,25.62,59.74
75.68,80.20,95.86,86.67
65.60,132.27,65.89,79.08
27.77,21.76,60.63,43.00
69.20,105.41,87.15,85.42
99.20,105.22,89.26,95.43
31.21,103.67,61.78,60.99
61.47,141.93,94.18,93.92
90.19,125.23,25.18,64.69
79.26,15.88,29.06,41.48
75.76,75.95,67.74,71.79
76.20,65.71,48.33,60.17
48.76,53.42,57.14,53.88
43.49,73.19,46.25,50.81
84.75,63.79,52.38,64.37
84.81,70.53,85.81,82.45
89.37,147.10,67.48,89.97
93.06,22.41,99.79,82.30
60.91,139.11,82.95,87.57
60.12,77.23,41.89,54.43
83.86,97.32,41.15,65.20
72.00,126.23,46.87,70.28
76.16,60.46,87.46,78.67
83.66,70.26,22.18,50.24
91.20,67.33,38.41,60.03
47.04,62.46,92.39,72.80
50.05,139.57,71.19,78.52
27.52,126.05,38.15,52.54
66.26,25.26,37.53,43.70
22.88,25.14,89.01,56.40
57.25,69.90,91.50,76.91
63.41,23.81,40.49,44.03
42.92,96.67,53.64,59.03
67.27,30.12,86.77,69.59
22.44,83.13,81.68,64.20
22.99,11.01,85.11,51.65
85.81,54.32,61.47,67.34
48.82,104.81,92.92,82.07
30.16,77.77,46.08,47.64
61.78,146.96,32.53,64.19
81.60,132.37,76.70,89.30
37.27,60.27,63.15,54.81
69.83,16.37,88.37,68.41
26.83,128.39,26.49,46.97
24.13,137.57,87.50,78.50
62.51,124.89,43.46,65.46
63.25,27.91,72.39,60.75
70.99,149.71,23.21,62.84
78.09,46.20,68.77,67.05
98.07,111.39,77.38,90.39
61.30,137.12,49.50,70.56
45.84,43.00,37.23,40.97
83.61,137.16,63.01,84.02
41.67,53.33,86.66,66.50
55.12,146.70,45.88,68.82
26.28,49.38,40.20,37.86
22.03,143.48,42.31,56.46
97.01,17.50,95.93,80.57
86.88,109.30,48.74,72.29
75.68,84.50,20.29,49.75
52.72,76.90,82.53,72.46
33.86,41.29,75.94,56.39
32.51,108.78,30.29,46.65
40.02,36.71,98.79,68.74
63.94,87.40,68.64,70.98
77.17,45.45,60.06,62.27
72.82,143.79,50.58,75.89
42.39,14.01,91.89,61.46
96.39,37.96,39.52,56.27
79.03,43.92,42.86,53.92
64.35,67.97,29.79,47.79
68.94,42.58,80.73,69.56
53.57,78.79,67.64,65.65
39.82,132.15,68.73,72.74
48.48,109.69,37.48,55.22
80.63,91.19,72.09,78.47
21.15,22.46,81.24,51.46
29.29,107.16,48.63,54.53
23.68,33.30,84.11,55.82
23.26,120.09,47.90,54.95
88.44,45.01,80.65,75.86
76.29,68.39,22.70,47.92
57.93,59.07,64.09,61.24
27.83,130.23,97.56,83.17
59.33,27.72,98.50,72.59
57.88,89.19,42.54,56.47
33.86,29.89,55.31,43.79
54.71,108.67,25.04,50.67
51.88,136.71,89.87,87.84
69.27,70.85,65.49,67.70
70.81,78.33,50.81,62.31
23.62,139.84,29.02,49.56
49.97,82.94,95.74,79.45
70.07,78.26,62.42,67.88
60.25,90.97,42.63,57.58
88.52,106.49,48.02,71.86
72.70,24.96,41.66,47.63
33.03,124.96,68.14,68.97
25.65,70.97,94.40,69.09
71.39,20.13,88.54,69.71
22.12,120.07,56.83,59.06
66.86,62.77,86.12,75.67
95.22,24.05,53.85,60.30
66.04,98.73,40.18,59.65
51.05,133.22,98.67,91.29
71.46,134.29,44.31,70.45
56.66,144.07,45.90,68.76
63.65,131.48,99.18,94.98
95.32,10.30,30.71,46.01
50.89,63.23,80.84,68.33
96.90,124.60,94.87,101.43
92.43,61.28,60.94,70.45
35.66,94.22,20.20,39.64
25.55,94.88,50.00,51.64
28.06,61.10,28.93,35.10
21.46,136.63,53.30,60.41
27.56,80.45,83.20,65.96
74.64,75.07,55.10,64.96
25.70,149.65,54.55,64.91
45.52,79.09,64.54,61.74
87.59,34.98,66.54,66.54
21.86,81.83,88.50,67.17
85.16,123.96,44.67,72.67
42.55,118.76,85.73,79.38
29.45,120.40,65.27,65.55
75.74,109.12,44.04,66.57
70.32,45.59,43.61,52.02
90.20,130.69,48.89,77.64
78.81,135.08,69.82,85.57
84.28,37.18,38.46,51.95
42.56,28.26,93.63,65.23
34.20,146.58,65.99,72.57
80.05,131.57,93.60,97.13
84.55,135.05,23.71,64.23
99.24,134.09,47.41,80.29
53.01,85.84,21.82,43.98
49.76,100.50,41.78,55.92
82.11,86.35,88.96,86.38
47.26,17.17,22.93,29.08
94.46,114.37,54.89,78.66
88.67,80.75,29.41,57.46
54.32,100.68,53.35,63.11
80.07,80.37,87.11,83.65
80.36,78.85,69.85,74.80
28.25,34.05,78.94,54.75
92.20,49.02,47.93,61.43
60.42,32.24,95.55,72.35
86.12,37.39,76.74,71.68
45.60,146.22,53.74,69.79
91.64,31.44,54.12,60.84
51.14,47.70,93.49,71.63
20.87,92.68,66.11,57.85
92.43,95.43,76.51,85.07
27.30,31.56,53.36,41.18
45.55,121.12,37.90,56.84
96.00,119.93,77.88,91.73
96.05,43.22,68.63,71.77
65.88,50.41,60.11,59.90
70.55,141.32,69.92,84.39
55.88,125.59,36.66,60.21
43.46,107.69,83.52,76.34
46.29,21.51,95.85,66.11
73.80,68.56,91.29,81.50
80.19,88.30,45.71,64.57
83.33,36.24,52.48,58.49
83.17,72.75,84.67,81.84
27.30,94.14,67.61,60.82
59.55,55.83,63.83,60.95
24.60,119.33,94.13,78.31
63.96,127.66,62.88,76.16
55.32,55.31,61.20,58.26
91.02,127.41,23.36,64.47
48.07,24.50,25.55,32.10
29.37,127.28,20.59,44.56
31.44,31.39,93.06,62.24
80.92,21.61,52.67,54.93
69.46,99.85,57.48,69.55
28.09,76.07,87.63,67.46
26.73,137.10,68.74,69.81
76.08,60.85,68.76,69.37
25.82,50.20,43.72,39.65
85.75,80.10,86.71,85.10
76.50,73.83,33.27,54.35
26.51,58.22,24.25,31.72
26.79,107.12,35.33,47.13
98.93,116.34,41.42,73.66
49.94,129.42,42.58,62.16
49.65,146.20,73.64,80.95
85.02,47.33,37.43,53.69
95.78,110.25,74.13,87.85
98.88,65.20,27.29,56.35
80.27,104.79,31.78,60.93
50.10,76.64,60.71,60.71
26.68,149.13,93.75,84.70
82.17,112.05,88.77,91.45
64.67,143.35,97.50,96.82
53.94,126.90,72.04,77.58
92.51,136.41,74.07,92.07
28.90,124.02,70.00,68.47
59.41,74.28,69.83,67.59
20.91,45.25,31.77,31.21
57.49,61.84,63.50,61.37
24.50,12.83,50.89,35.36
29.51,83.36,55.40,53.23
29.40,80.71,61.89,55.91
71.94,83.54,30.27,53.42
79.68,146.36,48.76,77.56
66.67,137.60,25.08,60.06
96.97,32.64,98.37,84.80
49.99,61.64,29.48,42.07
42.86,69.35,40.68,47.07
89.49,60.47,91.30,84.59
37.89,121.79,58.62,65.03
97.06,83.37,30.85,61.22
20.97,90.09,50.74,49.68
97.59,129.42,29.27,69.80
23.45,122.83,36.02,49.61
91.29,28.51,24.16,45.17
62.22,109.95,55.06,68.19
99.44,70.96,84.53,86.29
25.90,51.25,66.88,51.46
64.31,17.00,68.51,56.95
97.54,78.21,36.05,62.93
61.85,59.76,47.51,54.26
70.35,45.21,87.62,73.96
75.66,107.25,27.03,57.66
56.36,117.73,88.63,84.77
70.20,44.27,58.70,59.26
66.75,16.92,86.97,66.89
92.09,128.83,45.44,76.11
23.64,11.39,47.11,32.92
42.48,141.20,80.13,81.05
96.03,97.87,82.80,89.78
91.22,55.06,38.37,57.56
56.45,44.51,97.83,74.75
69.61,11.26,26.76,36.52
42.19,42.97,25.48,33.99
35.05,29.28,67.64,50.19
57.10,95.70,77.82,75.18
48.27,33.32,96.87,69.58
66.69,84.01,52.40,63.01
26.22,92.62,22.02,37.40
97.95,51.73,68.23,73.85
98.90,14.91,43.18,54.24
75.85,15.22,54.64,53.12
62.89,13.69,59.08,51.14
44.76,113.48,25.16,48.70
85.10,54.52,58.88,65.87
74.78,121.48,54.11,73.78
33.01,70.44,77.00,62.49
92.87,73.42,71.65,78.37
85.80,81.80,34.82,59.51
95.98,109.82,36.49,69.00
78.06,48.29,40.08,53.12
69.07,27.02,34.32,43.28
53.46,87.85,72.58,69.90
94.62,55.78,99.55,89.32
89.29,71.95,72.17,77.26
23.62,100.57,68.53,61.47
22.11,79.18,52.79,48.86
50.12,96.84,45.01,56.91
84.84,86.19,92.89,89.13
98.98,113.57,97.52,101.17
32.03,108.83,59.74,61.25
67.53,84.79,43.22,58.83
50.47,105.05,81.61,76.96
97.59,132.30,30.60,71.04
87.37,70.52,81.25,80.94
87.07,67.79,85.52,82.44
57.50,116.99,29.99,55.64
53.19,91.56,98.15,83.34
41.87,19.94,98.84,65.97
24.51,134.90,94.94,81.80
89.18,14.31,59.68,59.46
85.03,114.78,39.69,68.31
99.98,116.23,66.56,86.52
99.73,143.44,53.59,85.40
64.43,17.58,36.48,41.09
81.52,93.56,53.89,70.11
95.58,69.90,73.11,79.21
87.97,56.29,25.67,50.48
39.79,22.64,46.67,39.80
56.04,88.77,21.42,45.28
30.33,77.07,79.96,64.49
96.32,24.64,71.26,69.45
68.49,95.75,25.01,52.20
38.29,113.31,97.18,82.74
73.74,117.42,21.81,56.51
69.45,136.75,67.20,81.78
48.65,67.33,82.11,69.12
29.08,143.43,83.03,78.93
73.73,131.16,22.74,59.72
61.62,51.51,92.51,75.04
81.79,32.30,93.48,77.74
61.61,70.95,64.91,65.13
88.17,66.27,58.57,68.99
64.15,90.60,23.59,49.16
64.88,91.67,64.96,70.28
90.13,115.00,52.75,76.41
52.28,81.38,81.82,72.87
30.72,24.68,52.31,40.31
22.30,130.16,74.69,70.07
80.41,53.37,28.11,48.85
69.62,145.98,30.64,65.40
76.33,26.50,31.18,43.79
37.04,144.16,23.64,51.76
30.91,22.74,63.31,45.48
21.16,42.35,83.52,56.58
48.05,16.52,68.83,52.13
67.19,108.72,66.00,74.90
51.38,129.04,74.45,78.45
55.00,70.77,47.17,54.24
92.33,139.99,48.96,80.18
47.86,92.64,45.14,55.46
61.12,98.20,76.97,76.46
82.69,128.36,32.93,66.94
51.72,51.55,21.04,36.35
69.77,59.60,67.70,66.70
88.99,136.83,95.39,101.76
95.96,136.13,68.75,90.39
31.77,146.71,82.63,80.19
94.13,136.26,73.82,92.40
59.37,27.83,59.79,53.27
40.66,125.32,77.47,76.00
56.73,67.38,85.93,73.46
98.40,148.71,37.98,78.25
59.41,76.12,46.89,56.49
46.30,87.54,37.90,50.35
70.67,84.17,56.17,66.12
39.21,55.04,90.81,68.18
26.07,20.50,47.62,35.73
30.31,135.39,49.96,61.15
30.24,122.37,88.83,77.96
32.15,29.53,61.23,46.17
31.11,118.75,62.84,64.50
71.27,97.62,88.86,85.34
34.55,67.28,59.24,53.44
47.65,45.56,74.52,60.67
91.74,130.36,26.85,67.02
57.92,108.03,34.29,56.13
73.40,86.68,52.35,65.53
33.79,95.34,59.59,59.00
35.38,22.75,97.26,63.79
23.27,76.35,97.65,71.08
33.51,37.12,88.10,61.53
42.29,39.17,45.25,43.15
34.16,102.58,97.12,79.32
27.10,137.58,75.15,73.22
29.65,66.53,51.44,47.92
56.86,39.08,76.13,62.94
36.51,100.82,21.32,41.78
49.14,131.97,31.69,56.98
60.27,114.76,86.37,84.22
75.23,131.63,71.65,84.72
23.14,85.12,49.14,48.54
83.95,115.26,60.05,78.26
70.23,29.61,92.41,73.20
26.54,58.76,70.53,54.98
89.89,64.54,51.85,65.80
93.67,81.58,29.63,59.23
24.89,140.07,43.50,57.23
42.15,132.40,98.27,88.26
84.50,28.83,54.99,58.61
79.86,34.19,57.75,59.67
34.76,60.07,59.89,52.39
36.75,50.70,90.73,66.53
49.64,96.07,68.31,68.26
58.76,136.39,75.49,82.65
69.46,144.72,51.15,75.36
49.51,101.50,22.33,46.32
57.00,127.34,94.48,89.81
79.80,83.53,95.93,88.61
22.93,39.17,95.93,62.68
40.19,83.46,95.49,76.49
77.07,87.71,85.22,83.27
91.62,113.94,74.77,87.66
60.93,40.78,87.56,70.22
62.57,61.56,68.04,65.10
28.57,60.96,30.75,36.14
55.79,144.32,51.30,71.25
62.61,72.15,97.70,82.06
39.40,115.71,48.09,59.01
41.54,115.11,89.43,80.20
50.18,47.18,27.46,38.22
21.61,90.06,46.73,47.86
45.77,135.20,48.08,64.81
36.92,76.53,24.13,38.45
46.20,142.32,29.53,57.09
29.58,40.02,35.45,34.60
91.24,20.38,87.03,74.96
67.49,134.80,25.07,59.74
74.33,128.68,43.90,69.98
83.13,148.96,20.81,65.14
59.88,105.12,75.65,76.81
26.95,141.14,69.62,71.12
62.97,125.77,71.60,79.84
66.95,128.22,49.95,70.70
79.64,89.68,36.66,60.16
54.53,63.53,77.63,67.88
30.21,140.84,84.89,79.68
42.70,70.50,31.09,42.45
49.05,85.43,58.95,61.28
71.67,72.46,39.90,55.94
65.66,89.07,33.45,54.24
48.49,75.87,78.75,69.10
98.92,16.72,63.05,64.54
68.46,133.49,37.29,65.88
38.98,72.22,44.80,48.54
28.14,92.45,97.33,75.60
32.23,29.49,87.89,59.51
39.68,10.47,90.40,59.20
32.85,44.34,56.80,47.12
34.93,108.64,69.90,67.16
42.81,23.89,50.14,42.69
33.87,137.24,26.22,50.72
91.74,40.10,52.09,61.59
26.42,38.64,67.52,49.41
61.96,35.41,42.97,47.16
52.83,11.96,87.84,62.16
98.59,118.05,32.09,69.23
28.96,132.50,49.37,59.87
51.83,95.98,29.99,49.74
97.56,36.35,52.39,62.73
89.24,49.94,23.17,48.34
85.37,76.63,41.80,61.84
40.63,143.61,52.06,66.94
33.67,44.63,58.25,48.15
73.49,112.43,63.50,76.28
94.35,71.52,42.00,63.61
64.54,51.70,61.84,60.62
65.73,73.83,60.72,64.84
42.40,19.97,45.29,39.36
81.56,121.82,86.42,92.04
34.96,44.06,63.65,51.12
45.89,111.56,46.58,59.37
54.03,19.57,95.79,68.02
60.61,143.71,87.61,90.73
39.39,37.02,98.61,68.53
29.19,133.58,75.38,73.16
68.85,123.33,50.26,70.45
43.09,145.50,42.47,63.26
66.50,76.90,73.07,71.86
32.35,111.84,98.47,81.31
58.49,61.90,70.14,65.00
62.61,35.81,90.53,71.21
24.15,72.03,46.33,44.82
46.93,33.20,52.56,47.00
30.75,147.49,92.50,84.97
25.07,23.47,80.55,52.49
99.20,92.49,98.51,97.51
45.79,97.70,81.98,74.27
84.79,85.33,55.88,70.44
40.37,102.71,62.49,63.90
74.52,26.27,92.04,73.63
80.82,87.70,64.13,73.85
67.65,50.21,40.43,50.55
57.73,141.62,54.85,73.07
52.95,116.69,61.31,69.88
47.91,146.15,27.74,57.47
94.36,15.26,79.50,71.11
86.45,49.92,28.75,50.29
97.20,37.36,52.39,62.83
29.94,11.56,84.37,53.48
78.47,43.93,57.41,61.03
95.07,105.03,87.36,93.21
34.50,42.35,47.35,42.50
25.32,81.26,96.61,72.15
79.29,134.29,36.76,69.03
65.96,107.13,23.06,52.74
87.35,65.25,89.79,84.15
31.18,62.15,80.18,61.87
83.62,73.80,38.56,59.13
36.13,34.79,98.78,67.19
33.09,98.76,60.18,59.77
33.14,60.98,96.09,70.18
85.17,129.33,60.40,81.62
73.22,115.92,57.75,74.03
61.85,95.47,55.93,65.61
48.71,60.99,46.79,50.21
90.18,39.39,62.70,66.28
51.40,118.66,56.20,67.25
85.33,78.10,22.94,52.69
55.13,41.47,40.83,45.25
50.16,37.32,37.05,41.04
57.01,33.16,89.39,68.43
44.11,118.80,67.91,70.95
79.81,42.06,81.09,72.90
60.22,83.73,96.55,83.09
38.58,73.22,71.52,61.98
91.97,91.15,98.61,95.13
50.71,132.80,44.94,64.24
63.48,131.48,34.90,62.79
92.52,73.15,52.26,68.52
69.94,12.15,57.66,52.24
29.35,69.70,91.63,68.56
95.19,94.87,64.80,79.93
70.22,88.09,43.37,60.37
46.79,101.19,79.41,73.98
31.14,31.57,60.47,45.89
83.52,100.51,32.97,61.64
69.61,35.57,66.15,61.07
62.68,115.07,92.91,88.27
91.51,57.47,87.41,82.65
83.09,109.39,66.94,80.28
32.13,16.70,50.17,38.06
44.94,67.10,26.96,40.38
39.88,108.70,57.57,62.49
79.52,41.76,80.17,72.29
22.68,121.34,48.82,55.48
65.59,98.31,38.84,58.76
81.00,92.26,94.51,90.01
90.14,59.50,85.72,81.80
47.37,77.54,71.06,65.25
85.70,93.63,30.94,59.91
28.85,76.14,31.59,39.68
87.72,107.76,28.26,62.00
30.20,70.72,69.30,57.85
51.78,38.32,29.25,37.82
83.78,39.95,87.41,76.83
31.99,10.81,99.44,61.48
38.34,52.13,49.31,46.58
77.78,114.85,56.29,74.45
77.60,121.18,76.93,85.98
71.29,38.35,94.97,76.54
75.52,144.27,91.53,97.28
63.42,80.34,24.61,47.40
40.14,138.38,33.53,56.48
47.66,108.95,80.37,76.27
34.53,111.14,75.11,70.14
92.68,21.91,30.66,47.52
66.67,40.80,60.17,58.25
52.07,11.23,82.47,59.10
56.96,110.26,37.50,57.89
95.78,58.22,89.70,85.23
32.27,120.13,24.24,45.83
66.90,57.45,82.58,72.85
60.47,124.71,69.27,77.72
68.92,28.30,45.22,48.95
21.45,34.27,77.67,52.12
89.77,57.72,82.59,79.77
94.57,67.19,94.71,89.16
65.21,58.82,49.42,56.04
75.73,116.91,74.88,83.54
93.80,23.57,68.21,66.96
76.58,59.17,62.02,65.82
32.20,127.21,91.23,80.72
66.10,19.35,20.25,33.83
68.54,141.93,42.57,70.23
53.93,148.08,63.06,77.33
78.92,22.40,34.26,45.29
94.75,50.78,92.63,84.90
94.05,62.14,71.81,76.55
56.07,118.69,58.23,69.67
29.06,93.43,85.18,69.99
98.79,100.21,56.07,77.71
87.11,116.05,64.69,81.69
29.97,26.52,20.22,24.41
93.67,126.65,49.26,78.06
89.59,108.79,31.10,64.19
61.51,90.83,75.18,74.21
67.30,134.56,58.32,76.26
51.92,108.04,44.14,59.25
24.38,38.24,57.43,43.68
46.82,70.16,36.77,46.46
84.23,79.17,94.01,88.11
20.37,17.73,24.32,21.82
46.68,143.65,89.23,87.35
51.85,28.00,60.91,51.61
62.99,107.64,69.52,75.19
93.59,80.87,44.21,66.36
47.71,13.59,97.34,65.70
47.76,139.46,42.55,63.49
79.00,129.26,67.11,83.11
56.18,83.40,99.47,83.27
37.97,42.05,90.49,65.05
56.20,27.03,62.91,53.72
31.27,60.87,99.23,71.17
34.11,45.76,76.11,57.44
59.87,80.94,36.70,52.50
53.51,145.30,52.45,71.34
93.19,90.49,46.76,69.44
48.99,134.59,47.52,65.38
66.45,101.12,80.84,80.58
70.58,76.53,66.74,69.85
21.05,129.65,23.05,43.77
73.08,75.99,90.20,82.22
34.24,131.61,43.74,58.46
96.89,50.82,99.77,89.12
31.89,28.03,96.34,63.34
53.17,129.74,95.24,89.52
26.83,92.24,84.89,68.94
99.75,134.47,37.65,75.64
60.18,141.30,62.61,77.62
67.63,17.51,37.94,42.76
25.37,80.14,40.77,44.02
80.00,62.50,68.88,70.94
36.79,97.62,23.27,42.20
91.84,121.10,97.56,100.55
36.41,49.28,93.49,67.52
35.26,87.95,50.46,53.40
22.92,109.22,61.23,59.34
57.77,28.82,57.29,51.74
65.19,123.97,90.58,89.64
25.26,94.86,75.09,64.09
82.04,142.94,42.25,74.33
56.26,57.53,55.75,56.26
61.95,25.14,54.32,50.77
55.26,80.91,96.75,81.13
52.06,22.01,34.02,37.03
64.77,145.73,27.17,62.16
32.42,15.42,90.45,58.04
34.55,115.49,91.73,79.33
88.94,83.51,89.74,88.25
95.69,61.61,60.88,71.47
49.86,19.22,72.78,55.19
41.66,97.10,65.07,64.45
71.52,91.93,25.56,52.62
52.70,49.32,67.67,59.51
22.03,137.43,21.09,44.64
32.49,52.58,46.00,43.26
77.28,72.96,94.58,85.07
72.71,86.13,44.32,61.20
22.17,24.03,95.19,59.05
37.76,140.50,40.01,59.43
38.49,62.44,45.16,46.61
73.75,21.31,70.27,61.52
21.58,64.22,80.93,59.78
28.33,94.03,60.11,57.36
83.99,81.91,90.57,86.86
34.28,107.24,23.22,43.34
72.22,17.77,93.78,72.11
39.05,49.84,35.70,39.53
27.96,124.69,90.74,78.70
39.45,21.19,52.07,42.11
77.78,129.77,86.62,92.60
88.46,22.87,73.73,67.98
86.42,126.82,34.08,68.33
51.77,60.51,93.44,74.35
73.45,95.71,39.64,61.00
36.40,31.40,39.53,36.97
43.45,19.26,85.13,59.45
91.71,40.23,28.47,49.79
21.04,27.90,37.76,30.77
26.84,53.74,60.29,48.95
36.63,82.01,86.44,70.61
22.12,92.43,31.80,41.02
34.51,120.58,63.81,66.37
66.64,101.87,76.90,78.82
53.71,95.23,88.85,79.58
91.41,67.65,94.85,88.38
85.40,76.33,82.77,82.27
47.35,68.03,72.23,63.93
40.75,127.90,54.69,65.15
50.38,42.20,28.97,38.04
67.22,10.80,76.78,60.72
41.45,101.18,99.42,82.38
69.93,38.34,78.94,68.12
52.75,134.62,21.34,53.42
64.16,130.27,59.70,75.15
54.89,20.74,69.17,55.20
43.56,24.89,75.17,55.63
95.88,79.32,77.58,83.42
81.09,95.29,64.65,75.71
31.21,48.49,37.87,38.00
89.48,110.35,95.38,96.60
58.99,93.29,75.73,74.22
91.56,55.48,38.95,58.04
83.99,13.55,45.79,50.80
54.02,115.02,93.75,86.09
21.80,40.07,91.00,60.05
41.49,126.83,52.41,64.02
63.33,68.84,23.06,44.30
70.68,90.79,23.88,51.30
40.63,132.21,42.71,59.99
31.15,130.91,70.33,70.69
86.79,62.01,66.74,71.81
98.75,39.24,70.71,72.83
62.06,118.52,77.38,81.01
33.73,70.63,21.52,35.00
41.78,36.89,28.41,34.12
21.47,136.62,48.76,58.14
93.14,37.73,32.39,51.68
29.42,13.61,26.03,24.56
66.12,12.84,71.28,58.04
41.92,97.12,85.23,74.62
64.33,102.63,80.21,79.93
72.11,53.55,85.36,75.02
86.38,54.80,73.27,73.51
36.51,57.53,78.83,61.87
20.88,105.22,41.74,48.18
30.95,18.14,99.44,62.63
92.00,140.08,34.65,72.94
89.91,41.15,37.16,53.78
67.79,149.95,43.11,71.88
68.04,34.01,98.03,76.23
73.20,118.02,99.06,95.09
34.03,41.28,83.59,60.26
93.15,21.32,70.32,67.37
53.50,132.49,61.61,73.35
50.65,130.23,97.65,90.07
61.51,66.50,75.65,69.58
23.76,108.34,95.58,76.59
33.30,87.99,45.32,50.25
79.04,129.41,46.70,72.94
26.62,54.11,88.38,63.00
68.25,83.31,31.99,53.13
39.63,77.95,95.67,75.31
51.14,59.55,60.60,57.55
43.10,134.80,94.11,86.95
48.45,33.22,46.94,44.65
77.52,30.93,77.28,68.08
43.77,90.77,58.63,60.60
65.31,102.05,70.14,75.07
58.08,37.25,60.35,55.05
73.09,64.70,97.37,83.55
94.95,142.52,75.37,94.67
78.61,44.53,40.11,52.54
37.20,103.57,92.77,78.26
22.49,113.62,43.52,51.23
40.98,72.74,49.73,51.71
67.61,141.25,28.17,62.62
24.11,113.13,92.00,75.86
59.71,74.11,42.89,54.18
67.75,89.71,40.71,58.62
46.74,106.97,93.62,82.23
81.67,92.91,84.44,85.30
28.53,133.02,31.29,50.81
26.01,59.96,81.55,60.57
78.26,51.98,93.04,80.39
59.64,39.94,26.28,39.02
75.07,15.29,86.02,68.59
54.79,16.02,63.79,51.54
39.71,131.81,73.54,75.05
85.53,104.98,59.43,76.37
83.95,102.47,75.82,83.59
75.58,96.05,22.73,53.25
41.77,128.89,81.02,78.82
67.22,77.24,22.67,46.95
48.88,131.86,56.42,69.25
27.33,60.32,32.08,36.30
93.39,139.74,85.89,98.91
30.95,107.81,45.09,53.39
96.02,46.00,56.33,66.17
55.68,88.97,54.30,61.65
34.81,84.62,81.80,68.27
63.35,29.31,58.49,54.11
89.84,92.77,83.12,87.07
78.58,54.07,25.88,47.33
84.52,17.33,35.33,46.49
72.70,142.81,64.12,82.43
75.38,99.81,95.77,90.46
87.94,132.77,25.98,65.93
39.97,104.65,23.45,44.65
59.15,59.98,32.52,46.00
37.70,81.78,71.29,63.31
99.01,104.60,51.92,76.58
95.52,144.44,86.04,100.56
23.15,45.51,25.75,28.92
76.45,132.50,35.71,67.29
94.02,139.37,44.00,78.08
34.45,103.86,70.14,66.18
65.44,140.38,74.81,85.11
93.24,65.70,29.94,56.08
22.72,143.42,95.50,83.25
75.79,108.39,47.28,68.06
43.79,15.88,77.05,54.84
93.95,136.96,61.94,86.55
97.68,77.83,37.82,63.78
95.54,74.45,87.70,87.40
57.94,89.31,85.46,77.97
88.96,30.91,51.69,58.71
87.56,75.68,67.09,74.95
45.53,126.36,40.63,59.25
86.31,12.17,75.19,65.92
22.96,48.21,44.72,38.89
67.70,10.34,87.53,66.14
38.40,68.20,37.39,43.86
29.65,111.96,21.18,41.88
26.16,121.83,41.48,52.95
75.70,142.33,35.28,68.82
47.19,95.19,60.66,63.52
77.98,45.65,36.30,50.67
25.23,139.38,81.06,75.97
45.22,118.54,39.31,56.93
63.16,90.42,76.56,75.31
83.26,107.39,66.28,79.60
45.50,139.40,98.90,90.98
70.07,109.74,99.99,92.96
90.88,61.57,89.56,84.36
69.27,109.82,80.80,83.14
38.64,15.64,50.92,40.18
21.95,64.10,80.26,59.54
89.61,66.89,96.53,88.53
21.70,33.36,21.87,24.12
89.98,13.23,63.03,61.16
62.31,28.67,37.44,43.15
95.13,101.65,64.63,81.18
83.90,122.32,57.32,78.29
99.83,148.35,66.06,92.65
48.06,58.49,64.08,58.16
81.38,93.91,96.81,91.60
52.15,141.20,64.17,75.97
58.39,33.39,87.70,68.05
70.20,110.47,45.59,65.95
89.89,115.70,55.05,77.63
98.73,22.46,57.63,62.93
81.46,130.57,42.30,71.70
53.42,123.83,50.38,65.98
53.71,14.68,67.88,52.99
79.01,22.75,66.42,61.46
39.10,16.88,70.91,50.56
28.84,56.86,48.15,44.10
48.37,81.30,45.27,53.41
42.98,84.53,68.93,64.27
43.70,47.47,30.63,37.92
38.69,137.62,40.24,59.25
23.37,61.56,23.37,31.01
21.43,16.38,25.81,22.61
99.02,52.03,39.47,59.85
54.22,84.36,21.56,43.92
50.75,67.15,39.63,48.47
74.37,48.34,72.40,68.18
37.46,28.39,24.89,29.36
96.00,124.68,54.94,81.21
82.91,149.46,93.05,101.29
27.15,56.14,83.30,61.02
53.41,63.43,44.44,50.93
90.33,96.53,93.98,93.40
95.58,110.58,46.37,73.97
57.39,64.88,25.80,43.09
69.07,136.69,99.52,97.82
33.36,88.40,89.60,72.49
99.29,73.05,57.27,73.03
38.53,100.53,73.31,68.32
95.42,143.39,73.70,94.15
71.97,121.24,35.56,63.62
68.62,15.60,36.00,41.71
61.02,56.52,57.57,58.40
38.45,75.88,92.93,73.18
34.12,54.03,20.80,31.44
37.64,108.03,82.60,74.20
34.92,125.68,24.60,47.91
82.37,112.39,58.26,76.32
48.01,148.51,71.03,79.62
24.63,48.16,74.94,54.49
97.53,132.50,24.68,68.10
90.70,117.33,53.49,77.42
94.22,60.71,66.71,73.76
99.59,112.78,25.28,65.07
33.91,24.57,30.81,30.49
51.70,120.51,73.09,76.16
80.66,84.53,61.73,71.97
75.68,50.92,32.95,49.36
32.31,101.81,62.82,61.47
85.27,99.83,93.02,92.06
37.96,39.33,21.25,29.88
37.91,14.26,71.41,49.93
62.96,70.71,25.89,45.98
67.44,89.73,20.52,48.44
66.41,132.72,32.05,62.49
27.32,139.95,53.83,63.10
90.20,84.03,84.19,85.96
41.25,115.53,42.54,56.75
30.36,71.50,70.05,58.43
91.10,114.45,52.89,76.66
96.45,38.67,38.75,56.04
88.97,61.95,61.14,69.65
84.76,98.79,83.80,87.09
72.42,12.54,86.60,67.53
64.07,111.14,87.72,85.31
26.96,126.97,47.08,57.02
52.68,65.88,83.48,70.72
49.82,72.71,36.97,47.97
40.78,129.18,79.07,77.60
77.87,118.59,95.87,95.01
59.67,50.34,21.10,38.52
26.48,55.36,55.23,46.63
37.61,105.04,71.82,68.20
74.66,88.85,76.14,78.24
26.09,32.71,34.09,31.41
88.10,53.39,97.77,85.99
59.61,136.00,69.22,79.69
58.45,106.34,33.15,55.38
67.39,148.04,21.64,60.65
85.97,117.38,82.66,90.60
47.82,141.88,26.38,55.91
74.24,40.27,31.28,45.97
65.26,118.01,65.99,76.18
41.36,12.83,68.28,49.11
90.29,103.91,74.95,85.34
83.79,75.70,51.48,66.02
72.68,58.55,81.91,74.47
88.05,130.74,97.95,101.54
89.38,129.60,41.69,73.58
76.67,13.12,76.24,63.74
86.96,95.33,94.28,92.29
75.80,61.50,74.90,72.49
74.41,68.19,74.49,73.21
69.49,126.49,37.90,65.09
80.22,53.38,62.81,66.15
32.69,142.03,65.00,70.71
90.47,35.15,76.01,72.18
89.75,102.78,99.75,97.36
22.34,104.09,22.69,38.87
86.07,45.31,25.22,47.49
30.31,55.47,26.24,33.31
46.81,126.87,79.44,79.14
79.48,116.65,30.91,62.63
32.86,56.07,69.80,55.97
85.44,84.75,45.97,65.57
86.57,18.64,56.59,57.99
60.60,39.22,37.25,44.65
20.51,78.01,89.29,66.40
42.96,22.04,66.89,50.74
69.35,128.07,95.57,94.20
98.49,110.52,65.97,84.64
70.55,142.11,29.91,64.54
40.78,107.09,33.67,50.49
70.72,141.66,99.13,99.11
63.20,87.63,78.05,75.51
82.39,94.03,23.94,55.49
28.56,146.78,76.30,76.07
80.88,99.90,52.97,70.73
63.30,14.31,44.58,44.14
97.04,111.33,32.32,67.54
47.35,136.77,87.19,85.15
70.61,121.38,25.11,58.01
94.56,91.74,43.19,68.31
28.20,103.98,44.51,51.51
94.98,148.63,32.87,74.66
75.03,22.69,60.65,57.37
25.43,103.41,20.94,38.78
44.08,49.68,44.08,45.20
76.65,99.61,94.69,90.26
25.39,95.07,44.84,49.05
66.57,31.48,48.84,50.69
47.67,38.94,57.85,51.01
69.67,97.03,64.94,72.78
23.66,27.95,84.70,55.04
89.72,47.13,35.23,53.96
97.88,126.93,89.74,99.62
97.51,55.79,80.60,80.71
79.97,78.33,77.81,78.56
30.41,141.76,26.94,50.95
80.66,41.80,21.73,43.42
21.97,64.55,67.52,53.26
21.77,94.90,89.05,70.04
45.89,115.75,66.76,70.30
59.09,136.23,37.06,63.50
81.63,138.17,27.24,65.74
74.66,118.73,75.97,84.13
55.67,41.97,77.74,63.96
41.89,13.47,33.80,32.16
99.77,63.73,22.26,53.81
54.09,29.82,52.66,48.52
56.11,109.45,66.62,72.03
33.09,102.56,76.48,68.68
83.58,16.16,84.80,70.71
75.49,127.12,68.84,82.49
37.66,44.82,28.87,34.70
26.59,70.51,74.61,59.38
74.44,103.51,98.73,92.40
72.36,70.12,92.45,81.96
41.86,71.78,89.73,71.78
96.07,19.19,44.17,54.74
32.08,66.20,80.06,62.89
54.59,117.08,88.09,83.84
95.49,138.12,74.27,93.41
53.58,67.89,40.04,49.67
71.08,69.30,96.31,83.34
51.81,108.37,56.07,65.25
41.94,141.99,30.38,56.17
98.72,47.39,28.78,53.48
52.75,71.62,71.80,66.05
91.53,121.44,55.02,79.26
38.40,95.36,27.56,44.37
37.05,25.48,79.23,55.83
22.49,97.88,83.95,68.30
72.13,36.14,78.03,67.88
49.48,81.43,36.18,49.22
89.15,84.07,75.18,81.15
57.86,132.67,20.86,54.32
97.46,74.75,44.41,66.39
34.84,49.12,51.91,46.23
89.49,42.34,86.82,78.72
82.13,132.40,51.23,76.73
81.67,33.94,20.90,41.74
87.58,69.62,48.19,64.29
80.88,36.20,59.91,61.46
70.10,118.26,95.92,92.64
30.50,76.41,95.28,72.07
22.60,59.16,34.47,35.85
93.67,60.55,34.81,57.62
69.33,129.31,33.07,63.20
83.72,87.53,83.11,84.18
58.52,110.50,20.48,49.90
29.38,135.59,30.17,51.02
30.01,136.24,63.04,67.77
74.85,55.99,39.80,53.55
54.42,143.34,27.39,58.69
36.04,13.48,48.79,37.90
59.33,62.76,41.94,51.32
25.14,135.41,60.89,65.07
66.56,48.45,98.34,78.83
41.52,48.23,29.94,37.07
83.80,52.37,49.82,60.52
44.83,95.72,94.56,79.87
56.42,71.37,90.15,76.28
20.93,111.74,51.54,54.40
25.80,135.29,75.92,72.76
51.40,104.39,27.03,49.81
58.40,38.63,77.00,63.75
68.00,140.58,97.83,97.43
43.33,47.03,63.00,53.91
75.60,30.99,59.88,58.82
88.81,22.60,34.99,48.66
82.39,88.87,70.70,77.84
23.17,25.93,67.23,45.75
58.44,29.43,72.15,59.49
28.39,52.00,22.09,29.96
39.36,49.43,63.90,53.64
98.93,94.59,67.59,82.39
31.40,124.34,36.60,52.59
59.91,116.59,36.67,59.63
69.45,46.75,42.10,51.23
76.20,44.34,76.94,70.20
64.77,145.21,68.50,82.72
20.78,11.15,87.66,52.29
46.12,133.16,43.65,62.29
61.42,37.96,92.97,72.50
27.03,142.62,79.50,76.38
48.05,57.92,51.60,51.80
22.66,71.65,27.62,34.94
26.29,109.00,40.56,49.97
51.75,92.27,96.54,82.25
30.62,54.51,44.83,42.50
65.40,87.54,46.39,60.32
75.16,112.30,35.17,62.59
84.05,15.93,84.55,70.68
36.01,11.57,42.05,34.14
33.40,74.13,46.42,48.06
28.37,28.46,53.15,40.78
70.91,103.01,54.70,69.22
76.52,39.97,52.91,57.41
22.53,70.60,60.30,51.03
94.90,37.67,85.16,78.58
24.16,86.79,85.54,67.38
63.30,26.25,83.87,66.17
76.72,13.23,28.09,39.71
89.68,17.16,83.97,72.32
77.13,143.60,29.62,66.67
84.14,29.92,29.98,46.22
47.16,109.19,95.83,83.90
85.19,19.51,85.55,72.23
26.41,25.14,64.19,45.05
91.59,81.24,90.00,88.72
63.81,75.08,99.15,83.73
85.38,143.22,68.85,88.68
56.19,142.28,69.03,79.83
71.49,119.15,80.35,85.45
62.11,94.29,38.57,56.78
78.53,73.69,33.37,54.98
26.53,59.86,80.77,60.32
24.83,142.59,47.59,59.76
39.77,94.41,30.81,46.22
32.76,91.07,45.19,50.64
89.74,42.47,48.69,59.76
37.54,16.54,97.22,63.18
98.07,142.33,75.84,95.81
46.95,53.92,62.47,56.10
34.57,71.96,97.51,73.52
83.18,26.05,92.25,76.29
72.70,127.17,60.96,77.72
59.86,13.87,92.45,66.96
64.43,126.76,52.34,70.85
77.54,29.64,38.43,48.41
38.28,134.12,38.61,57.61
99.71,112.17,72.99,88.84
97.98,33.05,60.09,66.05
72.03,89.21,72.72,75.81
35.96,53.77,74.89,58.99
74.42,34.95,21.79,40.21
25.78,130.29,24.32,45.95
22.45,66.49,62.61,51.34
40.61,65.80,35.28,42.98
57.01,33.78,70.60,59.16
89.46,63.63,64.17,71.65
78.17,132.03,66.86,83.29
79.42,60.84,44.20,58.09
54.04,143.22,71.19,80.45
47.67,142.48,86.36,85.98
49.68,30.29,99.85,70.89
99.01,34.82,87.08,80.21
23.21,130.77,64.60,65.42
89.36,64.99,35.47,57.54
66.29,10.61,74.52,59.27
55.09,48.34,95.01,73.70
78.02,93.67,36.95,60.62
58.93,121.90,40.48,62.30
89.87,28.67,31.92,48.66
92.06,25.48,78.94,72.18
53.74,139.09,52.52,70.20
42.15,115.16,25.02,48.19
67.39,92.57,90.00,83.73
92.99,117.69,64.61,83.74
36.85,70.04,46.49,48.31
69.84,116.18,47.52,67.95
70.52,62.05,43.22,55.18
78.65,44.17,56.44,60.65
30.53,112.06,46.96,55.05
77.27,68.75,63.84,68.85
92.72,147.39,81.88,98.23
34.37,58.93,73.96,59.08
39.00,139.04,43.56,61.29
97.71,140.61,62.30,88.59
34.48,43.86,87.21,62.72
88.35,121.75,25.46,63.58
59.38,70.63,26.26,45.07
39.78,138.45,64.49,71.87
89.66,73.02,71.13,77.07
55.62,114.20,36.91,57.98
61.19,75.38,79.62,73.24
48.74,41.89,71.70,58.85
67.44,37.91,93.86,74.74
33.08,69.56,33.52,40.60
51.29,115.77,80.11,78.60
97.55,94.71,26.69,61.55
40.65,106.41,65.22,66.09
72.54,49.53,64.15,63.74
46.02,77.40,51.07,54.82
81.88,16.22,87.57,71.59
30.47,124.45,20.35,44.21
97.59,148.58,61.61,89.80
56.30,66.96,37.37,48.97
38.88,11.53,79.48,53.71
25.88,33.77,23.45,26.24
33.58,101.35,86.52,73.60
61.58,95.69,87.05,81.14
46.96,120.30,86.63,81.46
86.31,45.54,32.21,51.11
54.47,116.91,70.43,74.94
39.90,106.32,21.15,43.81
69.37,55.19,87.84,75.77
76.54,86.37,77.84,79.16
33.36,30.62,62.49,47.38
33.41,73.36,78.45,63.92
22.93,133.37,27.55,47.33
78.91,68.97,62.29,68.61
73.10,127.54,43.30,69.09
57.97,92.64,97.81,84.82
87.53,36.86,88.57,77.92
84.45,91.35,78.66,82.94
66.83,80.84,94.70,83.57
89.46,65.81,47.75,63.88
36.47,26.75,92.07,62.33
28.95,68.34,46.02,45.36
41.58,20.19,78.62,55.82
24.57,23.83,78.91,51.59
62.49,68.23,21.47,43.13
94.93,52.75,48.88,63.47
23.15,139.58,21.55,45.64
29.77,62.60,99.77,71.34
56.18,116.10,29.78,54.96
94.71,84.23,63.42,76.97
45.29,108.57,83.24,76.92
60.58,46.42,36.10,45.51
23.33,141.87,58.80,64.77
31.87,84.21,68.59,60.70
98.93,126.39,32.82,71.37
97.21,61.11,82.28,82.53
20.40,24.03,43.95,32.90
96.14,104.32,36.88,68.15
71.13,11.09,64.66,55.89
89.43,76.54,52.83,68.55
56.38,36.99,93.62,71.12
61.25,97.83,90.41,83.15
59.11,147.12,58.67,76.49
73.35,75.02,48.74,61.38
31.17,124.45,46.04,57.26
22.40,81.09,41.41,43.64
44.63,79.42,63.56,61.05
76.37,140.26,84.40,93.16
36.15,134.60,44.86,60.20
73.87,120.01,35.21,63.77
97.59,51.48,58.04,68.59
27.51,86.30,25.52,38.27
73.81,41.35,76.10,68.46
55.50,72.15,61.47,61.81
89.45,77.79,59.71,72.25
34.17,126.43,44.04,57.56
75.41,135.44,92.37,95.90
87.05,68.05,27.24,53.34
95.57,12.48,89.59,75.96
74.66,130.65,50.14,73.60
59.77,34.40,90.45,70.04
69.43,97.06,78.30,79.39
89.51,13.50,28.33,43.72
65.65,65.93,86.52,76.14
22.43,148.03,74.57,73.62
94.48,24.10,22.58,44.45
75.16,69.32,30.70,51.76
74.12,53.00,70.85,68.26
37.25,136.71,73.01,75.02
72.71,131.71,79.73,88.02
51.51,43.28,77.62,62.92
72.10,21.37,72.76,62.28
28.53,97.80,81.30,68.77
72.63,57.09,66.01,66.21
99.95,104.09,40.86,71.23
23.86,14.50,92.99,56.55
98.17,28.68,21.46,45.92
52.55,106.09,49.32,61.64
89.66,39.73,78.31,74.00
82.59,130.06,54.17,77.87
65.36,18.20,21.99,34.24
79.08,40.17,25.28,44.40
90.28,149.80,71.89,92.99
52.33,70.63,97.19,78.42
46.16,108.42,64.15,67.61
73.41,35.57,60.54,59.41
84.63,95.38,45.47,67.20
80.98,111.65,40.54,66.89
83.83,54.03,21.68,46.80
54.85,126.05,41.84,62.59
85.43,94.48,55.93,72.49
29.62,64.48,35.84,39.70
63.56,88.07,26.99,50.18
20.46,90.75,77.42,63.00
45.97,33.17,91.57,66.21
49.32,66.38,94.94,75.54
51.69,58.08,69.44,61.84
75.64,66.13,24.22,48.03
51.08,116.56,79.27,78.27
55.90,77.56,28.81,46.69
39.00,141.64,73.58,76.82
49.86,51.11,82.35,66.35
38.18,68.20,78.07,64.13
25.86,120.17,96.15,79.87
68.28,86.44,79.05,77.30
73.46,86.58,75.46,77.08
69.56,17.47,40.94,44.83
57.08,65.80,93.98,77.27
50.38,47.90,34.36,41.87
89.07,149.91,92.39,102.90
61.53,53.17,45.01,51.60
58.33,133.83,30.41,59.47
22.05,104.67,86.13,70.61
47.30,57.73,20.20,35.84
50.42,86.09,86.57,75.63
51.91,127.68,40.98,61.60
66.41,133.67,90.78,92.05
62.69,32.46,75.32,62.96
68.63,57.54,73.29,68.74
81.19,56.93,49.23,60.36
85.04,15.89,24.75,41.06
77.45,93.75,86.41,85.19
96.44,129.67,33.67,71.70
21.46,63.42,49.78,44.01
35.66,113.61,68.03,67.44
20.61,97.88,58.58,55.05
71.80,62.59,35.89,52.00
91.84,29.75,31.25,49.13
39.48,109.31,29.86,48.64
94.16,129.64,89.04,98.70
24.82,106.02,22.52,39.91
94.75,12.50,98.16,80.00
48.13,40.27,35.88,40.43
28.11,19.73,28.83,26.79
58.87,89.85,66.16,68.71
40.54,115.91,26.40,48.54
42.79,25.48,68.20,52.03
44.58,127.37,88.05,82.87
84.24,87.77,23.83,54.74
63.13,106.60,83.99,82.25
44.90,146.00,51.56,68.45
68.83,21.72,32.76,41.37
77.29,136.17,34.09,67.47
41.81,27.65,93.50,64.82
53.08,65.01,28.85,43.35
29.75,129.20,89.34,79.44
34.49,136.88,63.54,69.49
74.49,80.89,23.12,50.09
34.52,93.17,57.16,57.57
62.01,109.14,85.40,83.13
76.72,126.59,78.10,87.38
28.55,27.01,59.10,43.52
65.38,123.41,88.80,88.70
40.53,77.38,29.63,42.45
97.03,73.09,92.80,90.13
58.68,69.35,87.72,75.33
84.48,81.29,76.66,79.93
64.02,142.31,85.43,90.38
23.47,86.75,63.51,56.15
70.65,143.44,74.01,86.89
96.11,35.24,64.85,68.31
68.13,111.38,48.43,66.93
85.54,123.71,65.51,83.16
90.74,105.08,40.60,68.54
38.25,94.97,55.22,58.08
36.96,89.07,42.46,50.13
68.88,130.53,29.83,61.68
52.88,125.03,45.75,63.74
87.19,27.12,88.16,75.66
92.00,128.80,50.49,78.61
48.27,67.97,79.84,68.00
38.95,45.52,34.02,37.80
82.44,131.77,53.95,78.06
41.98,70.48,29.19,41.29
85.81,123.17,31.09,65.92
53.90,46.88,69.39,60.24
73.40,10.55,68.60,58.43
27.64,79.36,37.07,42.70
69.91,24.03,57.95,54.75
56.14,115.61,89.06,84.49
66.93,48.65,33.94,46.78
33.44,72.11,21.54,35.22
78.95,22.18,72.16,64.20
89.02,50.13,24.28,48.87
37.34,119.41,98.40,84.28
27.66,31.22,68.77,48.93
21.89,100.60,57.63,55.50
71.36,138.44,54.40,76.30
68.57,105.18,65.85,74.53
63.74,123.54,27.25,57.46
38.56,25.26,94.40,63.82
51.27,45.10,70.05,59.43
67.56,135.24,34.72,64.68
59.74,110.11,65.01,72.45
99.02,99.54,30.66,64.94
30.92,102.93,21.40,40.56
75.61,67.99,70.44,71.50
52.35,16.24,71.88,54.89
54.26,119.82,66.70,73.59
77.41,105.02,34.68,61.57
75.39,76.19,68.27,71.99
99.30,135.97,24.52,69.24
30.27,57.06,68.74,54.86
28.33,51.21,64.32,50.90
77.95,132.19,72.42,86.03
66.27,121.58,91.64,90.02
41.93,82.10,88.03,73.01
26.35,28.30,98.45,62.79
26.85,40.11,98.10,65.13
91.54,101.87,81.79,88.73
35.35,63.91,96.51,71.64
45.87,127.11,89.38,83.87
38.13,142.99,78.21,79.14
48.40,122.79,26.03,52.09
25.55,62.86,23.92,32.20
61.52,120.42,87.01,86.05
25.41,59.20,59.17,49.05
84.03,33.39,85.17,74.47
38.70,14.68,45.03,37.06
63.20,64.00,51.81,57.67
90.41,136.50,76.01,92.43
72.07,43.46,93.23,76.93
62.64,38.91,27.02,40.08
45.95,145.77,88.92,87.40
46.64,13.50,83.44,58.41
73.56,120.01,45.24,68.69
99.53,54.99,48.42,65.07
72.95,15.25,23.72,36.80
64.62,138.49,21.26,57.71
78.45,29.55,58.16,58.52
57.22,87.25,27.64,48.44
24.81,48.37,35.52,34.88
64.98,19.13,87.74,67.19
96.61,16.99,65.68,65.22
34.02,26.18,70.69,50.79
75.20,19.99,35.00,44.06
36.07,116.48,86.29,77.26
62.87,77.98,89.44,79.18
27.73,58.00,61.87,50.85
56.03,68.57,93.00,77.02
80.49,140.05,87.59,95.95
47.81,137.51,78.51,81.10
73.19,110.19,78.73,83.36
83.64,133.86,28.43,66.08
94.17,54.75,41.67,60.04
38.77,63.36,25.35,36.98
51.95,95.92,20.69,45.11
32.19,97.31,32.66,45.45
99.40,77.44,90.44,90.53
94.16,66.09,39.19,61.06
63.20,148.07,97.61,97.38
87.36,124.96,67.78,85.09
61.68,70.90,38.98,52.17
69.89,111.82,59.77,73.22
27.13,47.74,37.53,36.45
80.42,24.02,98.72,78.29
30.22,59.34,87.78,64.82
86.09,66.42,22.10,50.16
82.56,12.32,95.82,75.14
76.70,124.07,77.69,86.67
22.89,60.29,26.59,32.22
44.25,91.26,73.65,68.35
41.05,20.35,71.75,52.26
48.81,34.50,37.50,40.29
27.01,134.56,80.68,75.36
94.96,95.22,26.97,61.02
64.30,143.04,59.16,77.48
44.44,149.83,20.79,53.69
51.76,62.06,97.50,76.69
55.78,51.83,80.13,67.16
68.05,130.17,32.71,62.80
61.25,149.81,47.33,72.00
93.55,98.15,32.84,64.12
59.76,121.32,81.33,82.86
99.37,119.44,24.71,66.05
88.11,59.75,87.23,82.00
36.68,90.40,95.38,76.77
94.45,126.63,74.13,90.73
29.31,106.34,37.04,48.58
85.40,12.96,48.81,52.62
50.45,57.14,58.18,55.65
90.24,30.23,68.37,67.30
89.44,42.62,73.49,72.10
84.47,136.77,64.34,84.87
83.20,15.17,48.11,52.05
44.37,40.77,91.27,67.10
26.47,53.34,26.51,31.86
52.24,96.36,57.30,63.59
33.88,84.77,82.05,68.14
75.60,40.56,24.87,43.23
47.69,32.99,76.43,59.12
98.05,43.15,85.58,80.84
71.28,80.35,72.87,73.89
85.80,47.96,21.03,45.85
30.60,142.66,34.41,54.92
88.96,74.94,47.37,65.36
93.82,18.23,38.70,51.14
58.96,112.10,97.01,88.61
68.50,56.04,72.13,67.82
81.18,101.49,43.76,66.53
33.99,49.14,94.38,67.22
60.21,89.90,79.25,75.67
51.89,118.10,42.77,60.57
31.71,139.92,50.31,62.65
49.40,46.56,35.95,42.11
25.45,56.88,97.69,67.86
22.06,75.00,61.38,52.31
30.81,139.80,91.68,83.04
97.05,136.19,47.72,80.21
63.96,22.58,88.87,68.14
97.27,28.47,24.31,47.03
54.60,79.37,98.57,81.54
44.95,24.93,92.96,64.95
60.49,58.38,49.06,54.35
55.16,30.77,81.98,63.69
28.45,99.05,80.18,68.44
71.27,142.93,92.10,96.02
37.28,149.54,44.58,63.38
69.57,62.53,57.24,62.00
72.02,93.86,89.20,84.98
32.16,129.88,82.29,76.77
24.91,26.44,51.48,38.50
82.46,106.54,87.66,89.88
56.78,67.24,23.76,42.36
24.65,38.86,82.56,56.45
99.59,66.39,36.54,61.42
24.62,20.63,42.89,32.96
75.60,107.36,59.46,73.88
98.69,45.38,55.98,66.67
39.13,53.60,61.65,53.28
31.38,26.95,63.58,46.59
29.71,131.05,46.52,58.38
44.26,79.08,34.02,46.10
28.08,90.10,81.48,67.18
75.37,89.72,52.00,66.56
24.98,67.47,60.47,51.22
60.75,36.95,71.58,61.41
99.74,114.32,92.77,99.17
85.12,27.79,76.60,69.39
69.22,24.54,23.64,37.49
44.50,109.42,87.08,78.77
69.91,39.24,99.15,78.40
62.16,52.95,57.80,58.14
54.09,76.53,97.57,80.32
30.46,72.91,63.79,55.62
90.93,109.20,56.77,77.50
55.98,97.28,46.51,59.50
35.57,100.22,72.60,67.02
49.42,109.97,38.39,56.02
53.13,50.97,28.39,40.33
86.20,55.13,22.18,47.98
78.69,71.32,43.39,59.57
81.54,53.04,51.66,60.90
20.88,147.89,64.17,67.93
53.29,123.97,43.42,62.49
58.51,33.05,98.72,73.52
21.54,10.78,43.34,30.29
40.79,15.99,55.28,43.08
80.82,44.17,28.26,47.21
30.97,26.00,40.85,34.92
62.82,84.67,23.87,47.72
37.22,130.12,64.76,69.57
20.97,113.15,80.09,68.97
39.30,40.19,35.66,37.66
98.07,65.90,49.43,67.32
84.12,81.11,21.33,52.12
96.77,123.43,87.16,97.30
59.03,127.48,82.40,84.41
28.78,137.36,25.06,48.64
63.84,81.29,49.19,60.01
56.35,107.20,96.42,86.56
87.55,25.65,51.36,57.08
27.85,89.14,62.10,57.23
59.06,44.82,48.42,50.89
32.00,70.44,67.69,57.53
45.97,98.77,98.25,82.67
78.99,45.98,99.80,82.79
58.08,17.31,81.98,61.88
50.07,11.43,52.34,43.48
51.56,13.10,59.55,47.86
56.76,11.17,48.54,43.53
82.80,25.45,98.85,79.35
91.37,43.53,76.62,74.43
96.43,40.97,55.91,65.08
82.95,148.15,20.97,65.00
45.23,52.84,61.64,54.96
75.05,27.84,98.71,77.44
55.01,86.38,61.84,64.70
40.37,130.11,34.59,55.43
87.27,104.93,21.77,58.05
23.07,51.45,48.38,41.40
92.14,88.63,93.46,92.10
56.92,110.08,99.72,88.95
70.98,111.93,95.63,91.50
72.75,103.32,78.35,81.66
91.61,131.91,64.65,86.19
70.93,131.81,67.25,81.27
69.11,91.05,63.12,70.50
25.33,70.18,76.56,59.92
61.47,99.82,53.51,65.16
32.01,124.55,73.54,71.28
78.99,10.79,29.73,40.72
60.98,148.88,41.26,68.70
74.42,35.61,86.88,72.89
23.33,75.83,92.30,68.31
26.78,132.08,63.12,66.01
77.31,41.51,22.53,42.76
25.77,76.75,94.16,70.16
25.70,28.56,76.17,51.51
20.97,65.31,53.12,45.91
96.52,34.80,67.87,69.85
79.00,60.91,54.38,63.07
48.26,62.28,57.23,55.55
43.72,149.04,90.94,88.39
47.98,149.27,32.89,60.69
81.97,26.07,28.29,43.95
72.91,111.64,20.22,54.31
34.82,17.24,45.12,36.45
33.93,14.23,31.79,28.92
27.87,24.75,37.60,32.11
72.82,145.17,20.90,61.33
81.15,141.72,38.18,71.78
41.20,37.15,46.62,43.10
21.68,32.63,22.53,24.30
26.57,43.67,68.63,51.02
97.43,82.18,65.50,78.42
43.64,89.76,27.76,44.92
81.54,41.02,67.60,66.47
69.97,115.93,99.89,94.12
50.56,53.34,95.56,73.62
36.45,139.10,20.21,48.86
29.71,101.94,83.63,71.12
69.20,71.09,48.29,59.12
81.97,120.59,25.09,61.25
71.51,124.51,43.68,68.20
62.42,50.67,45.74,51.73
23.36,57.56,61.86,49.45
97.48,141.03,72.89,93.90
83.90,33.06,79.92,71.74
43.43,15.90,39.67,36.04
98.40,73.57,45.74,67.10
68.15,122.17,44.67,67.21
66.59,118.03,49.02,68.09
79.85,138.73,99.97,101.69
84.94,84.65,82.24,83.53
72.52,24.01,98.00,75.56
30.25,92.42,75.45,65.28
47.06,118.98,52.50,64.16
94.25,23.07,51.18,58.48
37.97,34.17,59.09,47.77
49.77,11.72,53.35,43.95
54.57,93.11,86.27,78.13
55.15,134.14,57.20,71.97
69.04,103.89,43.65,63.31
95.45,147.49,81.99,99.13
39.26,18.82,88.35,59.72
29.72,136.42,53.63,63.02
35.80,123.97,73.42,72.24
90.95,53.99,24.70,50.43
71.66,146.29,62.36,81.94
42.87,50.31,23.60,34.72
85.28,134.50,22.34,63.65
88.91,133.30,69.03,87.85
87.72,116.07,44.27,71.66
93.51,88.89,79.40,85.53
40.18,26.80,91.69,63.26
80.40,84.48,31.15,56.59
56.84,59.95,77.96,68.02
87.36,120.91,61.16,80.97
78.28,116.14,28.97,61.20
82.12,137.49,72.13,88.20
72.49,12.08,68.76,58.54
34.19,123.27,61.25,65.54
63.60,141.38,94.12,94.42
98.77,120.50,61.69,84.58
94.99,28.23,99.24,83.76
23.45,21.38,60.74,41.68
33.19,12.92,29.27,27.18
30.54,98.02,57.64,57.59
78.08,98.15,34.59,60.35
85.42,148.17,67.77,89.14
37.08,65.73,75.45,62.00
60.47,56.47,57.47,58.17
87.26,97.42,27.82,59.57
78.62,125.59,57.49,77.45
63.38,141.15,26.52,60.50
67.23,122.44,74.57,81.94
60.67,69.73,83.23,73.76
43.80,98.89,96.99,81.41
65.20,129.88,31.90,61.49
75.11,78.69,62.59,69.57
89.87,40.34,65.40,67.73
70.90,33.76,93.80,74.92
80.89,10.02,70.18,61.36
32.81,110.55,31.64,47.77
56.92,25.55,54.91,49.64
20.75,44.14,72.38,51.24
39.73,51.70,76.02,60.27
78.12,88.45,89.05,85.65
99.34,65.71,34.44,60.16
27.93,104.45,96.12,77.33
52.12,17.79,24.73,31.56
84.01,27.35,98.70,80.02
36.32,79.89,88.62,71.18
64.41,57.18,72.82,67.17
78.65,51.41,78.80,73.28
69.28,19.38,25.82,37.57
35.04,135.40,23.32,49.25
48.43,106.85,28.14,49.97
82.70,27.03,26.99,43.71
64.34,19.11,63.79,55.02
20.42,146.48,37.24,54.04
80.88,105.36,88.82,89.75
22.82,68.44,55.66,48.36
79.66,108.24,75.64,83.37
36.20,115.89,72.23,70.15
96.65,119.19,45.59,75.63
49.44,76.90,39.45,49.94
46.15,70.18,47.40,51.58
31.91,11.54,83.73,53.75
44.45,139.72,66.90,74.73
90.13,94.46,40.28,66.07
99.71,38.44,85.43,80.32
49.46,138.74,24.38,54.78
55.89,138.09,75.93,82.35
77.77,148.49,55.13,80.59
90.90,132.37,78.50,92.99
67.44,149.69,94.20,97.27
51.32,44.26,80.00,64.25
53.01,127.91,55.36,69.16
75.65,125.22,32.08,63.78
20.26,42.33,84.51,56.80
69.57,23.78,56.86,54.06
48.44,147.12,26.02,56.97
83.54,51.44,77.52,74.11
27.44,131.92,43.35,56.29
67.06,10.58,23.91,34.19
58.48,12.94,92.22,66.24
71.39,75.22,58.65,65.79
25.19,43.42,42.48,37.48
66.40,106.58,77.31,79.89
64.92,89.18,90.87,82.75
64.85,20.85,20.02,33.63
68.28,32.77,75.03,64.55
74.12,64.33,81.36,75.78
84.40,35.98,36.79,50.91
41.59,120.91,59.17,66.24
86.00,68.25,27.14,53.02
59.86,23.08,79.74,62.44
26.16,77.81,87.80,67.31
24.68,22.72,28.65,26.27
46.74,28.05,85.32,62.29
82.79,43.55,81.73,74.41
76.61,130.33,47.75,72.92
83.09,139.45,75.22,90.43
61.38,125.68,20.00,53.55
55.22,56.77,94.54,75.19
31.80,48.14,64.03,51.18
46.26,86.88,69.63,66.07
54.72,111.06,73.17,75.21
27.09,149.07,64.91,70.40
37.65,28.42,88.54,61.25
67.86,16.90,68.78,58.13
78.85,107.21,92.62,91.41
99.87,126.51,66.59,88.56
94.65,128.49,33.69,70.94
71.41,104.98,93.09,88.96
53.70,143.56,74.53,82.09
70.89,81.54,75.94,75.55
82.85,137.93,98.84,101.86
29.47,145.49,26.02,50.95
52.79,128.60,54.29,68.70
87.18,53.37,39.13,56.39
50.71,37.47,70.43,57.92
65.75,86.74,84.54,79.34
67.02,73.42,97.30,83.44
34.76,132.89,56.37,65.19
48.98,24.00,82.90,60.94
46.76,46.08,93.36,69.92
22.10,115.25,74.67,67.02
21.94,23.30,39.42,30.95
86.54,54.91,68.63,71.26
41.85,64.20,97.60,74.19
61.45,97.16,99.00,87.37
43.90,32.14,71.39,55.29
95.25,130.48,90.96,100.15
40.74,72.66,36.03,44.77
54.37,138.38,39.69,63.83
89.82,75.50,96.23,90.16
87.35,48.51,30.82,51.32
34.89,29.86,35.29,34.08
84.21,10.52,53.64,54.19
56.65,84.50,67.17,67.48
58.64,25.00,68.31,56.75
30.68,64.84,43.36,43.85
26.45,92.50,93.65,73.26
78.24,48.60,93.21,79.80
59.72,34.53,51.37,50.51
54.95,118.46,54.74,67.55
78.36,142.55,76.20,90.12
81.24,24.06,73.04,65.70
32.71,31.78,50.58,41.46
68.82,144.40,53.14,76.10
30.83,15.29,47.84,36.23
80.11,146.87,38.83,72.82
72.56,10.65,56.65,52.22
96.53,132.31,74.91,92.88
25.52,53.03,79.36,57.94
24.56,141.40,82.31,76.80
42.57,54.37,49.98,48.63
40.94,101.60,81.17,73.19
39.76,21.20,20.52,26.43
92.50,43.93,58.16,65.62
39.96,118.32,83.51,77.41
41.76,84.02,70.40,64.53
80.75,139.92,57.93,81.17
55.98,70.03,71.57,66.58
82.14,131.77,92.56,97.28
25.23,72.85,65.31,54.79
59.01,147.09,83.98,89.11
22.69,144.38,98.46,84.91
25.01,56.08,76.45,56.94
92.51,134.03,65.87,87.49
31.14,128.67,23.00,46.58
62.59,39.50,49.96,51.66
52.89,97.40,65.24,67.97
47.79,20.18,83.78,60.26
91.99,127.14,55.05,80.55
21.75,34.44,96.80,61.81
73.10,19.91,41.74,46.78
97.07,66.03,79.57,82.11
64.81,90.77,53.52,64.36
94.95,129.69,58.88,83.86
24.18,146.39,84.20,78.63
53.50,71.53,43.70,52.21
40.81,18.46,27.74,29.80
78.47,114.88,61.62,77.33
98.50,89.12,62.30,78.52
40.52,72.70,83.77,68.58
72.33,53.30,97.47,81.09
35.85,80.34,24.42,39.03
65.23,57.42,67.34,64.72
57.11,115.98,74.50,77.58
97.76,86.15,98.86,95.99
68.68,132.76,95.41,94.86
47.96,86.10,77.00,70.11
29.13,43.36,61.74,48.28
32.10,129.15,32.92,51.92
38.03,88.01,50.73,54.38
40.08,38.96,66.81,53.22
88.05,97.29,78.02,84.88
64.90,60.08,70.83,66.90
61.87,128.22,77.13,82.77
29.18,73.46,54.33,50.61
88.81,111.70,78.21,88.09
77.83,23.38,31.50,43.77
25.41,65.44,33.01,37.22
76.63,147.65,33.03,69.03
63.48,123.18,91.27,89.31
26.54,32.39,26.08,27.48
56.66,48.89,84.12,68.84
58.78,56.17,38.69,48.21
33.26,101.05,57.47,58.92
95.66,115.98,93.28,98.53
88.00,114.93,66.87,82.82
73.52,81.38,36.81,56.74
56.98,123.51,42.73,63.16
52.94,71.19,93.64,76.94
72.08,27.34,54.17,54.18
63.63,89.02,66.96,70.37
24.98,143.32,56.79,64.55
61.00,121.02,50.28,67.64
84.51,91.02,37.86,62.49
56.74,100.55,74.90,74.58
24.16,140.28,77.46,74.03
82.90,69.97,41.99,59.86
36.11,56.40,83.12,63.67
40.69,146.81,88.36,85.75
33.18,130.88,93.65,82.96
46.42,55.23,32.90,41.42
80.54,74.93,44.31,61.30
61.55,68.11,88.83,76.50
36.39,30.87,35.88,35.03
90.23,144.09,20.28,66.03
90.37,66.60,89.67,85.27
89.65,132.55,46.12,76.47
39.10,36.51,53.16,45.61
56.10,86.70,55.71,62.03
98.80,13.35,87.86,76.24
81.76,116.99,47.03,71.44
22.17,91.33,91.38,70.61
25.22,97.58,69.36,61.76
57.11,17.24,62.18,51.67
92.74,39.55,46.05,58.76
63.10,20.41,39.50,42.76
59.83,50.45,69.92,63.00
28.44,97.84,55.75,55.98
72.54,89.27,92.84,86.04
85.77,95.70,59.33,74.54
50.43,86.90,60.94,62.98
82.05,48.22,53.34,60.93
97.16,44.23,83.14,79.56
36.30,29.19,53.99,43.72
61.87,128.87,41.55,65.11
42.97,96.31,88.96,76.63
83.43,36.11,67.75,66.13
66.21,34.81,67.32,60.48
70.77,132.22,68.87,82.11
83.83,113.98,77.51,86.70
51.68,102.32,45.05,58.49
93.21,66.96,22.71,52.71
62.64,46.68,84.85,70.55
32.64,147.12,30.31,54.37
75.67,121.61,77.75,85.90
83.46,52.25,26.59,48.78
45.34,128.66,50.02,64.34
88.57,116.25,25.04,62.34
92.49,51.59,61.78,68.95
42.15,69.72,72.25,62.71
98.68,36.03,33.71,53.67
31.26,25.55,49.73,39.35
36.16,111.19,94.42,80.30
34.74,47.45,55.39,47.61
91.52,124.81,84.20,94.52
72.34,149.39,94.17,98.66
32.17,20.73,97.95,62.77
55.23,76.22,91.87,77.75
69.22,122.29,45.39,67.92
26.68,120.45,97.01,80.60
90.59,116.40,84.99,92.95
84.29,58.86,86.97,80.54
60.42,73.54,21.21,43.44
97.37,93.30,96.34,96.04
53.42,146.35,82.25,86.42
98.73,55.86,81.44,81.51
73.43,139.24,26.52,63.14
70.77,47.71,38.61,50.08
33.28,148.47,96.98,88.17
90.55,103.84,60.05,77.96
54.20,74.89,51.83,57.15
32.98,95.87,87.20,72.67
21.01,48.15,26.99,29.43
64.78,48.38,53.36,55.79
62.19,25.90,50.06,48.87
77.55,25.97,47.99,52.45
91.22,58.67,44.62,61.41
26.35,116.80,36.81,49.67
78.52,95.12,33.83,59.49
34.99,24.36,71.23,50.98
88.65,129.31,93.55,99.23
85.53,94.19,60.71,74.85
63.26,144.52,43.84,69.80
76.82,103.83,32.73,60.18
45.15,34.52,86.41,63.65
57.69,76.33,97.72,81.43
85.73,100.79,47.93,69.84
56.74,13.96,43.28,41.45
48.62,12.09,68.12,51.06
59.54,28.12,82.03,64.50
86.26,45.23,56.43,63.14
46.82,70.14,70.41,63.28
33.90,78.24,77.32,64.48
76.96,29.32,96.85,77.38
86.08,104.27,33.20,63.28
28.05,93.46,99.79,77.00
39.19,51.22,51.37,47.69
31.36,11.91,77.86,50.72
47.84,20.87,65.79,51.42
56.03,64.84,58.93,59.24
79.91,31.56,75.85,68.21
72.09,62.75,51.66,60.01
69.67,97.95,30.09,55.54
48.19,86.61,59.11,61.33
87.32,42.36,61.75,65.54
57.70,58.14,36.15,47.01
98.33,95.96,94.85,96.12
70.73,130.52,38.20,66.42
30.10,115.45,52.74,58.49
74.09,87.48,32.39,55.92
46.01,60.72,62.86,57.38
74.91,61.11,44.61,57.00
25.57,133.12,59.14,63.87
33.99,15.49,37.97,32.28
88.46,148.32,24.30,68.35
38.17,103.01,82.34,73.22
86.96,105.36,71.29,82.81
42.34,15.32,47.26,39.40
71.43,94.77,23.80,52.28
75.53,77.87,89.25,82.86
61.01,24.81,33.58,40.05
44.42,48.91,94.46,70.34
37.01,134.64,58.29,67.18
22.66,87.00,47.23,47.81
44.32,67.88,79.34,66.54
72.25,20.18,90.15,70.79
95.06,109.98,49.66,75.34
89.70,108.40,52.59,74.89
81.29,95.97,54.65,70.91
83.08,81.44,93.79,88.11
73.20,70.73,75.41,73.81
40.82,93.06,39.81,50.76
92.58,42.68,34.80,53.71
73.66,141.78,38.43,69.67
64.84,92.43,41.09,58.48
28.88,53.57,38.41,38.58
55.76,72.96,72.68,67.66
56.83,122.80,29.27,56.24
89.17,32.63,50.99,58.77
63.73,51.00,70.00,64.32
50.43,105.13,43.27,57.79
98.14,54.17,25.22,52.89
28.86,120.95,26.55,46.12
53.80,28.26,30.08,36.83
23.36,116.78,86.87,73.80
79.19,19.57,72.63,63.99
93.45,11.76,25.16,42.97
42.40,135.75,51.29,65.52
88.67,91.39,42.29,66.02
43.38,59.26,66.24,57.99
92.86,42.56,61.82,67.28
80.32,96.36,58.49,72.61
84.39,81.26,45.16,64.15
21.44,148.82,31.02,51.71
97.02,147.65,79.39,98.33
78.13,98.90,90.39,88.41
44.38,72.00,95.53,75.48
86.35,78.76,24.69,54.00
42.52,105.55,79.19,73.46
89.82,24.22,78.12,70.85
29.01,55.97,95.77,67.78
76.29,20.54,40.23,47.11
63.26,20.27,79.37,62.72
27.72,37.42,24.37,27.98
39.35,77.94,70.50,62.64
20.99,119.87,48.07,54.31
57.50,77.97,81.51,73.60
44.10,56.97,89.06,69.15
67.87,21.53,49.19,49.26
43.78,87.04,62.05,61.57
43.99,47.98,29.39,37.49
79.46,96.09,53.35,69.73
23.85,146.81,48.86,60.95
92.23,25.58,34.65,50.11
88.18,39.70,91.56,80.17
73.42,76.23,31.85,53.20
67.46,145.61,70.86,84.79
91.38,118.05,91.21,96.63
34.83,135.75,92.96,84.08
26.32,56.72,83.46,60.97
39.16,148.89,34.09,58.57
83.57,24.40,85.39,72.65
22.77,17.42,42.13,31.38
66.62,129.78,93.79,92.84
99.64,139.82,76.73,96.22
88.46,22.68,82.82,72.48
61.72,25.88,26.80,37.09
25.09,14.64,66.62,43.77
86.51,24.63,85.69,73.72
67.92,39.32,88.93,72.71
29.19,145.81,22.29,49.06
27.51,103.50,95.13,76.52
92.77,119.00,23.47,63.37
73.54,118.66,69.16,80.37
86.34,84.91,75.47,80.62
90.32,121.65,28.59,65.72
65.74,93.41,23.84,50.32
61.40,54.04,82.79,70.62
54.43,88.56,50.77,59.43
45.36,84.69,28.57,44.83
54.77,125.28,81.01,81.99
81.91,147.44,87.93,98.03
68.15,67.55,66.99,67.45
91.40,116.87,32.90,67.24
55.47,23.97,21.22,32.05
68.57,118.76,76.06,82.35
70.50,62.00,64.01,65.56
67.34,15.51,72.06,59.33
76.21,60.85,85.05,77.56
38.99,95.49,54.74,58.16
60.99,26.70,29.96,38.62
28.34,139.36,95.20,83.97
50.76,20.87,63.62,51.21
59.01,140.20,69.22,80.35
72.18,109.00,94.67,90.79
96.04,56.16,94.53,87.31
68.05,64.71,65.77,66.24
79.49,113.71,43.81,68.49
60.50,94.21,99.77,86.88
70.73,104.03,74.47,79.26
25.67,64.48,52.67,46.93
40.35,78.29,64.79,60.16
48.95,148.58,53.27,71.04
57.80,39.95,91.06,70.86
23.65,68.50,58.60,50.09
31.20,50.86,85.88,62.47
42.15,117.12,87.21,79.67
97.72,116.96,85.95,95.68
46.51,50.94,77.78,63.03
58.56,21.39,88.39,66.04
35.69,11.60,50.98,38.52
68.86,69.84,29.17,49.21
42.45,67.45,87.40,69.93
36.56,148.37,59.85,70.57
61.33,75.77,30.19,48.65
20.44,45.90,29.23,29.93
20.61,134.77,32.74,49.51
37.53,78.75,80.08,67.05
22.94,93.88,76.87,64.09
28.64,23.39,36.31,31.43
47.11,63.61,87.75,70.73
84.21,142.19,42.50,74.95
65.76,92.53,83.44,79.95
61.01,58.23,59.10,59.50
43.48,97.59,78.52,71.82
94.54,137.46,50.51,81.11
51.76,48.36,47.77,49.09
26.97,80.72,87.31,67.89
69.37,144.22,22.82,61.06
29.11,34.14,97.98,64.55
47.62,110.75,71.85,72.36
60.59,96.03,54.60,64.68
89.94,105.15,70.24,83.13
59.48,59.17,29.82,44.59
76.18,53.94,61.12,64.20
99.43,105.79,98.81,100.39
30.52,40.18,38.82,36.60
41.98,68.75,77.78,65.23
51.57,36.34,54.80,50.14
53.75,11.16,72.20,54.46
52.88,145.81,36.39,63.22
92.61,70.44,57.64,70.69
77.12,145.71,98.41,101.48
68.63,29.65,35.62,44.33
44.75,92.23,70.92,67.33
85.90,38.14,66.05,66.42
96.40,120.61,65.20,85.64
85.70,119.72,69.21,84.26
20.13,25.77,60.18,41.28
70.91,137.69,21.35,59.49
24.09,37.25,92.01,60.68
40.61,95.82,86.16,74.43
24.76,147.99,33.93,53.99
68.30,133.54,53.06,73.73
74.93,143.92,81.64,92.08
29.16,57.96,98.40,69.54
50.71,24.78,96.09,68.21
56.50,36.37,91.95,70.20
49.52,80.07,32.67,47.20
29.68,121.05,93.16,79.69
53.52,31.02,90.28,67.40
80.09,102.36,50.16,69.58
25.68,55.30,51.56,44.54
26.41,57.77,56.79,47.87
48.38,102.67,72.49,71.29
95.34,75.38,40.87,64.11
73.49,123.68,21.84,57.70
74.29,31.83,31.30,44.30
48.95,120.59,55.21,66.41
67.49,18.99,42.56,45.33
20.81,37.17,81.16,54.26
70.89,101.86,28.54,55.91
93.06,129.69,93.40,100.56
69.01,45.38,91.63,75.59
89.90,55.81,92.70,84.48
77.92,85.20,79.17,80.00
29.64,39.62,28.56,31.10
92.20,123.56,55.05,79.90
25.32,118.31,30.51,46.51
62.72,30.34,99.02,74.39
31.37,74.94,46.64,47.72
20.94,118.48,66.83,63.39
53.76,57.23,82.35,68.75
43.60,98.63,93.65,79.63
58.88,17.03,80.44,61.29
66.18,95.22,73.96,75.88
23.50,31.37,57.28,41.96
29.84,126.28,68.43,68.42
64.69,59.76,27.53,45.12
47.45,49.42,90.71,69.47
78.33,127.72,63.50,80.79
72.18,17.02,23.21,36.66
87.65,65.53,93.59,86.20
75.40,61.80,59.14,64.55
54.39,49.87,89.49,71.04
73.84,137.65,88.55,93.96
42.03,115.13,85.26,78.27
44.51,18.95,24.91,29.60
83.12,110.06,39.77,66.83
55.71,83.82,90.04,78.50
83.87,136.12,91.92,98.34
85.79,53.81,56.65,64.82
88.60,90.38,55.20,72.26
93.33,80.11,34.01,61.03
54.48,78.54,97.47,80.79
45.51,73.85,37.05,46.95
66.58,38.79,35.27,45.37
49.69,115.80,72.86,74.50
68.09,73.19,39.43,54.78
76.45,144.19,95.10,99.32
75.07,46.51,20.87,42.26
49.96,105.58,20.46,46.33
33.35,141.70,60.39,68.54
54.44,102.88,59.04,66.43
31.41,131.98,33.07,52.35
91.21,125.85,59.56,82.31
47.67,60.42,52.93,52.85
32.36,94.02,91.23,74.13
22.04,31.88,20.74,23.36
71.67,84.97,98.10,87.54
70.95,42.26,69.95,64.71
47.25,114.12,32.15,53.07
25.74,83.93,23.74,36.38
52.77,67.57,63.05,60.87
44.90,47.63,38.79,42.39
74.17,149.82,44.09,74.26
68.46,20.04,39.61,44.35
49.17,16.10,72.01,53.98
37.43,40.42,64.28,51.45
99.04,145.95,26.24,72.02
56.32,147.09,62.12,77.37
75.06,101.69,83.30,84.51
31.24,133.21,26.50,49.26
58.85,39.95,91.18,71.23
22.20,146.09,66.26,69.01
60.44,29.99,96.05,72.16
97.12,24.16,31.85,49.89
50.74,25.71,99.49,70.11
23.12,90.24,71.54,60.75
22.48,119.34,65.40,63.31
51.04,61.33,61.22,58.19
32.80,146.91,21.89,50.17
21.87,70.82,95.17,68.31
80.50,31.06,71.52,66.12
56.68,75.24,27.33,45.72
43.14,105.07,21.68,44.80
92.01,126.51,24.06,64.94
29.29,74.23,68.75,58.01
96.47,93.10,69.12,82.12
45.12,47.43,59.97,53.01
91.07,100.43,44.54,69.68
68.24,148.04,62.54,81.35
86.14,16.87,61.30,59.87
98.72,134.11,21.55,67.21
43.07,88.72,42.60,51.97
96.89,45.29,24.25,50.25
51.16,143.68,92.01,90.09
50.84,77.67,78.02,69.80
47.23,56.44,99.69,75.30
63.31,35.41,44.17,48.16
32.33,44.22,90.28,63.68
64.30,126.60,68.24,78.73
63.34,96.02,56.25,66.33
80.95,137.85,37.81,70.76
86.69,42.48,79.07,74.04
55.24,26.96,92.33,68.13
44.19,10.85,38.82,34.84
40.75,81.10,34.03,45.46
35.57,149.76,75.70,78.47
24.61,107.30,98.16,77.92
47.40,53.18,80.00,64.86
41.62,132.76,42.77,60.42
97.31,119.44,53.60,79.88
64.62,12.16,50.75,47.19
47.78,124.36,88.17,83.29
66.44,52.07,81.71,71.20
31.14,30.95,67.12,49.09
55.52,41.69,42.00,45.99
70.10,75.60,95.04,83.67
59.11,69.48,72.27,67.76
52.14,50.44,97.64,74.55
99.51,34.11,66.41,69.88
90.43,116.71,85.70,93.32
69.87,148.62,85.05,93.21
65.55,118.89,46.99,66.94
69.65,51.43,97.12,79.74
36.10,44.27,21.76,30.56
51.61,40.47,81.50,64.33
23.16,29.14,97.24,61.40
58.04,87.19,47.11,58.41
63.44,94.76,71.85,73.91
38.22,108.77,64.98,65.71
97.12,105.23,80.92,90.64
92.76,50.93,89.29,82.66
77.77,56.24,68.24,68.70
62.67,105.41,85.27,82.52
89.60,58.92,44.98,61.15
30.45,39.77,38.29,36.23
83.24,62.41,54.45,64.68
29.99,48.09,74.22,55.73
83.54,22.36,34.98,47.02
42.06,126.22,74.43,75.08
90.17,129.44,51.53,78.70
95.52,40.77,83.65,78.64
31.90,19.07,22.95,24.86
57.01,113.44,73.44,76.51
98.48,39.61,71.99,73.46
58.67,65.08,95.27,78.25
89.08,18.98,77.07,69.05
67.10,41.68,83.70,70.32
50.03,121.01,92.37,85.40
42.86,122.62,74.00,74.38
36.26,38.99,43.21,40.28
80.94,57.03,89.58,80.48
50.92,28.79,79.81,60.94
60.90,20.38,53.96,49.33
59.39,148.90,76.84,86.02
66.18,101.78,89.42,84.92
89.25,85.89,98.05,92.98
98.46,117.17,96.19,101.07
52.61,127.61,46.03,64.32
86.20,122.94,53.74,77.32
81.16,12.32,28.76,41.19
65.88,36.15,39.80,46.89
96.48,101.69,90.59,94.58
36.04,62.61,48.87,47.77
28.74,147.55,69.64,72.95
88.32,103.16,73.28,83.77
55.13,143.92,82.55,86.60
87.76,38.20,34.62,51.28
91.45,130.95,44.39,75.82
25.00,54.99,55.87,46.43
90.68,148.54,49.19,81.51
55.87,32.08,98.63,72.49
60.83,82.29,86.80,78.11
70.13,121.00,58.37,74.42
94.11,70.57,90.34,87.52
21.53,75.53,47.81,45.47
58.15,148.09,82.87,88.50
75.02,69.54,37.89,55.36
77.82,94.57,81.79,83.16
75.40,17.64,56.52,54.41
30.75,127.91,28.60,49.11
43.95,100.74,41.86,54.26
48.70,66.56,52.18,54.01
84.35,12.26,79.94,67.73
42.30,92.83,25.84,44.18
36.86,11.77,72.76,49.79
96.60,10.17,77.28,69.65
20.71,96.25,72.31,61.62
99.83,36.46,80.85,77.67
74.15,36.86,34.25,46.74
86.28,101.46,66.97,79.66
43.57,17.52,95.29,64.22
21.15,53.88,68.86,51.55
79.03,30.92,68.91,64.35
86.73,91.22,78.92,83.72
79.24,102.65,46.66,67.63
31.43,110.96,76.04,69.64
80.27,45.73,93.30,79.88
81.51,22.49,20.87,39.39
72.68,21.02,89.61,70.81
81.29,69.66,37.49,57.06
87.67,142.42,56.47,83.02
69.09,40.48,88.19,72.92
27.09,45.94,85.91,60.27
59.01,24.12,91.35,68.20
26.21,94.78,95.23,74.43
52.60,105.18,55.77,64.70
52.57,100.01,72.51,72.03
25.28,130.56,51.24,59.32
47.91,78.10,48.06,54.02
28.88,28.82,54.53,41.69
84.66,50.52,79.45,75.23
95.82,102.74,60.12,79.35
25.79,95.84,85.12,69.47
96.41,84.34,79.62,85.60
61.81,105.62,21.64,50.49
43.97,99.23,70.42,68.25
26.15,133.39,54.93,61.99
60.05,92.04,56.53,64.69
83.56,119.00,85.47,91.60
76.57,44.82,63.81,63.84
24.02,104.95,90.85,73.62
25.83,136.31,77.02,73.52
52.23,64.00,64.23,60.58
43.62,119.07,80.36,77.08
38.59,111.47,23.07,45.41
42.48,18.33,22.17,27.50
84.28,91.41,26.67,56.90
94.34,28.23,55.01,61.45
52.41,145.42,38.84,64.23
92.49,123.60,98.74,101.84
45.72,25.36,63.38,50.48
58.11,27.05,72.99,59.34
38.08,93.23,42.31,51.23
71.24,58.28,45.74,55.90
98.32,14.89,46.84,55.89
68.28,85.83,75.90,75.60
48.63,64.30,57.90,56.40
71.83,24.15,61.41,57.08
29.83,122.27,67.36,67.08
91.09,138.11,81.50,95.70
60.25,115.92,27.23,54.87
55.95,125.14,82.15,82.89
66.87,40.31,65.06,60.65
69.98,46.90,73.53,67.14
25.74,39.19,46.20,38.66
74.61,117.11,52.75,72.18
39.35,142.71,38.49,59.59
77.12,110.36,98.34,94.38
85.80,133.41,59.76,82.30
84.32,99.42,99.69,95.03
64.20,64.27,59.18,61.70
61.61,69.61,37.58,51.20
31.43,20.55,60.60,43.84
82.03,14.40,23.17,39.07
41.71,107.37,92.38,80.18
59.74,71.38,85.48,74.94
42.74,87.31,78.07,69.32
30.71,88.07,68.79,61.22
70.36,48.83,66.39,64.07
24.35,76.62,99.74,72.50
79.89,75.91,42.24,60.27
45.41,64.38,82.37,67.68
20.01,124.89,66.51,64.24
60.89,73.16,98.07,81.93
23.75,94.51,86.22,69.14
42.09,135.37,99.88,89.64
76.56,131.27,67.07,82.76
25.02,134.66,36.36,52.62
87.15,47.80,60.29,65.85
20.31,14.90,76.89,47.52
39.75,46.55,81.95,62.21
79.27,49.02,20.04,43.61
45.30,137.31,60.40,71.25
28.15,100.89,38.82,48.03
48.82,21.44,89.99,63.93
41.63,28.95,32.23,34.39
87.42,31.79,73.32,69.24
45.07,98.26,41.28,53.81
83.11,112.96,48.52,71.78
91.35,130.35,95.24,101.09
54.71,141.69,39.24,64.37
92.80,38.24,27.60,49.29
50.19,53.37,25.54,38.50
97.13,43.65,60.37,68.05
27.14,60.23,71.34,55.86
74.96,138.05,46.18,73.19
59.51,90.52,75.22,73.57
51.01,113.35,24.88,50.41
70.62,78.62,88.59,81.21
76.31,14.04,85.33,68.37
20.35,18.99,98.84,59.32
33.36,85.31,94.92,74.53
77.04,110.63,48.50,69.49
73.31,40.15,51.94,55.99
97.28,111.07,79.68,91.24
80.88,123.49,30.73,64.33
96.06,67.67,45.12,64.91
76.20,114.50,29.48,60.50
43.84,66.56,56.39,54.66
28.43,104.97,64.16,61.60
82.55,116.96,36.89,66.60
71.53,148.87,22.13,62.30
23.85,58.36,77.55,57.60
48.80,67.55,21.60,38.95
96.54,33.19,97.87,84.53
60.03,38.57,37.73,44.59
54.62,107.08,73.11,74.36
56.62,138.39,54.78,72.05
36.71,65.24,24.77,36.45
49.50,35.18,57.77,50.77
49.59,49.91,61.34,55.53
24.19,73.71,88.37,66.18
81.41,50.69,78.59,73.86
53.32,42.70,26.34,37.71
85.77,113.04,36.73,66.70
88.03,11.10,44.95,51.10
36.96,85.49,29.31,42.84
72.59,121.13,56.55,74.28
57.78,47.27,98.74,76.16
90.41,94.46,61.17,76.60
37.26,103.65,79.35,71.58
74.23,101.70,74.64,79.93
68.62,72.42,87.99,79.06
43.62,58.52,37.26,43.42
30.93,127.03,80.31,74.84
72.13,116.18,90.51,90.13
79.09,54.98,33.72,51.58
45.25,24.42,47.74,42.33
71.59,20.05,97.61,74.29
51.61,23.20,82.46,61.35
77.06,91.60,42.61,62.74
35.94,17.23,65.12,46.79
91.22,57.17,52.35,64.97
42.99,115.45,59.20,65.59
49.42,51.21,48.41,49.27
24.65,116.86,42.35,51.94
28.92,114.37,73.98,68.54
61.27,44.42,82.28,68.41
41.41,112.04,89.92,79.79
86.84,114.69,32.43,65.20
21.18,65.64,85.83,62.40
50.33,39.46,40.38,43.18
46.99,82.98,54.19,57.79
21.55,139.00,92.12,80.33
29.95,99.55,56.36,57.08
53.09,34.21,35.77,40.65
59.43,105.59,32.79,55.34
52.34,69.81,57.84,58.58
62.48,92.81,81.01,77.81
67.61,112.77,99.78,92.73
20.79,82.09,82.99,64.15
57.13,123.96,90.16,87.01
97.08,111.10,79.83,91.26
61.52,96.11,91.63,83.49
74.20,31.11,26.10,41.53
44.95,127.03,94.39,86.09
81.92,141.03,51.71,78.64
81.83,29.18,93.73,77.25
61.70,78.35,26.06,47.21
98.08,46.24,77.22,77.28
30.04,115.63,78.86,71.57
21.36,111.03,99.75,78.49
81.61,29.72,81.51,71.18
84.57,132.78,50.61,77.23
29.62,35.34,64.58,48.24
41.25,121.62,49.32,61.36
21.40,73.98,35.68,39.06
43.46,55.96,39.88,44.17
81.85,32.15,37.76,49.86
61.44,33.47,63.91,57.08
47.85,102.66,92.49,81.13
49.74,87.06,93.02,78.84
20.11,27.09,24.38,23.64
43.98,25.78,26.39,31.54
71.72,20.12,39.61,45.34
97.94,114.13,40.40,72.41
87.76,109.66,27.59,62.06
21.89,18.18,51.08,35.74
91.88,88.44,67.02,78.76
82.66,21.85,66.25,62.29
82.43,136.52,63.47,83.77
56.64,137.00,47.09,67.94
51.84,107.75,76.52,75.36
44.23,139.67,86.12,84.26
25.26,123.60,47.70,56.15
38.26,126.00,26.84,50.10
39.73,89.76,43.71,51.73
58.73,52.85,30.99,43.68
79.80,40.49,57.39,60.73
57.90,55.81,32.47,44.77
24.63,97.99,57.03,55.50
96.62,34.17,37.68,54.66
95.42,46.21,79.10,77.42
82.82,75.53,22.21,51.06
99.31,42.63,64.38,70.51
63.56,92.41,33.56,54.33
97.02,139.24,20.08,66.99
26.05,114.73,89.54,75.53
49.25,103.30,73.72,72.30
38.03,91.58,27.92,43.69
35.67,78.31,73.13,62.93
31.26,36.12,68.93,51.07
69.79,135.26,57.87,76.92
82.51,44.80,53.54,60.48
66.26,22.78,90.97,69.92
31.76,115.00,39.61,52.33
84.89,34.59,51.86,58.31
70.88,62.07,46.33,56.84
51.05,13.96,81.70,58.96
73.93,29.19,93.32,74.68
40.79,34.25,87.98,63.08
47.62,17.62,83.82,59.72
93.40,101.93,98.94,97.88
43.24,127.18,75.77,76.29
57.60,62.26,80.08,69.77
91.21,132.44,98.62,103.16
76.62,39.87,20.56,41.24
24.98,55.55,70.72,53.96
31.78,31.10,79.12,55.31
20.63,96.88,93.43,72.28
70.47,68.78,90.71,80.25
55.81,95.86,87.36,79.59
30.74,116.63,95.66,80.38
96.63,86.40,62.99,77.76
62.37,97.87,20.55,48.56
39.35,140.94,20.88,50.43
60.05,51.87,63.57,60.17
74.37,60.28,54.82,61.78
26.10,110.48,56.10,57.98
41.98,95.58,52.03,57.72
84.56,34.99,93.42,79.08
56.77,62.66,48.73,53.93
63.73,75.50,88.50,78.47
54.63,68.71,92.23,76.25
23.51,34.96,59.96,44.03
33.26,139.42,55.76,65.74
55.64,116.72,80.88,80.48
36.73,77.39,76.64,64.82
24.00,105.21,46.28,51.38
87.49,135.62,28.20,67.47
98.50,29.06,41.19,55.96
83.45,45.05,30.48,49.29
88.30,85.98,43.58,65.48
39.36,121.86,40.95,56.66
96.85,15.08,71.02,67.58
35.75,147.76,96.36,88.46
96.11,73.69,74.86,81.00
99.59,60.29,94.13,89.00
76.94,50.98,82.73,74.64
98.49,34.41,78.23,75.54
65.56,120.82,53.12,70.39
40.76,143.76,45.98,63.97
54.96,67.91,87.70,73.92
67.48,143.34,92.43,95.13
25.85,125.33,56.15,60.90
69.79,77.35,20.73,46.77
98.49,104.36,83.40,92.12
35.21,70.90,42.81,46.15
83.41,88.22,20.79,53.06
92.63,18.13,84.40,73.62
95.50,107.48,61.39,80.84
96.81,17.40,74.82,69.93
61.72,124.39,93.18,89.98
98.18,125.49,63.29,86.20
80.58,43.19,60.26,62.94
32.93,55.31,43.25,42.57
58.15,77.38,44.42,55.13
77.47,93.53,83.72,83.81
39.79,50.23,55.92,49.94
71.25,92.95,33.08,56.50
73.33,51.69,27.56,46.12
33.02,17.77,57.83,42.38
65.21,10.35,57.20,50.23
81.73,24.16,72.28,65.49
59.91,120.92,57.69,71.00
20.97,144.60,31.48,50.95
20.72,69.78,60.62,50.48
48.56,81.78,92.54,77.19
94.10,30.56,32.76,50.72
38.29,87.14,75.18,66.50
70.75,30.25,67.51,61.03
37.77,95.57,79.89,70.39
45.73,140.66,32.05,57.88
87.84,37.40,95.33,81.50
78.31,117.04,69.68,81.74
27.63,13.29,87.77,54.83
54.30,62.57,39.73,48.67
22.33,25.50,79.15,51.37
58.47,59.35,82.48,70.65
72.99,34.30,51.79,54.65
29.48,62.26,50.72,46.66
43.11,68.45,72.62,62.93
51.83,52.08,27.47,39.70
93.56,101.93,78.85,87.88
99.46,138.64,23.43,69.28
23.59,66.08,35.25,37.92
80.88,36.93,73.13,68.22
49.74,47.90,27.87,38.44
51.40,129.56,97.75,90.21
80.34,90.03,89.47,86.84
93.47,73.70,70.10,77.83
96.07,30.95,85.52,77.77
66.17,72.96,91.01,79.95
48.57,48.99,40.76,44.75
83.00,142.04,87.95,97.28
40.08,133.77,35.58,56.57
65.13,21.75,53.07,50.42
48.69,82.33,64.66,63.40
72.53,41.51,77.11,68.62
39.23,67.51,22.41,36.48
35.33,132.76,43.24,58.77
93.46,83.85,68.68,79.15
28.14,56.79,48.59,44.09
60.48,39.10,82.00,66.96
37.67,122.05,72.13,71.78
23.11,97.43,38.75,45.79
22.88,75.53,31.67,37.81
34.02,40.45,70.32,53.46
89.34,56.79,56.04,66.18
42.60,144.38,33.52,58.42
96.04,82.81,46.11,68.43
66.53,66.10,44.24,55.30
54.93,83.00,28.65,47.40
66.41,119.06,63.75,75.61
61.34,57.62,81.09,70.47
80.70,35.02,66.04,64.23
42.60,91.89,86.10,74.21
48.24,103.13,30.21,50.20
91.53,109.78,54.85,76.84
95.72,133.48,68.75,89.79
91.40,61.96,74.08,76.85
53.56,20.55,75.66,58.01
82.43,144.17,78.32,92.72
58.11,70.90,72.11,67.67
59.80,97.26,27.54,51.16
36.37,103.28,75.62,69.38
67.29,86.51,77.98,76.48
34.89,38.74,99.48,67.95
46.53,115.72,75.47,74.84
88.40,122.53,74.95,88.50
36.57,87.42,61.19,59.05
25.69,78.40,89.43,68.10
25.52,25.95,99.75,62.72
95.26,21.75,82.32,74.09
60.55,57.54,69.00,64.17
52.75,53.52,26.32,39.69
84.87,143.51,78.14,93.23
86.87,119.71,76.68,88.34
46.58,102.39,82.05,75.48
75.49,82.47,29.96,54.12
81.69,33.43,72.30,67.34
72.37,146.98,43.66,72.94
32.13,62.51,80.82,62.55
90.07,24.97,39.23,51.63
63.13,79.13,74.72,72.12
42.60,132.36,43.60,61.05
54.02,134.22,20.72,53.41
23.01,11.54,70.67,44.55
30.23,134.08,29.06,50.42
81.24,48.01,72.74,70.34
20.00,15.46,94.05,56.12
53.33,128.69,97.54,90.51
61.80,130.94,38.87,64.16
24.37,93.47,84.74,68.38
97.85,90.42,48.28,71.58
38.09,123.84,92.04,82.22
44.34,120.08,83.00,78.82
44.32,134.61,25.91,53.17
38.43,87.38,52.57,55.29
20.12,145.47,46.99,58.62
78.35,149.46,82.81,94.80
97.35,26.32,52.82,60.88
37.94,128.94,74.77,74.56
73.04,79.98,68.19,72.00
79.35,64.26,98.05,85.68
87.87,95.83,95.02,93.04
53.81,17.84,54.22,46.82
44.23,80.90,77.89,68.39
46.02,131.92,86.36,83.37
77.01,39.88,91.91,77.03
85.34,69.69,25.45,52.27
34.53,141.53,44.17,60.75
49.68,70.00,45.62,51.71
92.16,60.17,54.76,67.06
84.54,71.68,33.54,56.47
98.79,82.72,59.70,76.03
80.34,98.48,73.06,80.33
51.46,122.10,59.79,69.75
67.25,73.29,73.26,71.46
72.88,124.45,25.32,59.41
26.28,84.72,90.08,69.87
63.56,57.39,95.13,78.11
76.75,102.11,69.43,78.16
33.39,110.48,90.51,77.37
82.45,88.13,30.52,57.62
66.70,17.93,83.80,65.50
96.18,33.78,29.53,50.38
23.39,49.94,52.64,43.33
41.23,49.57,45.91,45.24
68.12,104.28,66.85,74.72
43.72,12.57,44.12,37.69
77.15,115.80,70.99,81.80
80.72,47.15,49.39,58.34
28.20,53.40,88.86,63.57
61.11,83.91,70.71,70.47
60.71,40.23,37.22,44.87
49.54,133.83,46.89,65.07
94.63,21.95,87.79,76.67
86.20,72.21,50.92,65.76
75.78,128.92,62.86,79.95
77.15,96.22,71.92,78.35
56.94,50.93,47.82,51.18
93.68,68.91,43.52,63.65
75.57,108.94,58.02,73.47
78.32,146.26,37.19,71.34
88.94,135.04,42.74,75.06
41.93,57.94,24.97,36.65
84.57,149.75,44.32,77.48
35.62,10.49,45.66,35.61
47.63,13.87,96.95,65.54
46.85,125.34,67.18,72.71
98.28,37.92,82.99,78.56
88.52,18.51,23.63,42.07
76.09,43.20,28.52,45.73
78.16,69.65,85.16,79.96
64.97,112.28,69.88,76.89
95.77,97.41,35.28,65.85
59.70,43.27,52.38,52.75
50.44,80.46,63.09,62.77
33.04,139.67,87.49,81.59
82.90,124.10,24.83,62.10
78.76,55.25,67.74,68.55
50.75,147.52,77.36,83.41
22.02,109.21,98.23,77.56
87.12,18.74,84.57,72.17
20.91,14.92,42.10,30.31
76.30,33.58,76.77,67.99
97.62,111.90,81.06,92.20
55.01,35.72,78.38,62.84
38.80,81.61,85.61,70.77
76.39,23.06,92.30,73.68
85.37,138.92,27.87,67.33
63.71,58.15,28.38,44.93
97.36,137.14,83.71,98.49
24.13,142.28,40.19,55.79
60.38,10.86,24.68,32.63
77.48,74.98,52.10,64.29
89.01,13.45,85.59,72.19
34.34,137.22,30.13,52.81
84.00,82.58,73.75,78.59
64.22,20.49,20.29,33.51
51.72,25.44,28.78,34.99
30.54,63.69,48.07,45.94
89.22,141.63,26.69,68.44
32.58,107.01,87.67,75.01
44.78,131.47,89.13,84.29
43.20,61.30,80.45,65.44
89.71,16.05,39.40,49.82
73.82,146.40,61.86,82.36
83.73,12.40,34.74,44.97
40.04,142.67,42.50,61.80
69.99,61.61,61.28,63.96
65.74,11.41,78.80,61.40
86.63,106.48,27.57,61.07
92.49,147.28,43.74,79.07
20.97,145.19,94.13,82.39
73.92,32.53,54.33,55.85
24.15,35.37,95.11,61.87
63.91,89.18,99.31,86.66
43.01,99.22,62.13,63.81
44.54,113.52,43.04,57.59
48.24,35.35,83.26,63.17
69.70,144.26,32.74,66.13
46.72,99.42,40.16,53.98
78.62,128.59,82.79,90.70
52.36,85.61,54.69,60.17
25.47,68.00,36.12,39.30
82.70,146.81,72.09,90.22
42.86,91.50,78.62,70.47
54.62,131.36,30.01,57.66
74.84,143.46,42.16,72.22
46.60,104.55,37.70,53.74
24.53,86.85,50.39,49.92
49.91,10.49,81.08,57.61
95.56,15.60,77.10,70.34
71.34,38.12,73.00,65.53
73.72,36.04,20.50,39.57
70.58,45.67,31.37,45.99
35.92,52.69,37.86,40.24
53.47,60.41,41.76,49.00
80.08,68.88,31.71,53.66
28.11,23.84,52.83,39.62
42.23,15.93,26.01,28.86
42.11,104.35,80.00,73.50
54.56,85.23,83.02,74.92
98.43,72.18,65.94,76.94
25.40,98.82,27.18,40.97
61.50,125.88,91.21,89.23
34.35,69.88,97.25,72.91
97.65,99.76,36.19,67.34
29.06,143.50,76.37,75.60
52.29,127.55,87.36,84.88
79.03,69.64,63.19,69.23
76.36,100.26,45.87,65.89
53.82,34.79,58.28,52.24
47.72,88.47,60.98,62.50
51.81,147.39,52.05,71.05
41.14,82.56,94.39,76.05
36.43,139.87,79.51,78.66
58.64,67.03,39.30,50.65
41.48,149.84,66.84,75.83
43.00,91.09,75.10,68.67
72.54,15.92,31.21,40.55
97.48,92.15,48.67,72.01
68.29,48.44,92.44,76.39
26.16,14.55,65.37,43.44
26.05,124.92,37.36,51.48
96.11,48.60,29.82,53.46
43.78,121.52,61.46,68.17
27.37,50.35,63.81,50.19
67.92,37.21,46.75,51.19
69.89,146.35,70.43,85.45
71.88,60.63,25.49,46.43
41.39,94.19,31.61,47.06
21.21,95.40,63.70,57.29
97.20,88.47,24.95,59.33
40.07,138.06,90.47,84.87
74.08,104.42,31.37,58.79
76.53,66.52,73.91,73.22
68.80,130.73,51.30,72.44
45.03,35.35,51.98,46.57
41.69,86.19,81.19,70.34
67.81,143.08,59.96,78.94
89.29,97.56,78.05,85.32
95.74,124.38,60.42,83.81
28.47,101.50,67.43,62.56
32.39,127.51,80.86,75.65
95.58,142.23,68.58,91.41
78.92,48.21,69.25,67.94
90.64,33.75,83.14,75.51
36.21,77.76,95.93,74.38
67.01,108.26,50.14,66.83
76.09,41.81,66.17,64.27
74.41,10.57,26.90,37.89
52.65,58.01,48.70,51.75
21.23,145.64,52.96,61.98
66.63,107.30,86.82,84.86
40.25,66.19,61.07,55.85
56.02,36.96,78.49,63.44
96.61,59.85,21.52,51.71
51.92,33.78,57.16,50.91
87.18,24.88,92.11,77.19
35.08,136.94,37.95,56.89
73.80,149.67,22.52,63.33
98.16,32.98,54.67,63.38
28.15,17.63,76.35,50.15
20.67,56.16,56.36,45.61
54.69,74.63,56.80,59.73
27.41,38.67,73.58,52.75
79.87,52.20,40.35,54.58
93.16,38.12,80.15,75.65
54.72,118.40,32.25,56.22
40.70,109.76,51.66,59.99
54.75,98.89,72.48,72.44
77.88,64.21,86.27,79.34
20.72,137.27,83.32,75.33
67.16,145.73,77.73,88.16
69.06,34.31,48.73,51.95
71.02,41.22,29.78,44.44
39.36,83.59,37.35,47.20
77.12,22.78,89.19,72.29
27.31,71.10,88.59,66.71
35.94,91.45,96.12,77.13
90.20,83.09,26.08,56.72
79.10,56.33,62.94,66.47
21.10,85.94,71.89,59.46
39.87,144.23,76.85,79.23
37.15,38.84,71.51,54.67
41.66,101.68,81.60,73.63
39.80,16.08,48.76,39.54
25.00,19.30,34.35,28.54
56.72,87.26,36.37,52.65
78.62,24.69,20.96,39.00
68.54,13.13,48.03,47.20
73.83,34.01,27.34,42.62
26.49,89.08,45.72,48.62
96.12,108.47,70.26,85.66
87.08,38.35,91.56,79.57
84.41,103.56,87.17,89.62
85.84,35.55,40.21,52.97
94.62,95.88,30.73,62.93
63.54,67.67,35.45,50.32
36.02,101.53,97.68,79.95
69.34,149.31,63.96,82.64
79.43,141.29,34.60,69.39
79.03,10.60,87.26,69.46
61.72,133.96,51.62,71.12
25.48,19.31,91.94,57.48
49.69,143.43,40.85,64.02
93.66,49.46,51.46,63.72
66.76,63.48,60.40,62.92
63.07,22.83,91.41,69.19
41.51,25.72,89.50,62.35
49.48,111.74,65.95,70.17
91.63,142.21,37.74,74.80
73.32,95.50,52.27,67.23
82.99,110.22,98.05,95.97
56.35,116.68,68.62,74.55
70.42,46.79,82.49,71.73
39.87,16.33,55.99,43.22
76.44,10.26,62.56,56.26
54.21,59.09,54.32,55.24
55.40,43.80,76.23,63.50
71.95,18.72,88.12,69.39
94.90,35.13,60.59,65.79
25.12,27.43,58.47,42.26
85.98,138.08,47.22,77.02
43.39,29.64,34.17,36.03
55.51,85.27,95.14,81.28
21.75,93.03,45.29,47.78
44.08,86.09,84.06,72.47
60.21,23.87,77.23,61.45
24.49,54.63,83.27,59.91
59.29,17.18,94.94,68.69
94.17,65.39,69.87,76.26
28.43,36.40,91.84,61.73
81.16,88.63,33.42,58.78
52.77,106.99,70.14,72.30
72.41,84.50,81.78,79.51
40.82,70.79,41.73,47.27
32.76,64.23,79.26,62.30
32.84,127.84,82.28,76.56
25.64,40.71,86.50,59.08
34.85,112.79,45.03,55.53
73.14,116.05,74.53,82.42
90.54,68.69,44.34,63.07
85.13,51.62,79.12,75.42
74.81,75.88,57.04,66.14
28.83,23.05,67.80,47.16
43.13,16.43,53.27,42.86
44.78,25.62,32.96,35.04
40.00,36.20,34.24,36.36
61.20,80.58,26.21,47.58
62.84,128.88,69.45,79.35
48.55,42.99,87.89,67.11
48.30,140.92,21.67,53.51
86.28,143.69,25.30,67.27
83.14,144.25,56.60,82.09
44.62,127.26,79.02,78.35
93.10,60.94,32.62,56.43
96.23,20.18,41.73,53.77
46.14,89.63,38.56,51.05
48.35,88.22,51.92,58.11
60.45,129.00,38.00,62.94
95.29,149.44,48.21,82.58
90.11,81.14,78.28,82.40
28.21,58.33,68.88,54.57
51.42,36.03,26.49,35.88
64.27,10.67,71.02,56.92
60.25,81.28,58.17,63.42
35.51,87.77,94.77,75.59
88.71,125.49,43.14,73.28
74.16,80.64,78.09,77.42
87.03,138.31,78.47,93.01
88.70,97.93,37.72,65.06
79.87,127.65,92.26,95.62
55.14,30.76,59.29,52.34
68.84,129.75,74.31,83.76
32.83,104.52,31.67,46.59
73.89,33.83,40.62,49.24
34.34,36.57,66.89,51.06
75.52,139.71,45.52,73.36
38.37,14.51,59.98,44.40
29.40,74.75,49.92,48.73
33.22,53.89,71.24,56.36
20.16,103.11,58.97,56.16
77.50,127.55,20.37,58.95
78.59,60.45,71.97,71.65
61.19,69.77,53.77,59.20
32.91,147.47,47.34,63.04
26.68,119.75,27.53,45.72
21.53,135.61,37.63,52.40
33.26,71.43,37.90,43.21
91.27,42.77,94.83,83.35
39.32,67.66,54.60,52.63
48.34,110.25,23.37,48.24
28.43,25.32,31.11,29.15
37.79,47.87,26.32,34.07
61.54,16.53,67.11,55.32
68.62,70.53,34.93,52.16
39.63,125.84,59.88,67.00
24.62,13.45,49.60,34.88
51.28,104.55,84.31,78.45
38.74,140.55,45.64,62.55
37.56,43.17,56.66,48.23
96.79,107.11,77.70,89.31
69.30,146.51,54.67,77.43
64.55,144.72,83.46,90.04
53.26,42.89,72.93,61.02
54.32,24.05,52.84,47.53
63.27,30.76,60.32,55.29
75.71,108.28,97.38,93.06
76.17,111.61,72.93,81.64
33.74,104.39,92.40,77.20
60.01,57.05,34.30,46.56
52.96,33.77,58.66,51.97
89.64,91.31,92.69,91.50
70.51,77.72,45.81,59.60
62.60,112.04,97.41,89.89
29.23,71.79,27.77,37.01
68.45,57.41,92.21,78.12
29.38,51.09,55.62,46.84
46.98,39.61,25.90,34.97
31.43,47.20,90.36,64.05
75.37,23.28,40.16,47.35
36.50,58.56,21.78,33.55
51.35,15.12,30.86,33.86
91.65,36.10,72.73,71.08
36.35,114.55,98.22,82.92
60.62,55.57,28.92,43.76
53.54,103.55,56.96,65.25
21.45,110.36,34.45,45.73
83.42,91.37,79.60,83.10
25.52,144.22,29.44,51.22
57.94,13.00,39.19,39.58
64.85,113.41,35.71,59.99
70.27,144.23,64.20,82.03
75.09,130.72,89.85,93.60
40.26,33.50,60.89,49.22
20.80,55.75,24.66,29.72
77.88,34.14,65.07,62.73
62.85,94.18,83.80,79.59
86.89,109.71,30.57,63.29
85.71,54.39,25.82,49.50
87.47,85.53,35.02,60.86
58.81,106.73,79.69,78.83
46.69,68.99,67.33,61.47
83.32,129.56,63.25,82.53
56.10,118.02,39.96,60.41
34.68,19.05,46.58,37.50
88.40,96.96,97.27,94.55
90.60,42.95,39.25,55.39
57.30,88.05,92.13,80.86
26.06,143.96,66.44,69.83
51.03,133.07,29.86,56.85
84.28,66.63,57.38,67.30
92.14,50.81,95.88,85.74
36.28,42.82,53.49,46.19
25.36,84.55,89.07,69.05
90.19,25.99,40.51,52.51
51.15,86.90,65.67,65.56
63.34,10.19,87.51,64.80
97.45,55.34,93.66,87.13
25.33,40.79,58.87,45.19
71.87,145.97,71.18,86.34
25.93,111.81,20.24,40.26
50.04,58.95,40.26,46.93
84.31,23.00,42.30,51.04
54.68,82.35,27.48,46.61
99.77,39.88,42.38,59.10
64.72,85.10,45.69,59.28
45.69,126.95,97.50,87.85
37.61,96.21,73.49,67.27
48.04,98.73,54.08,61.20
49.80,85.74,99.04,81.61
25.50,139.82,32.26,51.74
49.57,140.47,58.08,72.00
57.14,81.78,71.76,69.38
77.82,52.81,24.45,46.13
72.54,74.34,77.36,75.31
76.70,36.12,27.99,44.23
20.67,99.09,31.22,41.63
37.41,80.01,32.78,43.62
72.93,24.46,94.31,73.93
58.72,37.67,74.66,62.48
20.43,77.15,72.43,57.77
84.36,134.26,64.44,84.38
81.82,89.29,43.42,64.11
63.87,105.41,69.67,75.08
25.32,57.46,52.81,45.49
81.32,90.00,31.63,58.21
66.70,72.63,75.17,72.12
82.56,102.28,30.37,60.41
80.14,17.08,35.25,45.08
84.24,79.06,85.42,83.79
61.44,51.44,72.81,65.12
31.23,55.67,70.48,55.74
73.69,144.53,53.46,77.74
69.64,35.58,51.70,53.86
79.38,53.57,75.22,72.14
33.59,81.38,79.20,65.95
35.60,130.82,60.82,67.25
91.23,68.33,97.54,89.81
80.00,114.14,96.46,95.06
92.66,129.89,52.99,80.27
80.70,53.40,85.65,77.72
67.77,64.99,63.46,65.06
72.33,59.92,60.94,64.15
91.13,126.60,24.40,64.86
66.30,16.21,65.92,56.09
70.59,53.18,92.05,77.84
32.52,105.12,82.41,71.98
57.91,89.16,82.91,76.66
77.31,71.08,32.79,53.80
41.68,85.59,48.68,53.96
36.18,37.66,38.66,37.72
45.11,70.30,45.27,50.23
39.32,80.24,66.36,61.02
37.19,136.17,49.18,62.98
53.99,46.52,64.86,57.93
92.63,131.50,55.08,81.63
60.56,100.19,42.93,59.67
35.03,12.85,27.63,26.89
26.16,111.45,91.35,75.81
75.69,14.98,20.91,36.16
50.62,149.63,20.13,55.18
85.75,132.17,86.14,95.23
72.76,51.63,99.74,82.02
83.70,46.04,78.17,73.40
41.76,63.40,21.22,35.82
75.39,59.86,38.14,53.66
41.12,62.13,97.75,73.64
95.13,54.56,84.69,81.80
70.91,96.96,65.34,73.34
45.96,33.00,38.95,39.86
41.56,128.44,21.15,48.73
35.27,123.74,21.67,46.16
75.57,76.71,68.96,72.49
37.50,129.38,21.75,48.00
67.62,44.60,99.49,78.95
41.17,12.46,34.67,32.18
72.96,96.69,76.86,79.66
85.20,74.11,32.40,56.58
82.24,89.40,63.21,74.16
80.87,135.91,26.45,64.67
35.02,145.79,81.34,80.33
27.07,98.82,66.79,61.28
75.92,116.97,26.89,59.62
49.47,21.73,87.89,63.13
54.59,32.50,63.76,54.76
22.49,112.65,93.73,76.14
40.77,70.39,93.33,72.97
22.69,72.44,93.64,68.11
90.33,53.21,26.22,50.85
39.47,95.03,29.68,45.69
64.59,35.92,99.02,76.07
23.12,97.77,59.01,56.00
73.35,34.33,39.06,48.40
45.84,18.94,81.57,58.32
91.83,56.25,41.14,59.37
91.05,42.36,78.18,74.88
46.02,134.46,86.98,84.19
92.08,17.69,82.74,72.53
99.69,34.73,41.92,57.81
86.03,86.82,52.13,69.24
87.59,77.35,53.06,68.28
39.92,16.42,59.30,44.91
66.14,11.02,33.39,38.74
25.38,148.33,56.20,65.38
27.59,102.24,60.86,59.16
99.91,61.16,62.54,73.47
46.13,75.86,85.59,71.81
79.85,47.32,61.39,64.11
84.53,58.28,38.46,56.25
88.64,100.87,73.05,83.29
99.81,133.59,83.79,98.56
39.32,35.78,45.55,41.73
23.23,127.65,71.62,68.31
52.90,27.02,31.76,37.15
30.41,40.10,47.35,40.82
21.79,15.20,92.74,55.95
48.83,29.71,92.90,67.04
82.70,138.42,66.03,85.51
65.29,74.32,76.19,72.55
45.02,20.87,88.32,61.84
72.35,144.36,96.68,98.92
38.56,133.06,59.19,67.78
21.15,115.66,64.93,61.94
81.15,140.69,53.25,79.11
69.90,40.82,25.76,42.01
80.98,127.09,53.82,76.62
23.12,106.60,83.25,69.88
86.97,131.77,84.39,94.64
69.56,121.57,91.39,90.88
65.07,58.51,24.12,43.28
69.97,118.42,62.17,75.76
89.15,46.74,28.59,50.39
66.95,56.00,36.06,49.31
66.48,25.11,92.02,70.98
99.25,140.91,59.74,87.83
80.54,50.74,80.68,74.65
55.38,82.89,25.15,45.77
76.59,64.79,53.35,62.61
51.14,144.39,73.94,81.19
38.31,56.91,30.67,38.21
67.75,119.00,46.07,67.16
94.25,129.76,25.16,66.81
94.33,70.98,72.11,78.55
47.35,62.94,97.67,75.63
62.21,114.68,86.16,84.68
36.93,137.81,97.97,87.63
99.65,115.69,87.65,96.86
98.49,41.80,88.42,82.12
71.96,134.36,66.17,81.55
84.35,64.26,61.46,68.89
77.21,90.67,52.50,67.55
67.45,126.40,85.45,88.24
24.27,36.38,34.57,31.84
56.38,119.83,24.50,53.13
73.98,93.46,95.83,88.80
74.20,135.07,20.30,59.42
49.85,34.08,98.15,70.85
95.34,68.90,78.31,81.54
33.39,126.60,46.28,58.48
60.03,12.69,75.83,58.46
75.27,25.71,85.43,70.44
75.77,148.68,39.63,72.28
71.89,49.26,81.67,72.25
42.02,146.58,84.35,84.10
32.50,35.55,39.95,36.84
70.88,60.55,23.35,45.05
67.94,115.40,36.33,61.63
34.35,102.09,36.05,48.75
76.41,91.36,25.22,53.80
56.41,84.19,78.08,72.80
73.42,128.08,50.40,72.84
86.99,42.89,90.75,80.05
33.58,71.95,40.17,44.55
21.53,31.76,56.26,40.94
82.33,93.43,71.12,78.95
68.78,45.08,90.20,74.75
75.97,56.74,61.97,65.12
87.05,75.98,49.88,66.25
84.22,13.75,89.36,72.70
96.87,22.87,44.82,56.05
62.87,106.03,26.35,53.24
59.08,70.06,55.60,59.54
52.15,131.07,82.81,83.26
32.30,107.25,22.46,42.37
65.81,11.13,66.87,55.40
42.16,96.34,67.56,65.70
93.70,23.12,94.28,79.87
66.66,119.33,42.92,65.32
67.43,148.81,42.31,71.15
48.39,84.37,55.24,59.01
24.16,105.59,48.55,52.64
22.54,43.22,78.91,54.86
53.87,71.26,71.34,66.08
26.77,129.85,80.71,74.36
68.55,33.44,85.60,70.05
90.48,47.17,93.84,83.50
90.63,72.36,54.47,68.90
72.72,109.71,98.78,93.15
36.90,62.62,37.25,42.22
89.04,139.88,77.15,93.26
90.89,23.22,62.72,63.27
35.73,61.91,85.35,65.78
78.99,109.25,58.14,74.62
42.92,41.64,82.72,62.56
84.21,101.90,94.41,92.85
99.78,32.99,78.58,75.82
22.40,17.84,82.09,51.33
91.79,26.94,25.37,45.61
69.81,140.20,36.40,67.18
97.87,87.25,97.94,95.78
57.20,121.49,75.45,79.18
87.79,56.57,64.92,70.11
24.99,92.97,49.36,50.77
46.82,79.29,23.55,41.68
25.36,142.40,49.53,60.85
98.03,114.66,59.91,82.30
85.36,112.28,36.92,66.52
88.20,16.49,33.85,46.68
95.04,86.95,60.67,76.24
26.81,75.38,66.87,56.55
50.85,139.90,39.19,62.83
25.68,46.03,66.99,50.41
36.86,47.78,92.03,66.63
38.35,67.59,57.85,53.95
57.53,44.07,88.59,70.37
41.48,28.09,94.18,65.15
28.08,130.04,27.39,48.13
33.40,88.16,27.66,41.48
31.78,130.59,58.08,64.69
97.85,126.36,67.05,88.15
80.74,49.49,54.07,61.16
97.42,86.68,46.12,69.62
55.18,21.65,71.28,56.52
42.27,138.14,20.17,50.39
83.86,66.60,97.45,87.20
46.10,65.11,38.57,46.14
43.95,52.39,93.37,70.35
38.60,74.49,28.72,40.84
30.37,45.25,39.05,37.69
40.52,62.48,38.79,44.05
48.43,121.99,99.69,88.77
73.92,126.80,20.37,57.72
25.01,52.59,71.17,53.61
36.84,75.66,89.57,70.97
84.72,132.33,73.78,88.77
31.75,17.37,49.02,37.51
47.41,134.48,96.66,89.45
89.17,40.69,91.48,80.63
32.39,105.00,54.72,58.08
26.62,91.56,65.87,59.23
58.76,87.41,97.40,83.81
44.19,130.31,98.60,88.62
65.07,24.22,55.99,52.36
84.30,58.58,87.79,80.90
30.97,85.36,44.16,48.44
66.46,123.58,49.75,69.53
60.44,40.30,33.19,42.79
31.53,122.41,36.73,52.31
69.92,65.95,72.55,70.44
41.89,36.45,60.86,50.29
59.03,116.26,38.49,60.21
26.58,22.73,52.23,38.63
56.77,82.07,49.85,58.37
44.52,18.94,98.99,66.64
85.79,59.90,88.29,81.86
24.56,94.15,51.04,51.72
53.49,87.86,93.11,80.17
56.67,66.65,47.41,54.04
78.00,70.07,73.43,74.13
65.94,41.75,97.33,76.80
73.38,73.82,51.22,62.39
82.16,143.46,74.39,90.53
88.98,129.06,43.67,74.34
45.11,30.33,41.30,40.25
63.04,14.17,65.93,54.71
87.21,140.69,98.34,103.47
99.16,83.74,56.25,74.62
91.16,85.30,95.01,91.91
49.72,119.30,93.15,85.35
35.61,54.06,40.30,41.64
59.15,77.47,52.15,59.31
79.33,145.61,71.46,88.65
59.41,104.10,61.44,69.36
58.65,31.52,27.68,37.74
87.06,28.65,99.50,81.60
48.91,38.60,80.21,62.50
88.78,117.34,55.02,77.61
52.54,51.35,69.45,60.76
46.26,12.99,27.01,29.98
56.32,142.18,59.62,75.14
81.00,33.76,94.47,78.29
30.08,11.34,91.73,57.16
35.71,43.20,46.99,42.85
96.12,42.90,62.51,68.67
34.04,69.08,75.79,61.92
65.42,138.85,47.20,71.00
66.35,133.09,25.19,59.12
59.17,73.97,60.44,62.77
71.58,67.53,68.13,69.04
38.39,87.70,20.47,39.29
64.21,44.08,27.65,41.90
49.77,17.31,36.58,36.68
72.93,141.49,47.84,74.10
31.30,36.14,63.28,48.26
65.67,37.78,43.51,49.01
34.82,76.14,42.09,46.72
42.29,78.83,89.55,73.23
37.50,12.58,31.60,29.57
34.63,30.71,59.64,46.35
86.06,62.94,96.23,86.52
42.86,105.72,70.00,69.00
94.17,41.98,77.38,75.34
97.59,69.22,54.50,70.37
65.70,88.03,21.59,48.11
31.44,134.40,71.69,72.16
49.96,55.65,70.55,61.39
83.82,28.70,28.83,45.30
49.39,78.50,56.97,59.00
26.96,114.54,93.23,77.61
64.54,25.38,36.41,42.64
87.61,69.46,56.89,68.62
83.67,12.49,56.89,56.04
34.01,14.70,84.86,55.57
73.82,77.61,85.97,80.65
37.64,51.75,80.74,62.01
37.46,128.32,49.24,61.52
89.93,94.30,25.76,58.72
39.97,73.55,47.96,50.68
41.06,67.11,74.38,62.93
20.05,79.61,76.22,60.05
89.65,15.66,97.20,78.63
83.41,134.99,56.29,80.17
70.19,149.76,70.59,86.30
80.02,35.41,63.14,62.66
32.16,26.85,32.05,31.04
56.67,30.10,56.90,51.47
48.10,102.54,63.59,66.73
27.50,102.60,96.06,76.80
58.89,128.71,49.32,68.07
93.66,115.26,98.41,100.35
23.20,72.96,63.38,53.24
43.32,95.80,39.40,51.86
36.60,106.36,35.33,49.92
39.05,81.78,31.34,43.74
92.67,76.59,56.23,71.23
57.45,100.31,21.75,48.17
57.30,88.05,55.60,62.60
80.85,100.15,99.07,93.82
32.36,95.80,73.61,65.67
58.98,110.69,80.78,80.22
54.40,99.99,29.52,51.08
67.75,82.76,57.85,65.80
99.96,105.45,42.90,72.53
81.56,72.93,91.53,84.82
51.83,43.83,34.50,41.56
86.20,10.20,56.70,56.25
33.66,88.39,67.04,61.30
22.44,92.69,61.12,55.83
36.36,146.09,86.42,83.34
47.23,60.61,38.52,45.55
60.85,65.18,50.19,56.39
69.21,38.25,83.37,70.10
92.85,19.87,62.25,62.95
60.79,118.19,52.17,67.96
60.10,44.96,22.36,38.20
24.02,95.25,80.27,66.39
22.79,106.29,97.77,76.98
64.09,75.97,69.62,69.23
55.05,132.69,88.52,87.31
87.13,72.13,61.35,71.24
32.85,49.89,38.53,39.10
22.00,135.44,21.16,44.27
55.92,130.62,72.27,79.03
39.00,32.97,59.45,48.02
23.97,13.63,82.57,51.20
77.97,22.60,75.57,65.70
28.93,50.12,99.04,68.22
68.67,146.12,60.83,80.24
42.48,88.19,54.17,57.47
33.88,62.26,42.94,44.09
50.38,134.42,58.15,71.07
84.12,73.44,89.83,84.84
51.37,54.13,23.40,37.94
80.06,141.77,98.23,101.49
30.04,128.93,99.46,84.53
81.82,128.11,67.83,84.08
38.95,81.72,46.52,51.29
74.19,120.52,37.84,65.28
65.26,35.11,42.12,47.66
94.33,90.25,24.01,58.35
50.99,147.74,58.01,73.85
25.29,50.73,24.59,30.03
21.53,121.21,77.48,69.44
86.15,78.67,49.75,66.45
61.98,15.57,35.95,39.68
82.02,116.82,63.59,79.77
38.75,33.60,97.90,67.30
47.61,98.41,75.61,71.77
22.41,21.99,59.34,40.79
96.92,142.56,82.15,98.66
73.43,50.84,79.00,71.70
94.66,41.71,91.34,82.41
41.24,28.08,36.37,36.17
68.92,142.44,88.71,93.52
74.28,109.67,44.08,66.26
45.40,113.83,95.28,84.03
87.85,79.92,42.49,63.58
95.77,76.46,94.15,91.10
90.79,25.40,97.10,80.87
79.13,88.38,31.64,57.23
42.20,44.57,97.96,70.55
42.53,146.80,26.86,55.55
97.07,121.52,37.49,72.17
20.82,67.82,55.53,47.58
77.28,31.19,99.49,79.17
76.50,119.95,59.09,76.48
69.82,27.09,64.03,58.38
99.21,36.51,75.55,74.84
44.95,39.61,97.46,70.14
47.20,87.96,82.67,73.09
26.32,120.19,37.93,50.90
55.42,54.00,44.24,49.55
40.88,21.85,27.81,30.54
47.47,75.04,71.56,65.03
86.77,114.74,34.46,66.21
94.84,41.03,40.59,56.95
34.86,40.79,91.05,64.14
49.80,142.61,46.14,66.53
94.29,143.58,65.33,89.67
24.94,148.67,51.81,63.12
27.39,123.07,25.92,45.79
33.02,36.35,49.03,41.69
67.62,39.68,52.65,54.55
32.04,57.63,91.66,66.97
97.45,54.54,45.96,63.12
55.74,143.91,50.34,70.67
60.12,120.47,82.63,83.44
39.73,111.36,80.72,74.55
57.68,36.03,83.86,66.44
72.95,137.33,96.30,97.50
80.09,125.90,83.64,91.03
80.31,32.91,52.61,56.98
66.23,131.96,85.72,89.12
92.35,48.11,60.69,67.67
85.39,21.32,42.22,50.99
80.56,101.96,44.23,66.67
24.45,101.53,37.91,46.60
20.55,23.29,31.60,26.62
37.00,54.64,34.76,39.41
73.08,148.99,25.05,64.25
52.90,104.98,91.08,82.41
52.19,112.21,94.48,85.34
90.77,39.81,66.94,68.66
91.65,21.03,87.24,75.32
92.73,48.77,34.69,54.92
45.11,44.85,92.13,68.57
75.28,42.84,60.51,61.41
41.73,36.99,25.37,32.60
35.25,90.47,31.31,44.32
34.77,55.93,44.72,43.98
47.37,124.85,23.48,50.92
54.40,35.75,44.74,45.84
86.48,75.05,24.79,53.35
29.59,11.91,38.88,30.70
78.79,77.44,41.25,59.75
62.52,17.82,99.55,72.09
43.04,146.88,38.84,61.71
59.43,120.68,39.13,61.53
44.00,78.62,74.94,66.39
67.69,22.12,88.75,69.11
54.71,92.94,50.96,60.48
33.15,116.23,90.05,78.22
29.33,36.70,47.21,39.74
63.74,89.55,35.76,54.91
92.19,123.99,46.37,75.64
47.52,117.55,68.75,72.14
78.64,122.42,49.37,72.76
72.69,133.11,73.83,85.34
94.52,141.28,38.95,76.09
85.68,66.77,76.08,77.10
65.33,89.63,47.80,61.42
72.56,120.69,56.47,74.14
91.87,107.60,64.62,81.39
51.96,149.37,74.90,82.91
46.14,11.91,39.10,35.77
20.86,59.72,86.88,61.64
86.12,49.34,77.75,74.58
84.08,46.72,38.73,53.93
28.36,41.15,98.00,65.74
66.15,109.28,73.18,78.29
57.12,21.87,56.19,49.60
29.50,113.83,32.60,47.92
98.45,107.08,62.66,82.28
37.18,45.11,33.18,36.77
25.38,45.40,54.36,43.87
67.59,98.04,52.70,66.24
79.11,116.70,77.60,85.87
22.60,132.71,35.39,51.02
72.70,129.30,85.75,90.55
62.58,145.08,46.09,70.84
28.26,91.39,55.52,54.52
33.80,137.21,81.79,78.48
65.44,123.19,70.03,79.28
43.71,135.25,44.64,62.48
95.07,11.63,50.90,56.30
85.50,145.23,44.46,76.93
98.69,76.29,67.58,78.66
40.77,121.75,46.61,59.89
97.58,27.81,78.06,73.87
54.50,65.43,66.38,62.63
47.80,48.00,31.66,39.77
24.03,50.83,44.82,39.78
24.22,27.26,37.72,31.58
75.36,122.81,51.23,72.78
56.63,11.29,61.28,49.89
38.12,53.75,60.54,52.46
69.12,34.42,80.36,67.80
40.23,92.47,35.13,48.13
66.21,45.60,95.72,76.84
48.74,46.26,47.43,47.59
85.88,78.37,44.02,63.45
85.66,101.38,74.81,83.38
58.19,26.98,84.44,65.07
48.07,34.57,50.28,46.48
49.00,44.60,79.75,63.50
84.46,146.32,90.70,99.95
46.25,65.60,81.34,67.66
36.72,93.86,22.74,41.16
26.78,43.82,86.19,59.89
57.34,78.66,81.96,73.91
58.57,20.38,73.54,58.42
87.27,14.86,80.80,69.55
37.70,75.62,98.35,75.61
50.48,65.81,54.49,55.55
84.67,29.16,25.38,43.92
85.89,106.26,56.87,75.45
50.77,149.01,23.71,56.89
56.73,65.39,43.54,51.87
44.26,97.44,66.95,66.24
94.60,144.82,44.77,79.73
29.49,126.41,74.83,71.54
94.70,74.90,85.76,86.27
74.71,113.25,53.64,71.88
62.53,27.94,92.01,70.35
22.61,81.69,26.39,36.32
58.05,49.07,87.21,70.83
52.62,32.56,86.29,65.44
32.90,69.68,45.76,46.69
72.51,28.34,43.90,49.37
97.69,107.86,44.41,73.08
64.98,73.87,84.91,76.72
77.18,84.36,86.53,83.29
25.48,30.49,46.38,36.93
53.41,29.57,67.41,55.64
29.31,91.68,31.11,42.68
69.02,147.90,57.50,79.04
95.08,23.48,99.90,83.17
72.94,50.00,32.71,48.24
26.14,131.72,95.81,82.09
48.37,20.12,85.94,61.50
64.05,132.62,97.78,94.63
52.26,83.40,34.37,49.54
86.69,67.16,37.08,57.98
85.17,53.36,21.35,46.90
68.95,51.60,77.98,70.00
49.88,52.81,71.53,61.29
40.43,133.87,34.25,56.03
28.47,111.33,83.29,72.45
48.39,103.76,43.94,57.24
53.05,121.82,30.80,55.68
74.07,46.00,53.81,58.33
72.65,96.53,27.28,54.74
25.61,74.41,41.06,43.09
51.62,119.54,49.71,64.25
34.54,53.30,88.15,65.10
32.55,100.05,83.40,71.47
86.18,133.51,55.42,80.27
23.35,66.30,77.97,59.25
53.53,19.33,65.49,52.67
33.46,82.25,47.27,50.12
90.35,58.44,78.07,77.83
64.56,104.11,74.68,77.53
38.51,143.14,69.53,74.95
60.19,77.99,69.44,68.38
78.52,75.27,74.64,75.93
96.65,101.64,50.76,74.70
37.64,24.49,89.53,60.95
90.89,45.49,32.98,52.86
94.74,138.66,90.71,101.51
93.31,103.79,47.38,72.44
70.83,11.88,30.00,38.62
70.39,38.65,68.00,62.85
52.26,105.60,50.08,61.84
80.19,117.02,85.24,90.08
62.50,127.58,54.46,71.50
74.20,50.90,73.49,69.19
54.28,140.34,44.66,66.68
78.52,87.41,36.76,59.42
85.96,107.52,51.04,72.81
31.71,93.54,68.54,62.49
86.63,27.18,72.56,67.70
63.22,144.84,66.26,81.06
87.57,27.20,99.04,81.23
54.50,45.68,75.29,63.13
50.32,123.91,94.52,87.14
93.20,96.60,29.43,62.00
40.09,127.34,24.91,49.95
87.54,82.20,44.88,65.14
58.72,62.78,30.93,45.64
61.13,139.06,62.07,77.19
44.68,15.08,61.52,47.18
65.84,129.86,66.00,78.72
46.02,42.31,79.62,62.08
23.14,128.82,97.71,81.56
41.76,29.49,90.26,63.56
20.51,91.23,29.47,39.13
98.27,134.34,47.08,79.89
97.26,76.30,40.47,64.67
51.61,114.52,34.15,55.46
78.27,122.65,63.58,79.80
47.66,113.11,64.26,69.05
73.69,139.55,38.18,69.11
84.43,72.56,76.95,78.32
95.74,34.24,78.63,74.88
52.02,16.69,21.68,29.78
82.66,44.50,51.66,59.53
41.27,30.05,91.21,64.00
99.23,88.11,61.63,78.21
22.06,35.89,47.81,37.70
68.28,15.45,40.29,43.72
72.76,15.04,39.47,44.57
75.04,126.42,27.98,61.79
29.63,92.80,85.38,70.14
95.08,60.13,26.93,54.02
34.49,135.19,43.38,59.08
69.82,19.83,23.65,36.74
37.81,147.25,82.51,82.05
44.58,96.28,23.14,44.20
63.72,35.68,44.66,48.58
53.38,105.07,65.86,69.96
32.82,116.87,52.76,59.60
33.67,70.11,42.58,45.41
53.45,130.63,42.02,63.17
80.58,31.10,83.82,72.30
91.84,49.04,97.92,86.32
26.73,23.09,47.84,36.56
51.45,39.52,23.13,34.90
28.02,43.42,22.93,28.55
21.33,138.47,80.74,74.46
72.94,20.94,64.19,58.16
68.20,69.84,82.69,75.77
33.04,84.54,75.80,64.72
38.71,135.82,92.60,85.08
21.90,149.68,90.87,81.94
86.80,115.47,83.07,90.67
97.98,145.91,58.02,87.59
30.84,120.19,44.65,55.61
38.52,144.85,60.56,70.81
89.47,109.02,60.17,78.73
94.12,21.17,68.82,66.88
53.57,66.27,34.89,46.77
24.05,100.52,72.45,63.54
23.15,59.10,56.53,47.03
65.92,48.27,69.62,64.24
51.43,90.84,39.17,53.18
22.29,140.69,54.75,62.20
66.66,14.90,36.82,41.39
20.90,117.69,90.02,74.82
82.99,111.18,59.04,76.65
44.51,144.95,38.00,61.34
23.22,140.30,23.30,46.68
67.07,116.71,74.06,80.49
51.81,82.86,37.17,50.70
97.90,38.60,99.17,86.68
63.54,86.33,62.70,67.68
42.02,117.15,43.12,57.60
76.76,135.39,72.61,86.41
41.72,120.56,42.02,57.64
92.34,37.34,85.62,77.98
49.98,93.96,44.66,56.12
63.99,56.50,99.06,80.03
24.05,11.29,68.41,43.68
54.09,38.03,87.55,67.61
86.59,25.85,25.83,44.06
84.45,127.98,47.86,74.86
37.95,46.19,79.00,60.12
38.09,49.86,72.40,57.60
85.38,144.39,35.54,72.26
94.43,63.07,48.50,65.19
27.63,11.34,41.08,31.10
56.00,49.74,69.07,61.28
47.00,26.70,47.57,43.22
89.66,24.39,44.72,54.14
26.68,20.85,36.59,30.47
36.89,93.06,52.72,56.04
80.20,36.51,35.64,49.18
24.10,60.57,97.01,67.85
59.40,130.68,32.36,60.14
55.37,69.41,93.06,77.02
46.75,138.20,54.28,68.81
51.57,79.71,50.23,56.53
62.40,65.84,38.51,51.14
32.91,115.05,70.86,68.31
65.76,20.24,74.84,61.20
84.43,22.53,57.41,58.54
80.81,101.28,24.46,56.73
32.31,78.17,93.48,72.07
31.94,120.66,98.43,82.93
41.45,138.28,54.48,67.33
48.89,64.37,69.09,62.09
52.68,93.50,56.02,62.51
74.38,80.10,45.75,61.21
24.53,147.43,26.19,49.94
22.77,126.35,56.49,60.35
51.35,137.64,85.47,85.67
75.77,45.61,21.36,42.53
35.47,118.15,66.57,67.56
71.32,47.17,90.46,76.06
40.79,39.22,37.40,38.78
90.89,142.20,34.66,73.04
91.66,12.70,81.78,70.93
43.78,145.15,40.41,62.37
38.40,30.90,35.36,35.38
52.90,124.72,50.24,65.93
39.24,48.63,51.40,47.20
73.79,59.10,89.93,78.92
86.09,40.35,69.48,68.64
73.85,91.97,52.48,66.79
85.95,58.73,62.75,68.91
51.76,102.04,96.32,84.10
32.51,12.19,29.06,26.72
79.04,19.01,36.62,45.82
48.84,23.95,97.00,67.94
73.70,68.66,96.59,84.14
41.65,124.07,34.17,54.39
26.50,134.34,31.61,50.62
99.41,44.27,53.69,65.52
32.50,90.41,23.98,39.82
99.07,117.57,72.39,89.43
98.18,50.44,26.20,52.64
83.51,67.26,24.64,50.83
72.75,83.36,58.81,67.90
66.22,28.88,96.62,73.95
89.29,13.64,54.14,56.59
43.16,31.39,48.52,43.49
57.41,97.76,99.84,86.69
69.55,20.31,62.56,56.21
52.90,36.56,50.02,48.19
54.20,57.30,50.87,53.16
46.42,20.90,35.60,35.91
65.14,36.84,60.98,57.40
88.05,137.58,55.11,81.49
36.12,12.70,41.66,34.21
94.75,101.48,32.84,65.14
75.13,63.82,44.90,57.75
85.86,104.17,60.69,76.94
64.50,92.42,24.67,50.17
82.36,41.29,32.30,49.12
21.30,128.61,95.81,80.02
85.47,78.87,63.43,73.13
23.21,125.16,25.08,44.53
91.19,66.84,75.45,78.45
99.36,147.86,24.94,71.85
43.53,117.87,79.11,76.19
36.83,145.23,80.00,80.09
81.23,82.01,72.09,76.82
40.24,76.32,78.58,66.63
89.24,115.76,27.04,63.44
28.23,133.24,78.14,74.19
30.08,144.98,30.94,53.49
98.33,55.44,47.16,64.17
73.91,121.82,95.42,94.25
87.75,39.49,60.23,64.34
45.95,86.38,97.39,79.76
74.12,35.18,27.11,42.83
67.54,58.64,58.20,61.09
68.25,140.39,24.99,61.05
74.60,30.45,70.42,63.68
66.03,98.54,26.30,52.67
54.32,93.01,34.03,51.91
42.07,26.90,40.71,38.36
81.49,55.64,79.90,75.53
38.10,88.82,33.12,45.75
75.39,36.21,87.73,73.72
38.67,122.09,30.55,51.29
70.03,146.10,22.82,61.64
79.77,40.07,51.60,57.75
37.50,36.17,98.36,67.66
24.80,73.69,28.83,36.59
30.48,114.69,28.14,46.15
68.48,49.42,80.09,70.47
87.96,12.78,44.97,51.43
23.60,85.77,77.38,62.92
78.73,143.92,36.00,70.40
47.31,64.78,56.81,55.55
58.28,68.82,41.22,51.86
94.31,145.65,56.12,85.48
46.56,107.25,81.53,76.18
57.23,110.68,80.96,79.78
21.09,88.78,61.26,54.71
26.53,146.45,94.27,84.38
40.69,106.44,41.10,54.05
22.23,135.30,39.22,53.34
70.51,107.91,69.10,77.28
54.11,112.92,69.70,73.67
63.85,50.66,23.72,41.15
33.97,52.49,68.62,55.00
43.67,119.62,49.95,62.00
73.11,51.54,79.80,72.14
97.22,88.79,84.65,89.25
24.03,44.91,64.17,48.28
91.23,124.38,20.14,62.32
66.15,25.47,70.91,60.39
65.11,126.12,79.91,84.71
60.02,94.38,39.92,56.84
25.55,36.17,57.17,43.48
27.19,85.88,97.26,73.96
68.07,49.55,43.85,52.26
47.28,55.29,37.85,44.17
93.38,59.21,36.87,58.29
52.53,18.86,64.70,51.88
31.46,148.03,95.98,87.03
77.18,14.41,68.70,60.39
43.47,102.75,44.27,55.73
62.04,61.97,71.09,66.55
75.83,100.44,69.99,77.83
92.02,59.87,67.75,73.45
83.38,104.33,32.75,62.25
74.11,112.09,70.77,80.04
74.37,106.68,54.41,70.85
95.67,25.95,21.49,44.64
43.67,101.97,63.18,65.09
20.09,49.20,99.14,65.44
41.76,14.03,47.98,39.32
37.43,68.08,97.24,73.47
72.95,70.70,27.70,49.88
70.70,75.40,78.60,75.59
67.48,108.68,29.15,56.56
21.30,53.24,41.89,37.98
78.30,54.14,65.67,67.15
45.88,18.48,67.42,51.17
73.20,106.15,82.02,84.20
64.53,89.50,69.22,71.87
47.42,58.92,67.49,59.75
30.77,108.73,92.99,77.47
27.55,85.23,56.17,53.40
86.52,75.69,38.02,60.10
93.47,81.59,32.94,60.83
71.98,99.09,52.00,67.41
28.27,102.40,77.02,67.47
52.16,50.45,23.40,37.44
78.32,29.70,30.32,44.60
82.39,31.93,28.49,45.35
29.46,99.51,66.82,62.15
20.00,132.20,39.43,52.16
76.97,67.33,33.30,53.21
48.53,33.73,67.42,55.02
40.36,115.92,80.90,75.74
21.03,126.55,46.57,54.90
63.22,133.28,66.26,78.75
88.09,94.96,27.85,59.34
96.61,130.50,94.82,102.49
65.26,12.16,46.95,45.48
61.16,25.01,99.80,73.25
26.80,22.96,98.29,61.78
63.91,109.76,82.31,82.28
50.40,19.74,21.61,29.87
68.57,79.49,63.48,68.21
51.10,76.18,26.95,44.04
39.22,53.50,91.61,68.27
27.60,131.86,83.17,76.24
45.19,33.86,97.79,69.22
27.73,59.34,68.67,54.52
34.15,118.38,61.77,64.81
98.99,14.26,61.52,63.31
55.53,104.21,50.92,62.96
62.55,124.30,57.50,72.38
89.89,140.52,70.83,90.49
99.65,132.68,94.64,103.75
66.62,54.71,67.67,64.76
85.00,92.09,88.57,88.20
46.16,20.82,89.02,62.52
44.46,46.10,61.51,53.31
52.22,23.19,47.80,44.20
73.80,54.13,71.17,68.55
74.58,132.53,55.67,76.72
45.22,58.60,26.52,38.55
30.66,88.67,50.22,52.04
70.59,70.67,99.53,85.08
30.27,74.25,23.88,35.87
66.28,145.74,75.73,86.90
75.47,51.46,87.30,76.58
76.05,97.83,71.90,78.33
80.28,68.81,65.58,70.64
89.83,18.56,76.60,68.96
60.00,78.51,54.35,60.88
78.42,123.87,27.31,61.95
69.53,23.83,96.99,74.12
34.93,19.74,54.58,41.72
22.06,31.51,73.23,49.54
42.76,117.02,62.50,67.48
55.44,111.36,24.37,51.09
69.37,89.10,96.22,86.74
88.00,75.55,83.40,83.21
35.70,134.37,31.93,53.55
30.04,117.34,98.53,81.75
97.08,123.67,78.95,93.33
28.64,123.86,57.79,62.26
58.28,99.98,68.91,71.94
66.85,74.12,28.54,49.15
63.31,131.05,64.83,77.62
26.88,139.64,25.89,48.94
24.56,13.33,63.59,41.83
28.44,17.22,64.22,44.09
66.85,144.22,89.96,93.88
63.55,48.80,78.00,67.83
38.70,132.27,39.96,58.04
71.02,64.43,91.07,79.73
85.61,26.67,65.86,63.95
23.33,21.26,68.51,45.51
59.85,31.91,33.52,41.10
75.14,44.99,88.62,75.85
40.18,78.39,94.48,74.97
44.62,108.21,82.00,76.03
69.09,148.10,95.26,97.98
91.83,71.81,44.18,64.00
84.79,82.55,88.89,86.39
66.65,83.05,59.11,66.16
78.42,85.52,33.11,57.18
49.19,82.48,73.50,68.00
71.28,11.23,74.73,61.00
57.29,10.24,42.95,40.71
35.19,23.67,22.20,26.39
76.14,24.22,35.99,45.68
64.52,108.69,51.98,67.08
48.69,38.69,33.41,39.05
92.91,135.26,35.52,72.69
21.67,140.00,51.31,60.16
45.26,146.63,96.94,91.37
24.55,141.47,81.14,76.23
81.32,48.06,45.58,56.80
76.17,81.37,96.13,87.19
46.51,34.56,71.65,56.69
74.05,122.87,56.44,75.01
51.67,134.38,57.46,71.11
80.50,129.18,52.86,76.42
56.33,70.67,38.64,50.35
52.98,116.21,50.93,64.60
94.78,23.66,62.23,64.28
40.07,15.63,62.24,46.27
29.64,115.45,80.94,72.45
66.76,69.55,48.70,58.29
97.55,149.38,77.34,97.81
50.23,23.62,66.25,52.92
24.96,129.79,96.95,81.92
47.14,77.20,50.82,54.99
60.47,125.80,92.10,89.35
32.95,124.40,85.65,77.59
72.65,138.24,71.01,84.95
99.82,51.70,72.36,76.47
56.14,142.97,26.77,58.82
48.38,31.23,96.02,68.77
52.06,21.48,28.55,34.19
29.21,70.43,65.06,55.38
90.66,125.97,46.41,75.60
53.19,76.28,54.39,58.41
50.98,126.10,68.81,74.92
72.78,112.16,92.71,90.62
55.36,39.32,56.61,52.78
71.86,142.84,99.02,99.64
24.92,18.51,67.42,44.89
85.10,135.76,32.84,69.10
95.24,52.62,35.20,56.70
71.90,80.02,77.29,76.22
96.37,69.13,24.03,54.75
32.11,34.06,58.43,45.66
58.19,60.14,31.86,45.41
68.14,37.01,54.66,55.17
66.54,38.54,79.99,67.66
52.12,36.19,56.71,51.23
47.05,78.46,33.08,46.35
30.15,121.71,40.15,53.46
51.34,89.66,49.40,58.03
33.01,135.05,25.56,49.69
78.75,99.12,66.75,76.82
36.71,106.51,68.60,66.62
24.69,103.47,24.97,40.59
64.19,72.92,52.18,59.93
67.62,106.51,53.12,68.15
89.75,19.76,46.71,54.23
66.16,130.38,64.62,78.23
47.64,118.89,47.68,61.91
84.24,44.33,53.31,60.79
63.22,117.52,83.80,84.37
26.34,11.77,32.97,26.74
65.27,40.41,69.53,62.43
92.64,19.12,60.45,61.84
51.71,119.23,44.41,61.56
43.71,115.82,78.20,75.38
31.48,123.91,64.10,66.28
32.12,10.63,58.19,40.86
54.62,80.17,73.41,69.12
67.65,108.68,84.18,84.12
26.45,31.76,97.81,63.19
95.17,100.97,70.35,83.92
80.41,21.78,89.96,73.46
66.93,35.39,20.09,37.20
86.28,76.61,62.42,72.42
26.41,101.50,37.17,46.81
58.15,30.42,27.54,37.30
70.41,35.93,62.56,59.59
86.29,38.62,79.75,73.49
82.68,43.42,52.98,59.98
42.17,41.72,73.61,57.80
95.27,65.32,59.18,71.23
29.95,101.53,54.97,56.78
90.01,71.32,43.22,62.88
97.68,118.64,50.61,78.34
34.17,110.70,47.98,56.38
77.77,27.71,71.69,64.72
23.22,16.84,29.28,24.97
52.43,132.91,27.41,56.02
61.30,21.18,72.80,59.03
66.45,30.77,63.70,57.94
94.87,13.10,54.42,58.29
73.78,97.97,32.20,57.83
58.50,91.53,52.88,62.30
84.77,148.17,83.18,96.66
96.04,134.17,91.17,101.23
21.77,67.52,76.21,58.14
98.60,62.02,24.79,54.38
26.89,51.56,73.63,55.19
85.15,31.34,39.28,51.45
42.43,29.33,45.22,41.20
30.57,28.52,35.67,32.71
55.19,25.98,82.06,62.78
71.52,43.67,71.89,66.13
50.48,52.93,68.95,60.20
24.37,144.62,73.44,72.96
67.96,90.99,38.94,58.06
92.19,148.26,55.57,85.09
50.66,62.15,70.66,62.96
37.31,74.07,70.93,61.47
55.41,55.44,83.35,69.39
23.87,35.60,42.97,35.77
85.64,30.04,81.63,72.52
86.11,142.31,55.21,81.90
67.04,148.15,73.61,86.55
48.25,16.29,56.46,45.96
83.98,31.05,95.89,79.35
64.37,69.29,34.34,50.34
86.07,36.09,74.00,70.04
70.52,60.94,66.12,66.40
82.75,28.07,33.82,47.35
67.89,73.91,25.28,47.79
53.13,48.04,83.93,67.51
96.64,59.27,32.60,57.15
63.29,23.20,34.92,41.09
68.41,69.94,98.27,83.65
37.64,147.66,77.38,79.51
70.05,56.04,40.04,52.24
65.73,132.70,67.28,79.90
34.79,128.05,62.73,67.41
24.77,143.29,87.56,79.87
68.35,120.62,78.35,83.80
81.10,102.34,86.54,88.07
61.87,129.92,36.92,63.00
38.14,20.59,71.22,51.17
73.32,74.80,23.22,48.57
26.41,148.50,25.52,50.38
55.35,117.74,77.08,78.69
33.07,144.69,21.95,49.83
34.76,119.15,66.38,67.45
36.18,132.48,87.23,80.97
50.94,108.91,50.40,62.26
24.09,116.47,23.59,42.32
51.82,83.24,77.11,70.75
60.94,139.39,94.37,93.34
58.66,125.51,77.37,81.39
50.62,128.14,66.28,73.95
87.13,104.22,38.40,66.18
31.63,52.64,21.23,30.63
60.46,14.99,75.57,58.92
24.96,140.99,38.48,54.93
25.69,92.06,88.65,70.44
65.91,51.74,57.31,58.78
65.28,30.88,62.45,56.98
90.24,126.13,80.31,92.45
64.63,127.11,82.35,85.99
96.78,124.03,71.41,89.55
23.90,100.31,95.07,74.77
27.84,61.24,98.58,69.89
23.53,52.57,95.75,65.45
34.82,11.20,85.93,55.65
63.30,126.71,76.45,82.56
71.65,22.24,73.07,62.48
23.65,98.31,28.30,40.91
95.68,80.57,41.72,65.68
87.37,83.74,20.46,53.19
43.73,139.74,30.99,56.56
26.18,14.43,55.14,38.31
33.59,118.27,31.72,49.59
30.16,17.29,92.13,58.57
29.86,15.34,84.46,54.26
61.48,70.17,25.73,45.34
39.67,18.83,39.91,35.62
48.65,120.48,85.53,81.46
99.16,84.14,84.24,88.70
74.75,14.07,95.64,73.06
95.92,15.67,99.80,81.81
31.40,95.77,98.10,77.62
50.57,122.86,52.81,66.15
64.38,71.29,40.03,53.59
26.14,87.64,80.67,65.70
20.33,121.98,43.94,52.47
73.63,95.47,84.51,83.44
71.35,41.47,62.72,61.06
52.86,95.83,83.51,76.78
59.17,97.96,42.07,58.38
53.24,112.77,60.64,68.85
21.92,96.92,65.12,58.52
46.83,145.69,95.45,90.91
34.17,37.62,41.33,38.44
27.87,143.15,94.94,84.46
96.54,85.37,84.39,88.23
67.95,104.07,78.47,80.43
78.29,23.92,82.95,69.75
45.23,63.28,68.43,60.44
51.45,117.71,39.53,58.74
38.95,108.97,35.16,51.06
27.76,15.62,89.31,56.11
34.32,86.52,78.01,66.61
83.80,22.36,37.06,48.14
74.20,149.42,69.21,86.75
63.75,135.62,55.80,74.15
58.01,12.95,32.69,36.34
93.79,130.21,62.55,85.45
25.82,138.72,42.52,56.75
42.45,59.50,27.70,38.48
48.00,110.73,57.36,65.23
82.59,71.89,67.21,72.76
99.40,101.73,23.75,62.04
39.25,57.64,52.17,49.39
89.94,55.16,40.61,58.32
86.45,69.42,22.45,51.04
37.97,30.38,30.05,32.49
51.95,126.36,31.12,56.42
52.77,58.82,34.63,44.91
98.26,66.02,84.27,84.82
34.47,135.17,55.16,64.95
83.93,79.53,31.77,56.97
46.74,86.20,28.02,45.27
78.47,143.91,43.84,74.24
53.60,134.14,83.84,84.83
66.27,33.73,49.16,51.21
86.61,76.25,32.79,57.63
84.33,145.98,52.33,80.66
89.31,62.13,64.42,71.43
24.77,62.02,22.37,31.02
75.36,37.30,70.21,65.17
31.20,26.01,51.61,40.37
53.27,113.64,20.78,49.10
63.89,117.80,73.91,79.68
52.22,145.66,76.99,83.29
61.57,118.28,70.31,77.28
99.72,44.07,47.35,62.41
30.82,15.62,62.37,43.55
74.04,147.96,50.97,77.29
51.68,57.66,76.05,65.06
30.64,53.68,66.69,53.27
32.70,136.83,26.54,50.45
95.94,91.91,71.45,82.89
90.37,40.08,74.98,72.62
92.56,134.47,49.66,79.49
99.32,149.07,90.06,104.64
36.67,22.13,87.44,59.15
48.44,130.72,34.01,57.68
73.54,64.67,92.34,81.17
58.70,83.37,55.27,61.92
53.47,138.07,77.90,82.61
48.62,146.27,85.13,86.41
67.50,46.70,60.41,59.80
66.05,39.80,51.93,53.74
32.92,21.27,93.24,60.75
57.74,88.65,38.47,54.29
64.28,11.90,40.56,41.94
65.62,67.67,48.93,57.69
36.81,20.27,88.76,59.48
79.38,66.73,95.10,84.71
22.02,15.59,37.61,28.53
48.39,126.93,89.11,84.46
82.42,39.36,40.66,52.93
65.11,55.96,97.65,79.55
40.89,131.81,67.79,72.52
75.60,114.48,20.57,55.86
65.39,40.67,22.73,39.12
83.70,20.07,31.80,45.02
78.80,110.19,35.01,63.18
68.81,64.70,81.41,74.29
59.05,117.25,37.82,60.08
30.65,72.34,97.53,72.43
40.91,58.44,70.89,59.41
53.53,73.17,75.40,68.39
67.94,114.80,37.43,62.06
61.10,136.31,91.42,91.30
43.05,16.97,73.43,53.02
20.52,83.38,89.15,67.41
59.70,14.60,96.52,69.09
42.85,75.58,30.05,43.00
78.77,133.94,27.73,64.28
21.92,60.62,84.27,60.83
66.79,140.54,89.29,92.79
95.32,98.29,66.70,81.60
33.95,140.78,49.28,62.98
57.73,116.00,72.21,76.62
27.31,24.48,44.45,35.31
70.05,42.36,39.07,49.02
64.04,65.18,59.05,61.77
52.59,33.81,37.29,41.18
61.71,79.29,58.70,63.72
91.73,75.99,96.53,90.98
35.70,143.88,87.18,83.08
21.81,70.72,95.33,68.35
88.93,119.99,84.51,92.93
66.17,141.87,48.38,72.42
91.25,132.78,84.96,96.41
67.76,39.21,93.83,75.09
84.81,79.44,95.76,89.21
54.37,58.68,74.66,65.38
79.99,65.98,36.91,55.65
93.04,60.51,23.18,51.60
65.77,125.69,31.78,60.76
34.46,73.30,97.24,73.62
41.50,83.32,56.97,57.60
35.89,147.54,88.40,84.47
39.75,18.40,57.20,44.20
44.51,78.31,72.87,65.45
64.41,118.37,21.93,53.96
67.04,31.16,39.99,46.34
54.12,95.61,54.90,62.81
69.23,43.53,70.45,64.70
26.53,131.44,33.72,51.11
27.02,55.79,81.16,59.84
33.75,56.07,49.15,45.91
61.45,93.75,85.39,79.88
37.12,35.70,27.84,32.20
42.66,49.88,74.38,59.96
52.03,68.33,43.47,51.01
84.95,59.51,83.63,79.20
21.11,83.48,52.17,49.11
71.95,93.95,73.23,76.99
73.51,89.33,94.74,87.29
83.89,101.58,21.65,56.31
94.62,53.08,20.89,49.45
21.61,27.70,81.62,52.83
32.30,116.51,71.71,68.85
90.89,129.11,43.44,74.81
56.68,45.98,59.55,55.97
65.17,66.99,23.35,44.62
73.04,79.80,35.40,55.57
74.33,84.67,53.96,66.21
94.54,102.33,86.72,92.19
99.76,15.82,58.37,62.28
77.61,111.01,66.91,78.94
42.98,18.68,89.90,61.58
90.38,75.56,44.71,64.58
23.94,125.87,76.06,70.39
38.49,73.17,88.93,70.65
91.79,30.87,36.21,51.82
40.50,147.90,48.52,65.99
37.65,134.50,98.38,87.38
31.05,117.98,98.66,82.24
88.73,67.61,37.86,59.07
60.00,35.74,25.32,37.81
73.99,141.80,41.67,71.39
39.13,84.53,51.82,54.56
80.64,129.33,55.28,77.70
80.80,57.89,69.50,70.57
45.01,56.94,91.96,70.87
52.85,147.98,46.43,68.67
36.78,83.06,88.00,71.65
98.12,29.70,27.48,49.12
71.65,40.75,23.35,41.32
94.76,77.47,60.32,74.08
44.27,15.95,24.77,28.86
82.55,74.75,51.40,65.41
81.27,68.65,91.74,83.98
75.33,119.11,39.32,66.08
97.25,59.69,76.48,79.35
51.48,147.56,44.19,67.05
30.46,35.31,23.59,28.00
73.74,92.74,64.54,72.94
78.34,22.56,86.79,71.41
66.00,112.74,52.76,68.73
36.55,149.27,69.38,75.51
60.36,124.68,92.00,89.04
44.98,87.80,83.18,72.64
54.20,77.86,35.51,49.59
71.62,126.90,78.67,86.20
79.62,141.04,60.15,82.17
38.58,148.49,79.68,81.11
52.43,65.52,59.56,58.61
41.53,148.73,30.24,57.32
35.89,31.83,65.59,49.93
82.67,45.50,59.37,63.59
92.74,22.46,61.43,63.03
49.62,48.04,90.31,69.65
80.10,117.51,91.59,93.33
91.76,129.41,56.28,81.55
87.69,119.04,56.46,78.34
34.63,98.35,61.21,60.66
96.50,81.96,61.57,76.13
50.13,109.22,96.03,84.90
47.14,64.72,71.95,63.06
24.99,127.78,42.20,54.15
58.89,104.81,62.52,69.89
28.72,107.69,70.18,65.24
39.88,85.03,71.18,64.56
45.36,133.93,66.82,73.80
84.71,45.28,34.22,51.58
90.04,63.36,22.69,51.03
44.20,118.87,47.03,60.55
88.70,78.98,54.20,69.51
88.58,134.49,24.94,65.94
81.17,58.50,85.20,78.65
31.74,61.71,47.53,45.63
75.23,134.42,93.09,96.00
95.60,75.01,32.35,59.86
74.60,82.26,24.55,51.11
46.53,56.59,58.59,54.57
60.05,48.73,35.13,45.33
71.66,101.83,94.99,89.36
60.85,26.78,20.82,34.02
29.60,133.10,53.01,62.00
44.97,119.09,94.14,84.38
84.19,36.70,50.75,57.97
88.91,107.16,27.45,61.83
30.98,94.37,44.23,50.28
96.19,35.83,59.84,65.94
46.31,48.25,34.81,40.95
72.99,67.26,57.32,64.01
80.15,107.89,86.91,89.08
84.96,99.42,89.81,90.28
95.66,84.51,23.94,57.57
45.03,117.58,32.87,53.46
88.68,116.11,42.02,70.84
30.53,96.50,67.59,62.25
76.40,120.18,48.88,71.40
79.36,56.80,87.52,78.93
74.22,133.37,77.33,87.61
40.19,96.09,28.04,45.30
89.84,125.13,69.96,86.96
33.51,86.48,29.04,41.87
24.29,40.58,40.40,35.60
77.40,85.94,34.23,57.52
58.04,61.96,33.84,46.72
87.93,107.65,69.31,82.56
50.67,76.61,65.09,63.07
33.46,127.06,34.08,52.49
86.92,104.93,99.21,96.67
63.91,105.84,53.75,67.22
35.14,40.40,27.77,32.51
77.63,147.79,29.65,67.67
60.89,127.83,66.71,77.19
68.35,120.46,98.33,93.76
56.87,56.23,65.76,61.19
86.30,84.99,95.92,90.85
86.37,29.19,55.53,59.51
76.75,85.39,54.87,67.54
28.43,30.42,60.00,44.61
87.11,87.43,75.79,81.51
73.68,100.82,49.41,66.97
75.76,64.63,89.11,80.21
49.04,79.80,22.34,41.84
90.34,132.59,55.18,81.21
78.03,25.20,60.88,58.89
29.01,120.84,68.56,67.15
52.62,33.91,42.09,43.61
90.91,15.14,54.20,57.40
23.78,35.98,58.76,43.71
96.91,117.11,74.95,89.97
74.33,66.72,81.88,76.58
70.51,132.15,79.03,87.10
41.64,83.46,47.33,52.85
39.90,13.12,99.96,64.57
95.36,110.34,87.89,94.62
43.86,25.43,40.80,38.64
82.04,120.51,35.61,66.52
51.45,33.53,45.12,44.70
31.14,58.36,56.19,49.11
20.86,116.58,88.06,73.60
63.54,143.59,82.27,88.91
98.06,62.00,88.10,85.87
49.53,126.12,41.76,60.96
48.58,36.71,67.48,55.66
47.53,123.01,42.66,60.19
61.64,102.05,28.72,53.26
55.25,36.98,74.74,61.34
90.39,52.35,31.44,53.31
60.44,28.45,73.42,60.53
60.62,63.62,71.84,66.83
31.07,38.51,84.82,59.43
98.62,100.16,31.16,65.20
40.00,149.23,82.68,83.19
25.87,11.68,99.94,60.07
73.05,85.73,88.08,83.10
67.63,90.31,80.14,78.42
53.21,137.99,72.97,80.05
53.78,80.84,53.74,59.17
82.81,86.12,78.44,81.29
35.66,76.03,77.93,64.87
85.62,47.65,70.52,70.48
71.90,17.84,83.70,66.99
53.52,67.21,55.90,57.45
56.64,17.36,29.70,35.31
40.53,87.07,64.73,61.94
80.17,53.02,41.20,55.26
61.03,84.70,50.75,60.62
45.67,28.80,21.39,30.16
67.68,140.57,50.62,73.73
99.66,135.23,84.70,99.29
54.82,36.60,63.42,55.48
93.66,58.08,20.78,50.10
47.60,95.89,57.59,62.25
24.38,23.40,43.32,33.65
36.34,59.64,58.20,51.93
53.50,45.16,52.38,51.27
37.57,138.17,94.56,86.19
20.02,129.35,23.29,43.52
93.20,91.18,74.69,83.54
87.51,82.85,88.08,86.86
79.38,140.30,96.74,100.24
33.43,140.54,34.21,55.24
29.63,145.71,62.50,69.28
25.41,27.55,23.49,24.88
77.92,32.48,59.93,59.84
94.30,104.74,30.04,64.26
54.44,85.80,87.03,77.01
29.53,12.59,29.11,25.93
60.99,18.68,61.06,52.56
47.91,134.33,61.69,72.08
49.99,131.64,97.73,90.19
69.71,60.02,72.40,69.12
77.50,134.75,43.03,71.72
28.85,93.11,39.26,46.91
22.85,122.83,30.26,46.55
99.55,69.84,80.52,84.09
38.62,25.88,75.26,54.39
24.31,70.72,68.79,55.83
35.19,74.02,23.27,37.00
23.12,87.13,81.03,64.88
51.34,24.78,71.35,56.03
84.19,148.80,97.11,103.57
47.30,44.18,66.98,56.52
55.53,37.80,44.32,46.38
74.05,83.75,50.52,64.22
60.71,85.21,34.07,52.29
88.92,71.57,77.83,79.91
89.28,118.06,76.62,88.71
20.79,82.33,36.05,40.73
82.24,95.36,32.68,60.08
56.86,111.32,26.16,52.40
99.11,13.50,92.96,78.91
58.66,89.89,38.65,54.90
98.95,133.79,47.53,80.21
80.37,12.43,42.44,47.82
39.89,66.73,53.09,51.86
63.07,139.67,77.12,85.41
99.37,59.44,89.65,86.52
88.60,74.22,34.61,58.73
27.79,147.42,74.91,75.28
76.51,37.91,48.20,54.64
47.65,19.14,98.44,67.34
20.56,130.32,43.91,54.19
52.28,131.59,20.58,52.29
38.78,76.09,61.25,57.48
85.51,81.99,32.06,58.08
46.99,127.01,23.56,51.28
86.20,113.40,75.86,86.47
20.05,47.12,78.58,54.73
44.63,12.37,56.86,44.29
39.29,77.16,74.15,64.29
38.69,130.25,63.06,69.19
25.45,135.42,70.38,69.91
34.97,143.87,67.74,73.13
64.44,133.14,73.27,82.59
43.31,91.21,35.97,49.22
53.39,72.24,41.50,51.22
50.15,118.48,55.20,66.34
90.07,113.58,55.69,77.58
92.42,85.34,81.95,85.77
59.44,22.23,49.39,46.97
46.41,139.65,33.00,58.35
28.54,73.78,40.12,43.38
96.27,60.87,37.18,59.64
24.82,98.14,78.53,66.34
43.81,104.34,57.63,62.83
43.85,39.50,76.69,59.40
45.63,127.17,53.30,65.77
33.14,50.59,91.18,65.65
82.65,36.14,98.68,81.36
29.80,66.90,73.59,59.12
70.79,112.28,89.11,88.25
29.91,145.16,60.63,68.32
25.64,123.30,94.77,79.74
92.75,141.65,86.53,99.42
35.21,29.68,99.34,66.17
85.70,19.96,69.85,64.63
63.57,88.08,82.34,77.86
26.23,50.64,63.43,49.71
96.44,125.93,40.73,74.48
39.76,104.08,48.38,56.93
88.77,145.90,91.52,101.57
33.50,45.67,24.48,31.42
88.32,78.01,67.32,75.76
21.06,80.17,49.80,47.25
60.94,43.48,50.94,52.45
81.56,92.61,90.77,88.38
94.78,72.06,88.31,87.00
92.74,72.54,67.91,76.28
85.57,60.78,41.83,58.74
91.06,12.37,58.04,58.81
35.94,83.09,52.66,53.73
42.73,56.93,48.29,48.35
43.12,10.18,28.22,29.08
50.16,53.11,63.45,57.39
51.47,49.01,44.15,47.32
63.56,65.08,72.86,68.51
32.79,28.46,45.54,38.30
75.30,81.08,54.49,66.05
33.41,106.94,24.19,43.51
44.82,98.23,99.40,82.79
60.27,122.53,60.61,72.89
83.72,73.28,21.94,50.74
79.16,82.67,63.30,71.93
71.64,123.46,89.63,91.00
32.46,69.88,81.80,64.61
63.76,108.22,76.07,78.81
27.00,70.84,31.16,37.85
50.19,68.48,72.62,65.06
53.08,116.43,81.30,79.86
23.18,34.48,65.79,46.75
41.92,57.40,91.42,69.77
96.45,41.38,42.16,58.29
96.29,60.28,39.37,60.63
48.19,42.25,89.57,67.69
23.45,91.12,70.03,60.27
34.33,121.74,20.12,44.71
51.38,120.13,48.25,63.56
95.82,61.03,88.63,85.27
31.30,148.43,22.19,50.17
81.08,93.14,20.26,53.08
28.69,65.92,42.50,43.04
98.50,126.98,93.12,101.51
50.53,112.18,92.12,83.66
82.02,114.90,61.50,78.34
47.41,37.46,64.26,53.84
70.21,75.57,46.56,59.46
35.36,130.66,39.50,56.49
31.68,80.57,85.22,68.23
95.05,105.68,28.50,63.90
93.41,92.31,58.99,75.98
91.00,127.93,70.75,88.26
70.03,49.84,28.29,45.12
84.66,90.57,61.57,74.30
25.52,27.25,66.20,46.21
46.78,106.63,79.40,75.06
45.10,112.48,38.79,55.42
70.85,16.00,43.47,46.19
48.48,104.61,65.56,68.25
31.88,68.06,98.65,72.50
67.72,27.37,37.40,44.49
85.15,68.79,98.87,88.74
50.57,37.19,77.15,61.18
30.58,68.18,86.09,65.86
35.74,63.81,27.17,37.07
39.00,113.37,44.03,56.39
43.99,118.39,24.62,49.19
71.42,94.98,49.72,65.28
68.08,13.18,98.50,72.31
75.69,140.34,28.42,64.98
49.00,106.07,64.99,68.41
85.92,14.79,20.49,38.98
36.33,124.64,77.01,74.33
57.52,38.04,35.78,42.75
84.08,91.09,30.37,58.63
34.41,75.33,46.96,48.87
28.79,68.78,81.68,63.23
90.69,134.56,28.53,68.38
47.43,71.23,38.39,47.67
74.71,20.55,20.68,36.86
22.03,142.53,97.47,83.85
75.20,138.87,67.37,84.02
45.29,105.82,77.59,73.55
24.46,75.50,72.11,58.49
68.79,23.00,31.55,41.01
39.26,120.70,67.60,69.72
50.94,20.57,30.51,34.65
26.45,19.60,52.10,37.91
31.77,85.23,65.52,59.34
43.84,32.42,64.71,51.99
27.18,11.08,29.53,25.13
92.87,69.24,22.75,53.08
20.48,29.21,83.86,53.92
58.71,32.47,78.07,63.14
29.86,20.77,26.55,26.39
44.61,38.71,30.19,36.22
94.08,110.17,91.41,95.96
32.94,123.25,81.53,75.30
97.27,73.35,99.69,93.70
36.46,80.92,40.32,47.28
79.33,14.57,59.02,56.22
63.73,19.70,38.92,42.52
90.76,46.06,69.82,71.35
64.32,86.15,29.23,51.14
62.76,113.54,30.18,56.63
35.64,94.70,25.75,42.51
33.30,64.90,75.49,60.72
93.32,26.57,59.53,63.07
46.23,119.31,69.42,72.44
49.77,60.93,90.34,72.29
80.79,113.05,79.23,86.46
47.11,81.82,56.94,58.97
96.16,113.41,98.75,100.91
79.03,137.02,56.50,79.36
67.79,138.94,29.00,62.62
90.47,84.91,99.41,93.83
23.97,81.61,21.83,34.43
40.57,47.19,63.99,53.60
57.20,141.01,44.73,67.73
38.16,74.11,60.28,56.41
79.51,27.86,64.70,61.78
93.54,70.58,39.21,61.78
53.90,27.79,64.55,54.00
47.37,80.35,80.48,70.52
96.92,88.58,41.32,67.45
55.59,57.29,50.67,53.47
59.12,20.03,41.46,42.47
48.13,142.09,85.64,85.68
92.76,118.27,78.00,90.48
65.52,127.44,89.70,89.99
80.97,61.36,33.60,53.36
84.94,116.52,25.89,61.73
47.35,77.95,29.55,44.57
54.70,38.15,32.88,40.48
87.88,27.42,62.65,63.17
49.06,58.31,97.67,75.22
83.51,29.26,48.58,55.20
95.28,149.76,96.68,106.88
69.86,16.89,23.06,35.87
79.33,71.76,94.15,85.23
84.41,73.29,34.49,57.23
87.60,52.09,93.00,83.20
51.60,89.99,24.50,45.73
24.10,31.00,95.86,61.36
52.15,119.75,36.06,57.62
73.90,56.54,44.22,55.59
56.03,92.79,59.28,65.01
79.92,110.19,50.46,71.24
48.56,134.47,73.40,78.16
70.78,127.01,97.98,95.63
34.91,95.16,68.51,63.76
79.95,64.38,77.72,75.72
63.66,80.45,27.04,48.71
36.33,117.62,70.22,69.53
43.35,132.86,56.31,67.73
79.89,24.53,90.86,74.30
58.61,63.88,51.06,55.89
37.28,118.66,74.36,72.10
97.38,70.43,38.25,62.42
77.21,56.51,40.75,54.84
96.57,67.59,50.09,67.53
54.17,94.40,44.33,57.30
58.01,149.97,40.31,67.55
91.84,79.02,23.97,55.34
62.00,39.19,86.94,69.91
76.58,32.80,25.14,42.10
40.17,15.93,90.99,60.73
55.74,88.23,30.04,49.39
29.88,86.24,25.22,38.82
36.48,38.73,65.04,51.21
20.08,107.35,60.20,57.59
23.14,113.75,59.30,59.34
98.18,46.27,65.96,71.69
39.39,58.17,42.96,44.93
73.06,148.67,73.04,88.17
87.13,62.40,60.19,68.71
64.05,116.51,46.78,65.91
32.25,73.38,86.12,67.41
78.25,121.07,78.22,86.80
68.02,117.66,51.49,69.68
78.50,103.49,87.81,88.15
81.58,129.67,93.62,97.22
98.03,141.49,62.95,89.18
65.89,91.20,37.20,56.61
47.33,43.25,93.26,69.48
71.88,65.81,35.16,52.31
25.48,116.16,23.87,42.81
91.79,101.12,46.20,70.86
29.55,34.89,78.16,54.92
46.23,17.17,93.86,64.23
85.26,105.61,70.98,82.19
67.78,45.15,96.15,77.44
51.49,79.95,27.39,45.13
57.87,114.54,24.86,52.70
88.36,88.77,68.34,78.43
47.20,21.66,97.29,67.14
89.57,35.98,60.22,64.18
27.05,40.71,24.12,28.32
82.14,46.10,37.70,52.71
87.80,89.16,39.58,63.96
34.55,80.56,47.03,49.99
54.43,38.44,23.49,35.76
33.24,19.46,92.39,60.06
76.53,34.00,61.25,60.38
62.83,147.81,73.67,85.25
70.83,75.60,25.37,49.05
35.72,131.43,24.33,49.17
36.94,128.83,66.92,70.31
23.32,81.61,90.98,68.81
45.77,108.94,62.28,66.66
64.78,36.99,90.23,71.95
88.63,106.38,84.88,90.30
73.35,48.13,26.07,44.67
54.83,126.49,36.16,59.83
96.25,21.72,72.62,69.53
77.54,118.24,55.48,74.65
94.41,23.99,43.26,54.75
62.21,133.37,53.49,72.08
40.71,52.59,55.62,50.54
24.23,101.62,92.84,74.01
78.09,78.25,28.28,53.22
29.70,61.28,42.38,42.36
44.22,100.36,63.01,64.84
62.60,142.65,75.86,85.24
65.15,15.78,70.45,57.93
68.05,138.64,95.33,95.81
33.30,95.27,83.65,70.87
50.38,123.02,64.57,72.00
69.38,63.74,37.17,52.15
97.59,76.06,56.07,72.52
78.21,131.64,75.47,87.53
93.81,68.08,87.04,85.28
80.98,84.85,96.78,89.65
67.34,12.83,68.44,56.99
35.36,32.20,62.15,48.12
73.33,99.84,21.42,52.68
69.87,110.38,25.77,55.92
68.20,91.56,32.49,55.02
59.18,30.06,24.38,35.96
62.29,72.36,52.07,59.19
46.76,59.71,46.95,49.45
61.55,79.39,70.99,69.84
35.80,131.85,62.85,68.53
84.41,118.62,67.68,82.89
34.86,21.76,57.76,43.69
26.80,134.64,42.22,56.08
54.90,76.05,96.23,79.80
72.66,114.14,26.91,58.08
55.02,29.61,95.11,69.98
42.14,103.90,44.90,55.87
64.65,43.09,61.01,58.52
47.76,71.37,28.71,42.96
94.63,12.36,25.67,43.70
93.81,31.23,54.36,61.57
60.19,22.89,79.34,62.30
46.23,43.56,41.55,43.36
78.97,24.00,64.99,60.99
22.94,106.87,42.29,49.40
57.98,14.07,51.09,45.75
46.91,96.48,92.52,79.63
93.64,29.70,88.47,78.27
20.96,142.32,61.28,65.39
64.23,140.63,39.05,66.92
79.25,41.57,35.45,49.81
58.80,96.02,96.33,85.01
26.83,13.92,36.22,28.94
97.80,140.45,84.65,99.75
61.44,83.22,49.52,59.84
69.13,16.05,98.85,73.37
38.93,57.95,49.45,47.99
58.68,20.76,48.12,45.82
54.33,65.01,71.00,64.80
25.99,103.79,96.92,77.02
28.49,75.78,98.10,72.75
87.00,63.72,76.58,77.13
39.19,26.68,80.37,57.28
35.60,44.29,65.07,52.07
60.39,24.02,80.46,63.15
81.50,123.05,88.78,93.45
24.96,28.93,58.89,42.72
66.14,93.35,69.59,73.31
29.54,57.98,62.99,51.95
22.92,41.64,65.00,47.70
24.22,99.53,91.20,72.77
86.73,73.98,48.45,65.04
29.44,66.02,36.65,40.36
23.61,93.00,56.50,53.93
55.03,78.78,36.65,50.59
87.52,52.49,59.87,66.69
40.99,88.27,92.28,76.09
53.74,103.73,69.39,71.56
23.19,13.74,88.43,53.92
55.93,75.22,33.30,48.47
66.21,18.08,92.07,69.51
65.67,36.10,68.14,60.99
46.59,88.47,22.54,42.94
45.24,131.27,70.65,75.15
28.53,133.59,96.11,83.33
49.34,19.79,26.33,31.93
27.96,68.67,66.60,55.42
81.33,91.62,93.24,89.34
97.30,30.59,20.78,45.70
97.61,117.16,70.47,87.95
89.21,114.19,57.99,78.60
68.06,136.47,47.76,71.59
76.07,11.19,70.20,60.16
42.82,40.34,24.22,33.02
70.46,125.81,80.25,86.42
56.45,103.88,20.36,47.89
58.56,135.21,44.55,66.88
80.62,18.01,60.32,57.95
42.55,93.57,50.16,56.56
45.44,89.67,44.60,53.87
93.97,14.99,86.47,74.42
24.50,81.89,94.79,71.12
58.85,95.33,89.90,81.67
93.02,36.78,61.79,66.16
68.83,48.27,90.73,75.67
63.71,99.65,93.67,85.88
39.98,75.56,52.74,53.48
47.46,130.12,42.68,61.60
88.16,57.93,27.86,51.96
64.74,47.33,58.33,58.05
61.18,147.88,95.70,95.78
27.97,137.56,64.87,68.34
21.28,14.06,73.40,45.90
97.09,117.90,29.03,67.22
50.16,25.45,31.48,35.88
68.26,13.85,57.16,51.83
26.38,48.32,96.10,65.63
74.65,47.71,48.86,56.37
94.61,124.70,90.20,98.42
66.05,109.49,29.62,56.52
30.09,147.43,69.36,73.19
66.54,109.61,68.05,75.91
81.31,68.56,88.79,82.50
52.51,107.85,20.27,47.46
90.39,149.92,35.19,74.70
71.89,109.42,37.58,62.24
91.94,116.64,96.00,98.91
69.88,141.37,32.30,65.39
30.50,25.91,22.96,25.81
44.78,108.67,62.76,66.55
36.14,129.11,62.28,67.80
92.71,143.61,87.52,100.30
80.83,39.54,95.91,80.11
74.11,80.55,63.08,69.88
44.08,105.28,94.40,81.48
34.72,44.65,78.01,58.35
80.52,94.07,41.16,63.55
57.93,46.06,94.27,73.73
38.06,56.68,73.40,59.45
69.33,71.81,53.13,61.73
23.23,84.09,74.42,61.00
46.09,72.91,52.11,54.46
57.48,79.05,29.13,47.62
31.84,51.80,77.52,58.67
98.77,32.26,85.93,79.05
36.73,16.63,78.30,53.49
30.43,37.44,38.33,35.78
36.28,91.47,96.53,77.44
81.52,120.06,22.02,59.48
54.04,33.69,46.61,46.25
65.23,25.20,40.81,45.01
21.68,114.90,23.85,41.41
22.75,52.72,52.46,43.60
55.67,143.21,69.85,80.27
85.33,110.00,90.60,92.90
90.82,55.75,99.18,87.99
26.94,50.54,84.65,60.52
63.07,83.32,57.49,64.33
93.06,21.08,77.90,71.08
51.04,26.47,87.49,64.35
86.37,34.62,57.22,61.45
30.70,118.46,82.80,74.30
94.83,81.94,58.61,74.14
80.11,11.48,50.92,51.79
95.31,104.29,62.09,80.50
74.13,69.32,74.07,73.14
49.07,81.52,78.15,70.10
95.05,39.98,48.54,60.78
42.05,87.25,65.71,62.92
46.57,147.08,92.79,89.78
76.06,20.28,98.11,75.93
81.23,49.75,38.18,53.41
94.35,44.02,35.43,54.82
36.38,44.80,74.13,56.94
83.84,63.02,53.17,64.34
79.08,124.54,21.94,59.60
25.10,137.80,47.75,58.97
50.98,38.31,84.54,65.23
42.62,86.01,83.79,71.88
44.36,99.17,59.57,62.93
98.64,83.06,57.81,75.11
71.42,70.77,66.36,68.76
77.41,36.88,37.55,49.37
98.13,78.35,62.08,76.15
50.18,66.17,20.88,38.73
84.15,121.38,58.04,78.54
54.76,116.90,46.88,63.25
89.56,28.76,73.99,69.61
34.45,22.39,71.07,50.35
95.81,137.14,50.47,81.41
37.50,84.97,20.58,38.53
46.10,130.09,40.18,59.94
80.50,18.14,70.67,63.11
51.50,83.71,25.79,45.09
68.66,85.52,28.61,52.01
55.57,130.50,71.76,78.65
79.39,23.67,80.46,68.78
38.27,43.66,45.72,43.07
24.68,66.92,59.17,50.37
43.99,131.22,95.66,87.27
57.94,141.44,95.64,93.49
33.44,148.98,44.60,62.13
48.38,144.29,84.80,85.77
52.00,10.83,67.52,51.53
24.59,16.68,98.04,59.73
66.66,30.66,58.21,55.23
90.75,58.84,81.98,79.98
32.14,126.19,81.45,75.61
67.82,134.97,59.79,77.23
73.18,36.16,83.65,71.01
53.55,96.75,40.88,55.86
76.09,138.43,29.78,65.40
52.86,74.92,54.01,57.85
60.37,24.50,95.49,70.76
20.59,74.09,60.06,51.03
75.34,62.61,70.82,70.53
72.91,90.87,69.93,75.01
23.07,71.41,30.61,36.51
49.46,12.43,51.22,42.93
98.32,149.16,76.56,97.61
53.66,86.10,97.76,82.20
60.16,76.31,33.44,50.03
92.79,143.65,52.84,82.99
77.38,31.82,27.61,43.38
66.57,36.49,39.39,46.96
83.82,123.12,50.14,74.84
89.15,46.52,63.25,67.67
56.55,121.89,38.45,60.57
58.01,48.01,38.21,46.11
50.88,14.65,82.23,59.31
97.34,82.38,97.01,94.18
75.77,37.54,45.89,53.18
26.66,116.10,75.04,68.74
89.04,99.77,40.65,66.99
58.44,139.30,94.24,92.51
25.50,119.62,73.83,68.49
63.98,35.31,84.21,68.36
53.37,122.02,23.95,52.39
90.22,99.84,67.88,80.97
36.32,103.65,62.21,62.73
86.12,126.52,43.44,72.86
64.62,90.34,40.99,57.95
24.37,75.24,66.40,55.56
97.75,99.13,76.52,87.41
61.01,51.71,22.65,39.97
43.27,35.56,65.39,52.79
57.55,96.32,33.64,53.35
88.63,42.74,31.23,50.75
44.39,21.19,69.85,52.48
35.41,10.08,44.87,35.07
30.33,95.16,55.27,55.77
43.83,60.70,48.80,49.69
82.40,115.32,71.87,83.72
57.73,62.52,57.61,58.63
38.20,78.04,97.08,75.61
33.29,66.99,48.19,47.48
46.62,101.08,79.22,73.81
95.19,59.86,40.58,60.82
47.44,144.93,60.70,73.57
99.05,141.06,64.21,90.03
58.82,128.72,46.33,66.56
34.33,138.84,57.74,66.94
91.29,72.88,42.34,63.13
56.83,85.10,20.48,44.31
76.77,113.89,37.25,64.43
98.70,107.46,76.01,89.11
24.01,134.70,81.68,74.98
27.74,110.29,42.42,51.59
77.64,149.70,52.64,79.55
42.55,58.79,22.99,36.02
34.74,126.62,38.97,55.23
23.15,107.67,82.34,69.65
21.75,106.79,68.48,62.12
81.96,55.62,36.46,53.94
30.75,119.98,40.60,53.52
57.42,136.05,85.34,87.11
68.47,40.60,36.73,47.03
54.27,97.57,46.73,59.16
22.17,64.90,73.15,56.21
82.68,148.54,64.89,86.96
20.84,77.04,56.87,50.09
80.95,41.96,91.98,78.67
91.46,63.46,37.58,58.92
54.63,101.54,79.31,76.35
62.84,20.65,32.73,39.35
58.16,94.50,69.26,70.98
51.14,140.37,89.65,88.24
90.99,129.05,56.63,81.42
91.51,19.47,77.94,70.32
46.87,149.07,85.63,86.69
69.21,107.82,30.88,57.77
94.15,32.72,76.47,73.02
96.96,11.74,93.59,78.23
60.72,33.98,66.11,58.07
56.23,127.34,34.89,59.78
42.30,13.03,30.16,30.38
96.71,42.64,40.78,57.93
31.43,116.02,28.28,46.77
66.39,92.06,61.07,68.86
42.60,119.58,25.58,49.49
42.32,114.46,37.87,54.52
52.40,17.08,55.19,46.73
99.90,134.95,57.91,85.91
24.40,41.78,65.23,48.29
66.28,87.47,76.45,75.60
26.61,100.20,23.78,39.91
32.36,33.61,26.45,29.66
55.17,146.67,24.87,58.32
60.84,78.34,53.85,60.84
40.70,18.07,23.35,27.50
45.32,141.22,79.69,81.69
26.96,92.08,37.84,45.42
44.26,107.89,95.14,82.43
97.32,83.52,58.91,75.35
95.58,126.86,55.71,81.90
46.79,14.64,82.44,58.19
65.67,47.57,77.05,67.74
92.77,75.75,68.58,77.27
20.49,20.72,94.81,57.70
84.85,108.83,53.78,74.11
95.87,65.11,84.68,84.12
27.31,48.17,50.41,43.03
32.92,10.47,87.07,55.50
96.86,110.78,40.76,71.59
63.00,126.73,43.14,65.82
21.14,65.31,74.23,56.52
40.61,88.99,37.02,48.49
56.00,41.88,38.33,44.34
75.43,97.11,44.42,64.26
78.65,11.70,74.31,63.09
99.63,78.41,91.15,91.15
43.00,100.19,73.97,69.92
63.06,138.55,86.23,89.74
62.67,63.39,63.48,63.22
52.45,117.13,25.51,51.92
33.53,93.68,28.04,42.81
98.20,139.78,64.35,89.59
88.27,65.77,46.22,62.74
59.87,54.67,37.65,47.72
68.26,134.20,57.30,75.97
38.18,16.89,73.32,51.49
63.50,29.09,50.80,50.27
75.60,21.54,84.20,69.09
61.21,128.04,79.08,83.51
99.22,11.49,78.79,71.46
68.91,130.63,98.82,96.21
49.68,73.18,43.62,51.35
81.77,10.56,71.58,62.43
33.64,66.23,88.44,67.56
50.76,36.15,66.36,55.64
47.76,97.42,83.16,75.39
54.54,105.11,53.16,63.96
82.54,78.25,67.24,74.03
58.73,15.67,24.45,32.98
83.52,101.86,98.86,94.86
66.12,127.89,84.00,87.41
47.37,110.85,89.50,81.13
84.80,126.19,75.54,88.45
39.06,38.07,34.88,36.77
37.95,134.44,22.48,49.51
60.36,55.11,89.17,73.72
40.87,11.88,51.71,40.49
20.73,128.07,41.11,52.39
71.86,141.85,64.93,82.39
60.89,101.78,53.67,65.46
55.64,42.40,72.13,61.24
97.36,45.24,58.70,67.61
65.70,75.32,75.78,72.66
89.07,135.70,88.27,98.00
31.16,30.94,35.64,33.36
65.54,125.64,46.35,67.97
89.44,50.78,54.95,64.46
66.65,123.20,96.96,93.11
77.44,138.84,49.23,75.61
49.76,69.85,50.49,54.14
27.40,61.11,72.28,56.58
56.63,122.31,53.54,68.22
51.56,84.13,96.10,80.34
89.36,105.82,91.56,93.75
39.52,97.20,61.07,61.83
97.34,31.40,71.58,71.27
96.65,128.27,24.64,66.97
39.81,37.41,75.66,57.25
47.84,140.52,76.58,80.75
91.64,45.08,48.74,60.88
97.33,112.74,37.57,70.53
55.48,49.85,93.21,73.22
45.68,54.49,54.14,51.67
62.09,53.40,72.30,65.46
75.02,114.70,22.67,56.78
41.88,87.95,53.13,56.72
78.92,133.61,85.38,93.09
24.13,53.03,51.01,43.35
23.94,106.88,68.25,62.68
50.90,115.41,36.79,56.75
48.28,31.21,53.32,47.39
45.25,66.08,94.21,73.90
59.28,77.59,65.32,65.96
45.66,59.80,92.15,71.73
35.38,55.10,92.16,67.71
44.76,106.10,95.53,82.41
97.99,40.22,91.63,83.26
52.89,109.31,20.26,47.86
55.58,140.91,94.72,92.22
66.12,89.13,31.00,53.16
98.67,95.60,23.19,60.32
39.33,19.65,24.43,27.94
74.50,131.03,47.91,72.51
77.28,49.96,69.66,68.01
68.59,96.11,52.18,65.89
27.09,147.08,22.04,48.56
74.15,93.37,58.12,69.98
25.13,111.46,55.37,57.52
67.69,72.34,80.55,75.05
79.17,18.45,42.37,48.63
36.88,121.66,37.40,54.10
87.33,14.90,40.48,49.42
22.43,108.09,44.30,50.50
87.51,13.21,67.93,62.86
56.83,130.72,57.72,72.05
37.41,32.07,46.95,41.11
30.70,82.00,49.95,50.59
96.26,93.60,49.67,72.43
25.81,74.06,97.79,71.45
35.93,57.71,38.64,41.64
47.83,75.49,85.44,72.17
69.62,53.60,76.66,69.94
63.58,71.34,20.45,43.57
30.05,60.25,99.45,70.79
43.18,89.27,80.52,71.07
39.10,43.31,74.60,57.69
37.08,148.41,52.43,67.02
52.89,80.12,64.42,64.10
76.32,37.18,40.26,50.46
37.40,76.79,22.84,38.00
49.33,131.30,86.88,84.50
51.27,13.05,91.72,63.85
98.12,105.14,33.00,66.96
96.37,86.72,82.96,87.73
84.01,33.74,79.29,71.60
39.33,124.45,34.27,53.82
25.44,61.64,53.75,46.84
45.35,51.13,53.82,50.74
41.34,125.94,80.80,77.99
60.47,99.39,87.01,81.52
82.22,135.76,27.58,65.61
88.67,98.18,65.04,78.76
87.59,113.71,80.94,89.49
48.77,127.10,82.90,81.50
74.98,17.66,31.84,41.95
45.03,118.65,62.04,68.26
24.87,95.92,88.60,70.94
76.13,19.73,45.48,49.52
20.79,81.20,54.01,49.48
52.73,21.54,84.35,62.30
46.35,113.03,27.15,50.09
75.47,86.51,88.76,84.32
81.30,143.50,44.89,75.53
44.33,35.64,20.12,30.49
84.93,94.84,38.73,63.81
43.51,39.62,27.16,34.56
55.71,95.97,27.39,49.60
78.16,111.17,75.43,83.40
75.43,111.12,37.12,63.41
98.99,124.11,94.78,101.91
38.01,129.50,61.32,67.96
72.99,20.82,56.81,54.47
68.77,58.06,54.74,59.61
93.21,106.20,75.41,86.91
32.51,79.80,56.18,53.80
80.14,36.69,30.29,46.52
65.46,87.38,90.41,82.32
41.97,67.04,54.27,53.13
57.95,64.61,25.92,43.27
46.70,123.37,62.35,69.86
66.35,67.06,71.79,69.21
91.12,13.70,42.05,51.10
65.54,18.13,84.03,65.30
70.54,129.87,73.58,83.93
61.50,144.48,72.03,83.36
24.09,106.38,53.67,55.34
38.63,61.01,96.95,72.27
59.36,141.40,41.94,67.06
44.82,102.79,66.22,67.11
34.54,128.21,44.72,58.36
60.33,117.22,79.58,81.33
45.82,63.08,23.82,38.27
40.65,77.02,23.67,39.43
57.12,36.06,84.87,66.78
30.66,50.88,54.74,46.74
94.22,118.94,47.29,75.70
89.42,135.16,68.60,88.16
76.61,111.42,76.15,83.34
28.50,75.12,36.10,41.62
82.07,22.11,34.83,46.46
84.64,17.97,96.65,77.31
81.42,62.41,67.17,70.49
29.12,74.94,51.21,49.33
71.51,95.28,84.12,82.57
86.75,10.91,62.01,59.21
66.19,148.56,39.33,69.23
71.71,60.95,36.54,51.97
56.67,128.73,51.75,68.62
62.30,84.90,88.79,80.06
22.75,28.26,24.92,24.94
71.12,121.66,37.48,64.41
26.52,109.38,91.45,75.56
54.80,83.84,29.74,48.08
43.41,82.04,70.37,64.62
63.63,22.25,37.08,42.08
30.67,101.82,68.47,63.80
75.33,137.57,50.65,75.44
83.60,23.05,28.13,43.75
33.07,46.89,66.60,52.60
28.35,136.32,74.64,73.09
31.64,49.81,74.42,56.66
90.17,101.55,70.96,82.84
62.26,84.87,60.02,65.66
57.38,93.49,61.56,66.69
28.54,68.21,70.85,57.63
71.96,52.00,75.22,69.60
89.44,16.79,72.39,66.38
86.25,114.20,66.96,82.19
70.08,114.45,32.47,60.15
26.02,103.90,36.85,47.01
28.99,100.11,40.82,49.13
23.94,44.12,93.57,62.79
40.60,13.13,80.75,55.18
30.85,123.22,64.23,66.01
40.80,78.76,40.16,48.07
50.80,52.96,28.87,40.27
95.44,24.27,91.90,79.44
68.83,18.78,91.41,70.11
86.80,58.84,28.86,52.24
76.83,122.66,83.78,89.47
29.00,138.62,55.73,64.29
78.87,135.55,45.92,73.73
42.01,138.80,79.13,79.93
71.13,137.08,69.15,83.33
47.28,83.81,82.40,72.15
99.81,40.72,25.95,51.06
41.08,121.73,45.49,59.42
42.33,39.92,45.55,43.46
94.45,47.41,46.38,61.01
21.97,42.66,60.20,45.22
75.74,82.10,42.64,60.46
78.03,55.06,55.55,62.20
86.91,31.58,49.42,57.10
97.96,73.44,78.82,83.49
98.05,132.35,68.28,90.03
25.22,89.88,72.29,61.69
85.75,132.97,36.85,70.74
71.70,37.42,46.04,52.01
71.79,33.38,21.69,39.06
30.27,90.58,28.67,41.53
72.01,74.87,41.20,57.18
98.60,102.42,25.24,62.68
92.95,121.25,68.21,86.24
55.13,115.18,99.85,89.50
23.20,141.92,28.07,49.38
48.98,65.76,85.70,70.70
86.11,38.89,29.51,48.37
76.12,87.13,73.59,77.06
56.75,25.50,71.45,57.85
24.41,50.44,92.22,63.52
54.15,39.10,29.12,38.62
57.52,65.52,45.24,52.98
94.28,25.57,27.26,47.03
71.29,14.46,52.59,50.57
44.93,101.95,92.93,80.33
62.03,95.43,82.52,78.95
25.28,109.17,77.83,68.33
97.81,102.45,62.64,81.15
48.80,26.00,90.68,65.18
58.23,50.75,55.96,55.60
48.42,28.13,31.97,36.14
74.60,128.02,87.01,91.49
72.98,114.57,42.37,65.99
77.23,38.21,24.29,42.96
41.45,57.78,30.08,39.03
45.25,145.33,68.72,77.00
30.02,93.18,68.57,61.93
72.44,122.16,40.81,66.57
23.18,47.04,78.17,55.45
67.81,39.41,81.89,69.17
89.58,119.75,93.64,97.64
91.27,106.02,66.79,81.98
55.92,105.34,82.35,79.02
56.74,87.37,80.25,74.62
26.16,88.90,40.62,45.94
73.66,113.00,44.82,67.11
85.70,47.80,58.28,64.41
39.57,59.39,21.52,34.51
53.70,132.03,43.79,64.41
87.11,53.24,57.91,65.74
90.17,86.48,28.65,58.67
39.45,108.37,30.10,48.56
64.05,149.99,57.06,77.74
35.40,70.94,78.48,64.05
28.15,69.93,86.70,65.78
92.89,127.96,63.71,85.31
85.64,122.77,57.98,79.24
80.80,112.35,50.74,72.08
23.90,74.85,35.44,39.86
87.50,55.35,31.72,53.18
55.04,95.22,83.35,77.23
47.39,132.67,57.20,69.35
63.72,133.73,83.23,87.48
27.31,25.19,76.33,51.40
80.53,69.97,35.51,55.91
66.59,75.06,60.82,65.40
34.93,146.87,55.52,67.61
35.06,104.92,53.91,58.46
34.74,67.01,63.41,55.53
24.56,13.65,98.57,59.38
67.02,89.15,85.03,80.45
87.23,23.45,92.30,77.01
21.40,126.82,22.37,42.97
23.92,115.35,31.23,45.86
65.82,74.47,26.78,48.03
85.56,70.09,41.06,60.22
46.14,135.63,55.35,68.64
47.97,50.38,71.36,60.15
67.71,44.86,60.07,59.32
41.94,141.49,92.25,87.00
22.13,123.29,95.19,78.89
78.82,124.89,33.08,65.16
70.05,37.33,88.23,72.60
66.46,30.06,58.54,55.22
79.33,13.64,56.27,54.66
74.02,43.19,82.80,72.24
36.47,118.39,27.45,48.34
48.20,43.61,90.60,68.48
30.09,112.07,73.67,68.28
30.39,45.27,90.02,63.18
74.10,65.34,99.56,85.08
88.69,147.64,61.44,86.85
97.02,44.27,27.46,51.69
70.27,62.69,33.32,50.28
34.73,52.15,45.89,43.79
28.45,25.35,28.28,27.75
85.03,78.59,85.23,83.84
66.30,63.02,43.75,54.37
69.46,107.28,98.07,91.33
82.52,124.46,76.21,87.75
76.26,86.19,33.87,57.05
86.76,14.51,58.08,57.97
24.50,96.65,57.35,55.36
79.80,17.75,59.40,57.19
88.07,96.29,62.86,77.11
42.89,105.90,22.49,45.29
71.24,37.69,74.90,66.36
45.13,124.71,58.98,67.97
96.64,137.55,83.28,98.14
22.67,123.83,85.23,74.18
66.38,52.72,38.44,49.68
33.32,92.13,23.87,40.36
76.98,138.07,76.26,88.84
34.07,54.89,98.22,70.31
38.83,124.80,55.73,64.47
59.55,11.33,40.77,40.52
93.19,10.51,32.53,46.32
36.94,116.36,43.00,55.85
31.54,116.60,46.23,55.90
80.72,120.46,53.91,75.26
60.05,140.20,72.43,82.27
92.94,26.51,41.85,54.11
31.73,42.48,24.08,30.05
71.67,136.52,49.86,73.73
38.63,34.81,88.45,62.78
32.54,105.51,59.87,60.80
74.67,84.26,97.18,87.84
67.49,21.65,60.29,54.72
80.39,49.94,42.07,55.14
44.76,82.85,35.47,47.73
55.84,129.33,75.56,80.40
52.44,109.06,62.91,69.00
98.73,97.06,68.32,83.19
43.38,79.44,80.41,69.11
43.59,51.82,78.07,62.48
48.36,26.69,23.47,31.58
65.17,67.27,84.21,75.11
40.19,13.99,62.62,46.16
93.22,39.55,51.34,61.55
41.25,70.55,63.00,57.98
91.67,68.60,69.00,75.72
28.28,16.20,31.96,27.70
72.53,92.47,53.39,66.95
92.56,86.96,46.85,68.58
33.50,20.93,48.03,38.25
97.47,142.04,27.31,71.30
56.23,23.91,32.79,38.05
95.66,129.68,32.95,71.11
74.15,10.04,49.86,49.18
44.13,133.52,91.56,85.72
35.06,12.76,36.48,31.31
44.30,116.09,53.30,63.16
27.44,60.64,44.93,42.83
31.51,113.35,82.99,73.62
28.37,66.24,24.01,33.76
53.84,19.93,35.72,38.00
83.65,117.45,36.85,67.01
31.31,19.98,99.44,63.11
30.43,139.10,65.66,69.78
71.47,17.14,31.12,40.43
35.77,77.11,41.78,47.04
27.81,111.22,33.43,47.30
33.35,65.05,29.97,38.00
93.90,40.41,83.77,78.14
85.72,116.27,59.66,78.80
48.33,119.80,70.50,73.71
72.47,139.18,46.50,72.83
62.98,62.66,64.30,63.58
74.17,80.88,40.61,58.73
74.61,60.84,44.64,56.87
70.30,45.99,72.18,66.38
41.29,115.14,32.03,51.43
23.12,57.55,69.38,53.14
56.45,69.94,88.18,75.01
91.28,66.51,29.63,55.50
65.56,109.77,91.80,87.52
86.59,138.49,26.36,66.86
99.33,103.35,47.91,74.42
33.09,76.02,68.84,59.55
75.34,119.09,64.75,78.80
73.94,99.74,27.71,55.98
98.40,18.49,83.91,75.17
98.85,23.39,97.85,83.26
74.93,15.31,34.50,42.79
39.49,73.95,91.61,72.44
83.88,125.62,64.54,82.56
28.56,53.83,94.87,66.77
82.46,63.78,34.09,54.54
92.82,137.33,83.36,96.99
50.63,127.17,24.78,53.01
70.45,103.11,90.66,87.09
54.41,47.35,73.93,62.76
55.02,26.39,49.62,46.59
44.83,12.25,35.24,33.52
80.97,24.98,85.32,71.95
94.89,50.96,68.26,72.79
95.26,87.25,48.83,70.44
33.98,18.96,55.51,41.74
89.98,29.07,86.12,75.87
78.99,35.35,47.11,54.32
40.23,98.48,27.17,45.35
25.38,96.21,92.90,73.31
41.44,87.11,50.99,55.35
92.98,45.07,47.87,60.84
70.65,61.96,36.35,51.76
77.68,23.54,91.79,73.91
40.57,41.70,37.40,39.21
77.55,135.68,70.93,85.87
22.25,147.16,90.46,81.34
50.03,100.67,22.79,46.54
70.14,138.36,86.30,91.86
31.69,99.98,52.85,55.93
85.84,14.65,72.64,65.00
38.80,149.55,49.79,66.45
72.18,23.85,75.64,64.24
52.42,105.57,40.34,57.01
67.68,45.40,21.75,40.26
28.60,64.88,95.82,69.47
21.35,100.43,21.31,37.15
92.77,71.11,85.93,85.02
41.57,45.08,33.53,38.25
85.57,56.82,51.38,62.72
99.95,57.82,85.80,84.45
36.91,144.31,36.47,58.17
41.21,121.81,89.26,81.36
73.03,74.20,59.82,66.66
97.24,37.97,49.29,61.41
93.27,123.54,73.00,89.19
60.23,32.01,47.31,48.13
83.61,39.46,47.78,56.87
30.86,61.24,78.68,60.85
98.20,133.25,44.79,78.50
97.15,28.45,36.06,52.87
33.10,27.11,84.61,57.66
43.95,79.16,84.43,71.23
28.01,48.70,59.81,48.05
41.74,89.62,62.13,61.51
85.28,73.23,75.69,78.07
50.27,70.89,60.74,59.63
27.07,25.68,53.36,39.94
47.38,29.75,99.59,69.96
98.51,124.95,31.81,70.45
70.37,134.02,67.42,81.62
53.29,42.86,90.87,69.99
33.32,25.88,74.98,52.66
98.89,17.48,90.47,78.40
85.67,95.16,46.91,68.19
42.52,110.15,41.76,55.67
25.61,62.19,88.10,64.17
24.53,105.15,51.53,54.15
29.63,109.81,76.77,69.24
66.46,140.95,31.82,64.04
94.30,19.08,80.47,72.34
59.74,36.92,63.92,57.27
87.44,19.59,41.49,50.89
55.67,131.52,59.56,72.78
76.69,120.96,75.76,85.08
78.55,90.45,20.95,52.13
33.92,21.71,71.00,50.02
48.90,48.26,63.33,55.99
70.98,51.68,37.62,50.44
25.66,88.50,80.24,65.52
48.92,46.13,44.28,46.04
62.78,20.21,42.15,43.95
99.70,112.31,57.70,81.22
57.96,51.87,74.09,64.81
85.28,73.33,94.31,87.41
54.57,27.87,31.31,37.60
83.71,122.36,51.72,75.44
67.63,89.17,25.36,50.80
90.93,136.22,80.68,94.86
52.88,79.37,55.82,59.65
68.34,141.80,76.55,87.14
70.40,134.86,45.78,70.98
53.39,90.70,87.55,77.93
31.54,140.75,62.79,69.01
27.48,55.23,95.49,67.03
21.33,61.19,26.31,31.79
89.88,16.37,61.14,60.81
38.92,92.49,81.32,70.83
36.92,111.07,68.01,67.30
78.88,118.29,21.86,58.25
45.60,30.97,97.79,68.77
60.48,72.18,43.86,54.51
33.00,34.76,39.94,36.82
96.78,102.70,58.85,79.00
88.13,32.11,63.37,64.55
89.10,136.58,81.30,94.70
52.54,42.29,51.46,49.95
80.99,50.80,55.20,62.06
31.51,129.13,62.80,66.68
20.69,74.19,51.55,46.82
21.60,13.36,93.16,55.73
66.93,79.24,88.10,79.98
56.43,21.84,56.40,49.50
61.44,147.95,20.02,58.03
20.60,92.34,92.07,70.68
53.81,45.91,29.95,40.30
77.45,88.92,39.56,60.80
55.42,20.76,32.19,36.87
78.58,121.98,34.39,65.16
38.64,139.55,84.23,81.62
85.05,132.42,66.36,85.18
67.07,57.85,96.49,79.94
36.86,55.61,38.52,41.44
38.94,14.91,58.85,44.09
70.24,101.20,98.19,90.41
86.40,84.89,86.12,85.96
53.25,74.31,78.29,69.98
40.66,137.07,35.12,57.17
89.36,33.50,81.55,74.28
73.54,11.35,47.81,48.24
55.85,20.26,62.44,52.03
59.03,41.27,68.73,60.33
36.34,14.66,68.75,48.21
70.14,80.40,78.12,76.18
48.70,53.97,72.94,61.87
99.65,35.27,25.47,49.68
58.41,115.01,56.59,68.82
58.87,38.62,73.12,61.95
65.27,106.26,43.68,62.67
93.34,58.90,45.04,62.30
84.07,81.66,29.97,56.54
56.09,140.74,53.49,71.72
77.50,15.23,98.95,75.77
66.90,80.04,42.83,57.49
59.39,129.62,62.51,75.00
35.39,92.32,79.46,68.81
57.11,48.76,21.08,37.42
39.67,65.68,92.04,71.06
93.19,105.24,50.92,74.47
46.83,134.71,89.53,85.76
96.18,15.75,23.12,43.56
62.64,20.02,31.65,38.62
70.52,55.51,45.80,55.16
63.44,42.59,47.64,51.37
30.35,47.09,87.82,62.43
50.07,40.98,20.90,33.67
27.93,37.42,71.29,51.51
69.84,28.29,30.50,41.86
55.75,140.75,85.86,87.81
82.24,30.19,82.29,71.86
37.64,38.62,59.99,49.01
33.17,44.48,37.01,37.35
52.51,140.62,70.76,79.26
94.13,115.80,32.50,67.65
76.83,120.56,35.20,64.76
53.51,24.67,70.14,56.06
61.38,127.08,99.30,93.48
26.74,67.15,91.28,67.09
98.77,46.80,67.45,72.72
73.31,90.61,63.08,71.66
42.83,125.11,99.87,87.81
66.86,119.01,63.79,75.75
28.76,134.60,53.61,62.35
97.27,139.94,92.76,103.55
33.98,43.34,38.73,38.23
71.84,69.34,27.80,49.32
39.64,12.05,70.73,49.67
77.40,133.11,27.67,63.68
82.15,31.64,49.85,55.90
73.87,130.61,53.89,75.23
69.16,56.11,63.80,63.87
91.40,61.54,99.33,89.39
26.29,15.48,37.68,29.82
46.47,55.76,50.06,50.12
39.86,134.37,30.58,54.12
99.04,13.58,68.61,66.73
51.15,66.89,78.21,67.83
78.61,14.40,58.57,55.75
74.78,61.93,39.67,54.66
36.97,34.17,69.67,52.76
39.12,45.31,63.13,52.36
42.50,132.86,33.69,56.17
52.89,71.05,52.45,56.30
38.75,48.33,54.82,48.70
21.57,92.51,98.61,74.28
90.35,29.89,87.94,77.05
97.25,46.31,78.75,77.81
47.33,86.47,91.10,77.04
47.08,43.25,78.84,62.19
20.57,105.08,92.27,73.32
74.42,78.81,24.36,50.27
86.04,118.08,56.49,77.67
31.73,142.75,79.75,77.94
32.77,26.21,66.66,48.40
83.21,56.85,34.01,53.34
69.30,54.74,47.24,55.36
23.59,31.17,45.42,36.02
69.80,123.44,40.91,66.08
44.71,116.38,47.45,60.41
49.50,77.82,61.19,61.01
81.58,85.29,88.39,85.73
84.87,18.34,79.36,68.81
52.03,87.77,86.82,76.57
95.77,120.79,90.69,98.23
52.52,90.34,53.29,60.47
81.75,47.14,47.68,57.79
58.71,103.46,24.61,50.61
91.80,60.61,94.44,86.88
92.62,86.28,25.27,57.68
26.99,78.26,79.29,63.39
94.92,63.36,50.25,66.27
86.04,110.64,95.90,95.89
83.30,133.74,53.57,78.52
36.07,10.73,85.33,55.63
84.41,140.71,42.61,74.77
88.01,81.61,43.93,64.69
43.13,108.10,67.64,68.38
96.18,129.79,99.84,104.73
23.99,75.39,61.41,52.98
31.99,126.90,94.90,82.43
63.01,34.87,82.90,67.33
66.06,32.28,83.67,68.11
71.61,102.05,54.88,69.33
21.36,131.82,50.92,58.23
96.83,134.94,35.35,73.71
23.57,100.12,97.12,75.66
31.44,83.57,96.75,74.52
21.12,56.40,79.77,57.50
65.35,147.20,43.70,70.89
94.58,54.76,39.61,59.13
73.28,114.19,99.09,94.37
85.81,84.48,25.32,55.30
21.06,95.19,87.49,69.10
63.36,65.09,48.44,56.25
56.77,145.08,53.51,72.80
59.92,90.04,86.56,79.26
25.78,141.29,27.25,49.62
74.75,11.06,48.33,48.80
60.26,90.17,96.16,84.19
81.21,110.41,75.93,84.41
58.82,114.31,80.40,80.71
31.95,136.70,80.60,77.22
71.86,10.62,24.85,36.11
33.79,10.05,36.26,30.28
89.79,76.12,59.30,71.81
69.05,14.10,49.45,48.26
32.58,146.43,52.87,65.50
96.99,41.09,82.52,78.57
61.47,76.17,21.17,44.26
25.83,18.56,72.84,47.88
70.15,83.09,20.01,47.67
40.26,63.19,25.04,37.24
84.30,16.25,52.66,54.87
85.43,56.92,87.28,80.65
98.32,64.80,31.60,58.26
60.15,148.59,64.37,79.95
56.40,39.10,74.28,61.88
80.28,86.27,38.36,60.52
30.60,148.22,60.99,69.32
63.75,120.88,92.91,89.76
63.70,149.07,60.98,79.41
27.16,145.56,32.59,53.56
53.44,78.54,70.23,66.86
88.26,107.49,67.38,81.67
88.49,25.46,22.16,42.72
27.94,71.76,27.25,36.36
27.26,123.26,32.54,49.10
41.02,80.75,30.90,43.91
89.98,108.38,40.76,69.05
30.31,114.41,56.33,60.14
77.60,45.49,49.74,57.25
28.09,132.60,91.25,80.57
69.85,74.38,68.97,70.32
48.49,39.43,90.09,67.48
83.11,131.16,62.16,82.25
38.70,68.49,27.19,38.90
71.14,115.04,57.06,72.88
38.85,86.72,85.76,71.88
77.09,63.46,35.53,53.58
89.89,123.38,27.30,65.29
30.14,91.83,46.35,50.58
89.33,64.68,51.11,65.29
67.49,25.34,44.50,47.56
30.17,135.36,30.82,51.53
54.20,14.97,40.07,39.29
32.87,130.85,74.58,73.32
76.03,60.39,50.87,60.32
80.71,99.51,70.60,79.41
28.46,139.11,62.90,67.81
60.49,31.24,63.92,56.36
85.17,89.37,39.88,63.37
94.89,117.02,61.72,82.73
61.08,116.06,21.89,52.48
96.02,83.59,54.54,72.79
62.86,97.46,65.81,71.25
51.54,116.05,34.56,55.95
87.86,127.74,40.52,72.17
59.44,116.65,37.56,59.94
57.75,59.56,25.64,42.06
59.22,149.54,47.83,71.59
87.74,70.83,98.32,89.65
86.56,13.43,48.31,52.81
52.28,60.77,56.84,56.26
46.66,27.89,72.25,55.70
59.35,27.00,71.88,59.14
65.82,49.41,95.99,77.62
39.07,17.47,88.61,59.52
83.52,106.39,83.52,88.09
58.92,20.36,96.13,69.81
46.72,38.46,38.46,40.94
28.55,23.01,69.36,47.85
39.11,18.84,90.98,60.99
95.94,47.49,69.93,73.25
44.41,90.07,98.19,80.43
33.51,145.06,28.03,53.08
56.85,132.58,55.15,71.15
44.57,132.63,98.19,88.99
22.81,34.65,50.37,38.96
45.85,47.09,79.16,62.75
63.53,20.70,22.43,34.41
64.14,118.99,75.59,80.84
48.52,19.77,94.77,65.89
55.78,87.94,50.62,59.63
97.24,44.70,21.70,48.96
50.19,44.08,22.23,34.99
40.66,148.70,91.36,87.62
39.48,115.95,77.80,73.93
56.62,127.17,28.53,56.69
80.76,90.08,24.37,54.43
36.48,131.94,84.39,79.53
76.74,100.37,84.79,85.49
21.69,142.46,29.64,49.82
53.51,49.39,44.12,47.99
82.07,93.34,82.40,84.49
47.10,106.62,62.03,66.47
65.10,65.01,96.53,80.80
36.40,133.16,58.49,66.80
79.36,147.17,74.16,90.32
24.18,79.13,60.78,53.47
88.20,64.69,95.44,87.12
35.86,76.07,51.89,51.92
89.95,129.38,38.38,72.05
48.20,100.37,46.13,57.60
77.81,16.27,88.22,70.71
45.54,85.90,59.84,60.76
92.47,12.42,48.34,54.39
30.13,118.99,63.54,64.61
34.28,55.96,30.66,36.81
59.44,76.08,20.43,43.26
26.56,121.81,42.45,53.55
35.68,16.50,68.40,48.20
95.50,32.20,76.93,73.56
98.12,65.71,86.13,85.64
50.10,42.19,94.13,70.53
93.86,57.31,52.97,66.10
63.59,149.74,79.24,88.65
41.58,125.56,25.97,50.57
76.19,133.75,24.60,61.91
72.71,141.19,29.98,65.04
99.13,57.73,55.89,69.23
41.20,51.59,36.90,41.13
73.76,42.77,42.95,52.16
24.16,126.22,71.83,68.41
29.09,105.14,48.68,54.09
20.31,43.06,64.59,47.00
99.96,62.78,52.99,69.04
84.18,80.94,33.52,58.20
82.94,83.94,25.92,54.63
60.78,134.42,38.90,64.57
44.01,63.28,24.62,38.17
32.10,137.19,69.49,71.81
42.77,71.79,83.66,69.02
50.08,114.49,47.18,61.51
80.50,140.24,50.97,77.68
63.17,137.06,85.30,89.01
26.20,17.97,37.81,30.36
21.44,38.80,29.53,28.96
28.19,76.77,60.09,53.86
52.84,70.42,71.70,65.79
94.66,99.72,67.97,82.33
70.99,142.26,77.11,88.30
84.15,25.74,24.54,42.66
57.31,73.26,54.26,58.98
48.93,36.94,39.09,41.61
28.67,135.18,80.73,76.00
90.07,145.04,89.82,100.94
82.65,77.02,42.51,61.45
33.45,24.56,27.62,28.76
60.98,119.94,40.27,62.42
58.99,107.60,28.32,53.38
70.01,59.65,45.79,55.83
95.69,134.24,63.06,87.09
66.38,146.62,97.89,98.18
63.22,88.10,51.95,62.56
24.03,89.20,37.60,43.85
25.03,51.65,33.34,34.51
34.99,91.83,33.84,45.78
22.60,71.55,35.41,38.80
79.47,52.31,80.98,74.79
77.87,19.41,24.88,39.68
30.88,45.38,99.79,68.23
86.89,37.70,61.81,64.51
32.38,85.89,63.54,58.66
44.09,94.23,48.61,56.38
39.92,95.20,75.22,68.63
49.78,64.35,57.72,56.66
40.37,68.97,46.32,49.06
59.12,126.79,41.21,63.70
52.59,76.67,94.05,78.14
98.93,148.29,43.28,80.98
24.47,71.55,54.91,49.11
31.37,100.94,48.03,53.61
24.23,17.05,26.89,24.12
70.07,101.47,34.87,58.75
24.36,129.20,35.16,50.73
86.92,141.94,75.49,92.21
60.96,149.62,52.53,74.48
62.16,49.51,82.56,69.83
64.93,90.55,76.72,75.95
33.67,73.10,35.36,42.40
35.82,88.93,65.03,61.05
45.51,32.04,79.43,59.78
67.48,129.86,70.64,81.54
36.81,137.34,68.00,72.51
29.31,72.95,79.17,62.97
97.61,49.26,24.54,51.41
21.76,29.72,78.51,51.73
84.22,105.73,41.81,67.32
83.04,53.71,65.75,68.53
43.78,137.34,39.38,60.29
30.85,103.94,87.11,73.60
31.65,100.40,58.44,58.80
75.79,88.32,71.44,76.12
71.42,16.41,83.53,66.47
82.62,140.47,91.63,98.69
95.00,97.91,78.56,87.36
75.35,149.17,31.90,68.39
32.47,85.23,88.36,70.97
39.48,109.42,69.49,68.47
87.38,17.87,68.76,64.17
36.74,98.44,93.71,77.56
25.80,117.05,39.91,51.10
76.26,118.99,39.17,66.26
52.20,117.82,61.06,69.75
93.60,41.68,80.07,76.45
72.02,146.56,55.78,78.81
27.23,149.33,70.71,73.39
95.83,20.58,56.20,60.96
40.68,141.10,68.83,74.84
46.98,50.52,85.78,67.09
52.18,106.50,34.44,54.17
24.10,57.34,75.63,56.51
59.72,145.49,82.99,88.51
29.87,24.21,55.77,41.69
52.08,79.68,45.86,54.49
48.06,69.93,21.08,38.94
81.83,55.64,83.77,77.56
84.25,100.37,46.24,68.47
32.27,28.35,48.58,39.64
49.32,110.33,46.88,60.30
49.87,147.28,59.90,74.37
32.11,122.64,76.20,72.26
83.88,130.40,81.75,92.12
76.58,60.35,51.41,60.75
35.23,55.48,73.05,58.19
49.34,82.39,77.65,70.11
28.46,16.40,43.75,33.69
70.26,142.35,27.73,63.41
29.71,30.13,91.57,60.72
98.87,136.42,74.17,94.03
82.45,21.70,71.85,65.00
51.22,125.17,24.71,52.75
66.29,31.27,85.43,68.86
92.91,15.34,65.28,63.58
64.33,110.73,87.83,85.36
33.96,49.24,97.96,69.02
50.30,110.03,96.57,85.38
87.45,87.71,88.49,88.02
71.54,25.23,20.88,36.95
72.06,140.50,90.86,95.15
89.35,73.32,26.00,54.47
91.52,112.82,88.10,94.07
93.58,80.14,42.41,65.31
27.59,94.61,68.81,61.60
63.53,52.39,23.05,41.06
79.24,38.05,81.69,72.23
80.55,85.96,28.94,55.83
68.54,71.63,52.86,61.32
33.34,64.62,85.40,65.63
83.79,104.16,75.63,83.78
77.61,106.67,20.48,54.86
26.89,16.43,52.24,37.47
57.10,57.42,23.35,40.29
33.92,67.65,73.88,60.65
47.00,23.56,97.52,67.57
21.45,43.03,72.42,51.25
52.03,17.23,37.95,38.03
63.99,149.47,48.42,73.30
69.57,113.12,98.13,92.56
73.08,22.24,37.92,45.33
86.90,12.83,64.92,61.10
37.24,110.70,52.04,59.33
29.64,71.49,81.47,63.92
88.12,120.15,89.39,95.16
32.53,139.29,47.27,61.25
97.98,93.90,72.83,84.59
87.40,36.20,63.92,65.42
60.07,119.51,42.28,63.06
98.51,143.81,41.76,79.19
27.79,91.23,63.09,58.13
44.25,105.48,32.32,50.53
71.06,57.25,84.86,75.20
48.00,63.41,25.52,39.84
94.27,112.85,27.57,64.64
25.25,139.89,47.38,59.24
63.95,98.06,29.45,53.52
67.27,120.58,58.06,73.33
72.22,34.03,51.97,54.46
40.45,39.67,77.74,58.94
49.17,84.48,96.24,79.77
87.49,34.72,80.28,73.33
35.60,98.90,34.36,47.64
86.15,50.83,94.84,83.43
65.01,120.81,51.37,69.35
80.98,123.14,57.94,77.89
77.09,74.93,53.73,64.98
36.60,35.31,42.44,39.26
65.51,100.55,91.60,85.56
89.42,148.99,46.58,79.91
54.57,97.16,66.29,68.95
97.33,15.01,39.20,51.80
56.18,12.42,83.79,61.23
31.42,54.85,81.94,61.37
51.15,37.41,43.70,44.68
96.14,123.83,74.52,90.87
45.58,128.27,76.31,77.48
89.45,46.21,65.00,68.58
90.50,55.59,68.05,72.29
48.01,43.07,65.96,56.00
26.66,137.17,26.55,48.71
77.96,80.37,73.62,76.27
44.92,101.86,57.58,62.64
82.63,68.17,55.08,65.96
55.41,98.34,88.80,80.69
58.82,64.02,21.86,41.38
82.23,57.55,40.11,56.23
50.59,98.83,29.71,49.80
55.45,92.75,22.83,46.60
50.10,51.09,42.05,46.27
49.39,30.91,99.08,70.54
62.08,61.60,41.62,51.75
84.70,68.13,73.10,75.59
48.94,98.02,29.46,49.02
61.94,138.03,68.15,80.26
73.66,15.07,98.76,74.49
41.56,44.11,43.35,42.97
42.20,37.12,87.85,64.01
94.67,80.32,99.81,94.37
77.88,70.16,67.08,70.94
66.17,112.07,44.75,64.64
71.82,43.94,73.88,67.27
22.34,93.23,87.59,69.14
69.45,133.74,33.71,64.44
60.76,137.49,56.20,73.83
63.66,144.23,45.54,70.71
48.75,118.26,42.67,59.61
26.52,136.84,88.87,79.76
35.47,42.83,53.73,46.07
96.06,37.66,47.13,59.92
52.70,10.91,68.28,52.13
57.33,108.96,37.55,57.77
24.22,141.25,38.39,54.71
23.01,36.17,61.62,44.95
77.37,99.17,52.74,69.42
63.05,114.50,43.60,63.61
60.70,139.87,24.32,58.34
39.45,100.56,61.66,62.78
79.58,145.84,85.33,95.71
33.46,58.25,88.11,65.74
35.19,58.99,38.84,41.78
56.86,86.02,67.97,68.25
42.90,63.69,88.47,69.84
39.80,10.20,52.70,40.33
71.62,112.45,94.57,91.26
72.08,115.24,92.24,90.79
85.96,114.58,36.65,67.03
53.42,58.30,40.72,48.05
25.85,83.12,34.44,41.60
41.89,60.40,35.68,42.49
98.40,12.25,92.63,78.28
67.70,88.74,94.49,85.30
76.78,27.33,24.15,40.58
20.59,21.21,67.49,44.16
61.46,115.77,65.14,74.16
23.00,11.33,51.24,34.79
65.54,144.26,70.54,83.78
93.66,82.14,95.79,92.42
97.47,147.62,33.62,75.58
63.24,18.12,29.63,37.41
56.66,91.69,22.67,46.67
95.60,58.91,49.11,65.02
73.89,128.09,47.01,71.29
25.19,60.57,54.47,46.91
57.26,46.47,60.26,56.60
39.22,130.06,80.63,78.09
57.58,62.45,51.37,55.45
56.44,12.36,46.45,42.63
66.57,64.64,86.15,75.97
48.54,101.63,87.98,78.88
33.14,45.61,38.62,38.37
60.30,70.48,45.17,54.77
86.42,17.94,86.01,72.52
73.12,92.33,26.35,53.58
47.07,115.88,46.07,60.33
94.84,67.86,55.87,69.96
92.98,68.83,34.97,59.15
36.75,22.36,34.39,32.69
23.15,38.27,53.99,41.59
79.30,31.65,80.36,70.30
86.21,77.44,87.22,84.96
97.43,84.10,98.34,95.22
91.19,142.85,25.92,68.89
68.04,20.25,37.33,43.13
62.40,93.98,80.53,77.78
22.23,83.71,63.25,55.04
39.73,82.27,46.21,51.48
56.77,132.24,36.45,61.70
70.28,38.78,42.44,50.06
64.58,15.71,54.34,49.69
79.41,104.12,34.17,61.73
42.38,58.32,97.14,72.95
65.20,12.46,28.61,36.36
27.05,45.19,98.85,66.58
53.09,53.31,87.35,70.26
80.01,96.36,53.85,70.20
75.47,34.16,79.19,69.07
99.25,67.83,73.72,80.20
42.23,77.55,37.06,46.71
59.86,74.29,47.13,56.38
46.36,146.35,61.05,73.70
55.25,16.37,71.03,55.36
88.56,143.14,63.43,86.91
74.74,91.47,57.84,69.64
90.60,121.40,55.45,79.19
36.28,70.25,59.86,54.86
89.87,73.54,54.75,69.04
24.78,133.11,63.31,65.71
91.09,135.43,91.04,99.93
46.33,43.42,70.63,57.90
45.17,37.89,77.81,60.03
60.97,79.47,67.80,68.09
95.26,136.04,71.44,91.51
23.82,55.13,66.27,51.31
48.18,101.28,22.15,45.78
88.53,109.14,99.97,98.37
51.68,119.01,22.69,50.65
35.93,88.95,51.61,54.37
53.98,66.34,28.41,43.67
50.84,145.38,27.75,58.20
93.23,95.59,83.48,88.83
80.95,112.00,54.07,73.72
60.41,58.30,84.09,71.83
99.07,103.79,41.82,71.39
57.22,46.09,40.52,46.64
24.66,44.31,40.10,36.31
40.98,110.06,69.29,68.95
54.89,83.00,85.20,75.67
32.55,105.66,56.18,58.99
95.81,47.72,50.34,63.46
81.35,93.82,97.89,92.11
41.46,72.15,29.34,41.54
67.26,93.57,58.93,68.36
77.72,50.72,52.68,59.80
95.30,110.16,27.85,64.55
90.53,122.83,41.46,72.45
61.22,46.39,22.28,38.78
81.97,52.09,90.16,80.09
64.97,102.56,68.63,74.32
64.22,107.38,85.20,83.34
29.18,108.57,61.72,61.33
30.09,105.58,67.96,64.12
62.36,64.99,76.07,69.74
41.51,65.28,92.64,71.83
21.68,45.67,27.34,29.31
77.83,31.96,46.48,52.98
22.60,106.96,76.72,66.53
67.62,23.05,96.67,73.23
63.14,141.29,98.46,96.43
97.51,125.74,71.05,89.93
58.74,130.05,35.49,61.38
25.09,136.93,29.54,49.68
64.14,67.20,95.68,80.52
87.29,128.54,54.71,79.25
99.75,32.13,35.59,54.15
54.43,13.03,94.71,66.29
45.62,119.88,28.36,51.84
92.53,20.47,78.37,71.04
35.30,148.39,70.02,75.28
69.23,104.47,27.02,55.17
52.46,115.48,47.10,62.38
23.29,44.41,31.99,31.86
47.78,104.34,68.36,69.38
41.22,16.05,58.17,44.66
74.89,127.30,20.34,58.10
95.90,33.75,98.06,84.55
41.44,107.63,47.97,57.94
84.92,41.43,40.66,54.09
24.43,19.58,37.80,30.14
63.05,77.41,32.71,50.75
25.64,33.70,99.93,64.40
94.72,112.12,43.61,72.65
81.31,43.26,52.44,59.27
72.64,57.95,89.71,78.24
85.91,89.44,71.35,79.34
71.80,49.90,49.50,56.27
97.52,62.92,91.87,87.78
77.12,124.19,79.98,87.96
93.97,35.09,38.23,54.32
61.37,21.51,71.50,58.46
29.37,55.97,93.79,66.90
62.25,69.41,59.72,62.42
30.15,85.97,78.69,65.58
67.40,62.14,97.69,81.49
58.60,120.59,75.23,79.31
69.81,15.50,28.20,38.14
20.80,70.45,39.56,40.11
35.59,63.52,67.61,57.19
59.31,100.66,42.04,58.95
96.04,145.28,96.60,106.17
50.69,81.45,52.43,57.71
53.95,148.16,56.58,74.11
77.18,52.31,76.13,71.68
68.30,14.32,61.94,54.32
43.91,33.19,50.57,45.10
52.87,65.32,26.13,41.99
37.42,54.29,67.72,55.94
97.28,23.59,89.41,78.61
30.45,70.57,74.86,60.68
49.75,57.34,50.52,51.65
22.07,27.17,30.22,27.16
37.74,51.46,85.31,64.27
82.44,134.10,95.34,99.22
36.09,52.29,51.06,46.81
26.41,109.95,78.29,69.06
57.96,95.69,52.86,62.96
20.80,69.81,60.18,50.29
26.78,43.46,86.92,60.19
84.61,61.66,26.67,51.05
81.72,92.90,62.43,74.31
93.21,59.11,37.17,58.37
88.36,40.09,47.18,58.12
74.65,26.30,71.55,63.43
24.19,133.17,22.18,44.98
82.63,71.64,67.51,72.87
87.64,97.53,42.68,67.14
83.93,78.66,73.56,77.69
60.68,132.16,31.33,60.30
38.63,86.57,78.86,68.33
87.63,77.31,71.65,77.58
78.17,139.44,97.70,100.19
98.46,110.76,92.90,98.14
32.46,25.62,42.66,36.19
38.05,34.88,22.19,29.49
36.94,120.20,72.43,71.34
83.40,127.02,68.23,84.54
34.95,86.33,22.19,38.85
25.33,87.62,29.81,40.03
99.88,98.47,66.78,83.05
21.99,71.48,92.95,67.37
86.82,105.23,92.52,93.35
49.23,25.19,32.12,35.87
87.33,144.58,50.77,80.50
64.37,115.02,23.46,54.05
92.13,98.36,57.54,76.08
94.10,54.29,80.25,79.21
20.73,32.53,83.20,54.33
26.03,67.31,59.92,51.23
40.03,102.62,27.67,46.37
73.55,98.72,50.51,67.06
91.06,63.57,94.57,87.32
56.80,95.86,38.37,55.40
68.56,123.92,45.58,68.14
35.08,13.68,79.75,53.13
84.40,73.09,78.69,79.28
97.39,116.20,92.98,98.95
41.49,86.46,51.05,55.26
59.59,101.21,61.17,68.70
26.89,82.33,57.39,53.23
64.73,148.86,94.22,96.30
60.22,17.65,81.55,62.37
31.55,78.75,86.52,68.47
55.37,22.80,30.65,36.50
46.73,32.37,83.35,62.17
61.75,63.63,54.64,58.57
66.85,31.78,21.87,37.35
20.68,144.92,24.81,47.59
80.88,142.55,74.23,89.89
77.04,57.06,49.76,59.40
49.30,99.56,89.45,79.43
24.23,84.73,78.74,63.58
80.39,124.18,21.73,59.82
96.41,97.84,74.95,85.97
39.21,10.04,35.39,31.47
45.88,116.84,53.81,64.04
34.71,114.56,69.98,68.31
66.15,81.36,89.82,81.03
32.39,136.41,56.49,65.24
48.50,137.18,84.68,84.33
75.76,83.35,82.64,80.72
64.81,95.12,53.16,65.05
50.92,149.51,60.08,75.22
53.62,51.83,76.04,64.47
64.97,55.45,22.49,41.83
20.47,35.59,91.26,58.89
26.28,135.42,81.59,75.76
90.50,114.23,39.95,69.97
26.23,24.79,98.49,62.07
76.54,147.45,34.35,69.63
93.60,112.33,93.13,97.11
41.65,129.07,45.96,61.29
49.64,16.74,81.05,58.77
65.51,80.69,56.51,64.05
90.54,107.80,78.92,88.18
95.35,86.01,32.46,62.04
79.17,103.33,41.56,65.20
26.93,124.50,27.99,46.97
73.53,62.41,89.21,79.15
52.82,128.81,43.70,63.46
57.66,32.81,75.56,61.64
23.93,47.92,85.62,59.57
35.28,16.07,92.11,59.85
83.24,61.02,28.50,51.43
56.32,63.19,91.44,75.25
44.13,122.74,35.78,55.68
50.72,101.44,78.95,74.98
88.35,71.14,78.31,79.89
79.92,101.30,20.68,54.58
41.79,17.39,37.65,34.84
29.40,35.24,59.35,45.54
40.16,97.77,53.60,58.40
93.66,99.79,93.49,94.80
66.53,118.38,48.78,68.03
62.68,66.42,94.96,79.57
67.71,111.16,56.75,70.92
49.28,105.76,97.15,84.51
84.57,144.88,78.99,93.84
61.86,40.12,86.35,69.76
29.34,87.24,28.39,40.45
30.33,94.25,66.89,61.39
62.95,149.81,31.42,64.56
94.93,38.17,43.81,58.02
44.67,83.25,69.89,65.00
89.56,58.47,78.10,77.61
81.13,83.63,23.13,52.63
39.82,42.50,62.48,51.69
22.91,16.67,65.23,42.82
28.15,90.16,26.31,39.63
78.28,57.02,60.06,64.92
35.97,35.47,77.11,56.44
49.70,55.35,24.26,38.11
60.14,16.90,80.82,61.83
78.04,143.06,66.11,85.08
29.06,91.36,86.66,70.32
52.51,124.07,37.45,59.29
58.81,69.24,86.66,74.82
63.27,136.46,27.56,60.05
85.47,77.66,52.31,67.33
33.73,90.35,35.96,46.17
84.63,78.85,90.08,86.20
75.43,112.66,76.39,83.36
64.47,89.33,22.03,48.22
75.96,48.02,20.76,42.77
52.96,30.38,43.30,43.61
31.07,94.86,31.46,44.02
73.26,78.49,70.42,72.89
61.97,23.44,73.10,59.83
71.15,65.39,95.36,82.10
47.04,82.07,96.16,78.61
92.55,125.77,72.71,89.27
66.99,20.65,20.45,34.45
26.83,58.79,48.72,44.17
55.98,125.17,61.05,72.35
80.51,100.78,59.93,74.27
83.53,50.59,68.27,69.31
59.57,128.35,96.84,91.96
91.58,79.06,90.82,88.70
41.41,79.77,28.71,42.73
52.85,146.72,41.28,65.84
91.89,142.60,86.65,99.41
91.70,60.19,85.94,82.52
74.86,29.68,42.03,49.41
88.72,55.59,78.45,76.96
27.10,14.27,73.76,47.86
89.20,12.91,57.88,58.28
45.65,65.37,36.12,44.83
34.27,141.74,91.09,84.17
39.15,131.99,74.23,75.26
53.44,81.60,33.52,49.11
40.10,89.13,76.38,68.05
45.65,10.83,79.31,55.52
30.80,40.17,90.95,62.75
43.69,13.47,37.83,34.72
65.78,115.64,99.10,92.41
55.35,30.39,32.27,38.82
47.74,131.67,68.06,74.69
79.72,100.07,72.57,80.22
91.48,42.12,53.52,62.63
80.54,32.08,58.00,59.58
46.56,97.87,91.27,79.18
79.56,136.12,71.62,86.90
32.16,110.57,59.76,61.64
30.43,58.80,30.27,36.02
47.65,92.23,20.59,43.04
84.62,53.51,30.00,51.09
39.71,149.88,96.49,90.13
25.06,114.84,81.13,71.05
30.54,96.01,97.37,77.05
88.70,69.26,22.86,51.89
70.70,96.54,74.42,77.73
40.26,57.83,23.54,35.41
64.42,14.04,82.56,63.41
62.21,65.31,50.48,56.97
72.43,140.27,27.66,63.61
38.66,97.68,65.44,63.85
89.15,21.75,42.41,52.30
44.75,133.90,72.77,76.59
75.53,47.64,72.65,68.51
21.29,44.13,76.40,53.41
49.81,51.59,99.40,74.96
48.14,90.81,50.94,58.07
63.48,86.26,57.23,64.91
25.82,78.80,84.37,65.69
83.21,110.46,66.27,80.19
37.42,54.32,22.98,33.58
74.16,119.49,87.45,89.87
84.26,34.55,24.12,44.25
64.95,119.57,33.67,60.23
79.27,102.93,28.17,58.45
72.95,105.65,26.23,56.13
48.44,77.42,22.05,41.04
84.71,103.38,24.40,58.29
43.58,21.17,55.40,45.01
65.70,129.22,40.23,65.67
79.63,17.78,30.12,42.50
50.32,30.82,72.70,57.61
44.22,90.75,38.09,50.46
56.75,113.52,21.52,50.49
85.44,20.68,53.47,56.50
94.39,138.91,44.83,78.51
63.61,146.31,45.49,71.09
72.92,94.83,55.62,68.65
92.26,77.37,73.51,79.91
27.88,113.80,69.32,65.78
38.57,55.97,94.98,70.25
76.71,79.06,61.42,69.53
85.90,138.26,57.81,82.33
88.56,143.79,37.07,73.86
53.21,139.79,80.43,84.14
27.15,46.74,31.26,33.12
55.02,42.55,59.29,54.66
38.46,51.67,53.71,48.73
43.30,71.78,72.66,63.68
81.78,53.98,93.41,82.03
26.04,62.39,95.73,68.16
86.21,96.89,33.42,61.95
54.21,116.75,40.95,60.09
67.69,112.98,84.93,85.37
27.17,124.02,61.46,63.69
46.99,14.51,56.24,45.12
27.18,16.68,76.85,49.91
96.92,120.51,68.15,87.25
84.58,84.63,97.66,91.13
56.77,90.94,66.72,68.58
37.89,17.36,57.28,43.48
94.68,45.74,63.43,69.27
47.57,99.37,84.68,76.49
32.88,130.29,69.01,70.43
65.05,138.38,71.76,83.07
95.50,80.06,97.72,93.52
20.31,86.37,69.47,58.10
39.05,126.63,50.42,62.25
95.08,85.27,75.31,83.23
33.69,82.36,72.76,62.96
29.06,136.71,21.11,46.62
65.61,120.59,57.39,72.50
88.95,137.27,79.43,93.85
58.17,40.55,59.92,55.52
99.57,83.41,82.37,87.74
74.33,127.95,56.07,75.92
25.93,25.56,98.67,62.23
99.43,121.25,43.43,75.79
52.63,35.62,27.37,36.60
42.99,123.14,54.40,64.72
64.63,95.68,63.34,70.19
44.34,37.05,47.93,44.68
26.92,76.27,39.38,43.02
20.11,105.47,73.76,64.01
55.97,98.74,50.17,61.62
86.95,69.81,70.51,75.30
65.79,135.91,82.33,88.08
99.94,82.70,80.88,86.96
42.95,80.82,50.02,54.06
42.44,18.72,65.43,49.19
32.78,139.10,55.97,65.64
33.13,34.80,89.66,61.73
42.81,83.97,90.30,74.79
83.43,122.50,47.50,73.28
92.46,40.16,27.34,49.44
98.01,83.83,33.41,62.87
38.58,43.70,49.36,44.99
90.50,116.36,65.14,82.99
46.26,89.01,72.54,67.95
29.03,129.84,46.51,57.93
89.60,135.24,73.40,90.63
70.89,100.82,95.02,88.94
33.18,111.55,72.16,68.34
54.39,86.89,32.69,50.04
42.98,63.82,66.37,58.84
78.94,100.74,63.35,75.50
56.27,137.16,89.66,89.14
99.14,68.34,48.02,67.42
24.38,54.02,53.84,45.04
48.40,64.38,67.89,61.34
58.55,70.96,61.95,62.73
60.25,20.30,77.52,60.89
45.27,79.78,23.23,41.15
78.34,79.20,65.08,71.88
89.98,92.38,29.73,60.34
95.10,60.79,45.22,63.30
84.41,95.84,72.93,80.96
88.05,132.95,32.59,69.30
64.04,143.77,44.71,70.32
86.07,91.71,76.24,82.28
44.28,15.96,72.06,52.51
51.88,145.69,27.28,58.34
45.35,108.82,66.18,68.46
57.39,57.03,31.78,44.51
42.85,30.60,40.18,39.06
96.93,30.08,56.74,63.47
45.03,33.48,28.75,34.58
27.84,16.38,99.49,61.37
62.15,136.30,33.23,62.52
24.57,85.71,82.51,65.77
28.84,107.99,86.39,73.44
37.55,125.94,99.56,86.23
57.15,120.82,54.29,68.45
54.66,133.56,89.93,88.08
83.98,145.42,96.60,102.58
79.16,71.47,33.83,54.96
54.11,143.05,58.35,74.02
46.70,111.26,24.80,48.66
45.32,19.89,69.66,52.40
81.92,105.45,66.51,78.92
24.17,106.14,36.33,46.64
21.03,136.82,83.83,75.59
83.64,62.21,22.98,49.02
58.17,91.89,84.50,78.08
30.47,11.71,22.13,22.55
38.85,56.49,72.55,59.23
94.60,18.71,26.30,45.27
88.76,83.06,40.10,63.29
76.78,124.44,77.75,86.80
58.58,38.90,42.43,46.57
61.63,83.84,60.89,65.70
98.02,38.56,93.22,83.73
97.26,26.90,23.97,46.54
37.22,81.54,84.89,69.92
84.89,21.08,25.22,42.29
35.78,92.23,30.14,44.25
37.08,14.39,29.55,28.78
74.09,24.94,99.53,76.98
52.40,87.00,34.41,50.33
94.52,92.80,91.74,92.79
27.12,14.06,99.27,60.58
60.92,90.27,50.70,61.68
93.48,127.39,70.48,88.76
92.33,111.12,82.33,91.09
32.52,28.37,51.41,41.13
49.33,92.95,32.95,49.86
69.53,104.12,54.70,69.03
32.75,15.21,81.75,53.74
97.44,129.75,82.46,96.41
93.18,136.88,38.44,74.55
33.36,129.06,34.00,52.82
29.69,125.45,93.64,80.82
26.83,114.30,23.52,42.67
92.76,98.68,78.78,86.95
35.49,105.01,23.71,43.50
53.30,122.90,87.03,84.09
55.91,102.75,92.43,83.54
67.92,55.88,43.79,53.45
25.74,62.63,25.91,33.20
38.14,135.59,58.45,67.78
94.52,12.40,43.88,52.78
92.67,107.83,53.37,76.05
82.50,143.67,73.20,90.08
21.55,108.87,36.79,46.63
46.16,149.15,48.56,67.96
70.24,106.26,82.60,83.62
42.02,14.81,71.50,51.32
92.77,125.78,46.10,76.04
70.71,49.85,73.14,67.75
25.75,72.45,81.23,62.83
92.72,53.69,67.40,72.25
96.62,47.60,39.16,58.09
26.22,70.40,20.02,31.96
62.59,63.03,84.23,73.50
44.27,98.67,85.81,75.92
51.43,123.84,75.81,78.10
34.37,51.59,26.13,33.69
66.25,39.92,66.82,61.27
96.64,103.37,85.68,92.51
60.25,103.84,51.17,64.43
26.63,136.16,35.84,53.14
69.60,12.23,67.01,56.83
47.22,129.43,86.10,83.10
88.47,82.94,23.91,55.08
54.77,96.98,67.76,69.71
35.43,22.79,71.45,50.91
35.29,70.57,68.19,58.80
81.50,41.82,72.00,68.81
41.25,45.59,70.51,56.75
81.38,80.57,30.43,55.74
36.47,123.74,38.79,55.08
45.73,114.13,69.52,71.31
57.24,92.74,21.42,46.43
95.46,85.52,70.78,81.13
94.54,69.82,73.23,78.94
36.55,146.18,39.13,59.77
48.66,88.43,67.85,66.21
31.95,45.56,62.73,50.06
60.80,42.21,40.86,47.11
56.85,95.59,57.04,64.69
92.06,83.20,92.77,90.64
94.40,11.08,54.13,57.60
50.69,126.21,70.39,75.64
59.34,108.58,22.83,50.93
91.70,102.66,26.22,61.15
84.54,19.63,26.50,42.54
20.29,60.69,82.26,59.36
45.60,140.95,48.02,65.88
53.74,130.76,38.21,61.38
38.38,49.98,79.79,61.41
35.97,31.99,33.60,33.99
23.02,72.87,39.72,41.34
71.47,59.82,54.47,60.64
41.00,105.51,46.52,56.66
24.19,145.30,66.83,69.73
38.48,60.82,47.03,47.22
84.15,18.71,51.44,54.71
88.12,135.67,89.03,98.09
58.65,15.31,90.76,66.04
53.29,143.39,86.22,87.78
98.23,103.04,89.19,94.67
36.05,141.84,65.58,71.97
37.23,37.95,71.70,54.61
43.35,15.70,64.57,48.43
33.82,78.35,82.85,67.24
50.35,73.09,64.08,61.76
92.87,56.41,28.89,53.59
69.23,144.07,84.77,91.97
52.96,125.16,80.85,81.34
94.75,102.62,85.62,91.76
23.88,32.80,35.23,31.34
36.82,112.81,41.73,54.47
65.27,111.78,43.66,63.77
69.24,69.51,60.65,65.00
23.16,139.47,30.71,50.20
52.24,33.38,50.83,47.76
71.93,47.43,34.57,48.35
75.85,18.85,41.18,47.11
71.05,121.36,76.51,83.84
45.65,97.05,88.38,77.29
27.48,54.09,21.83,29.98
54.17,32.93,65.27,55.47
30.30,15.62,22.88,23.65
95.81,33.34,26.82,48.82
58.01,73.46,76.41,70.30
45.38,44.60,78.85,61.96
81.30,46.26,85.12,76.20
59.84,132.58,57.94,73.44
44.80,82.12,88.78,74.25
84.96,112.10,33.35,64.58
89.37,15.00,39.98,49.80
73.84,61.12,30.76,49.76
23.76,77.08,83.80,64.44
65.31,36.10,38.29,45.96
81.06,26.83,32.44,45.90
30.92,131.84,69.85,70.57
38.29,141.52,26.17,52.88
90.60,21.03,23.59,43.18
21.61,58.86,28.54,32.52
80.22,144.16,20.02,62.91
57.90,21.64,75.76,59.58
55.74,100.11,64.98,69.23
20.57,146.11,36.79,53.79
85.55,146.95,38.64,74.38
48.79,75.97,84.88,72.27
63.26,32.78,60.15,55.61
74.18,38.29,75.88,67.85
76.21,134.54,56.22,77.88
96.48,137.64,39.02,75.98
62.51,95.10,97.63,86.59
51.98,117.26,65.25,71.67
96.30,113.59,30.48,66.85
71.37,102.66,52.49,68.19
43.85,125.82,46.35,61.49
30.12,105.96,37.13,48.79
87.40,84.76,94.68,90.51
48.97,43.17,90.47,68.56
72.84,114.14,35.93,62.64
57.67,76.28,48.17,56.64
35.91,51.27,80.99,61.52
68.13,122.27,36.68,63.23
24.85,107.54,67.33,62.63
53.07,141.23,75.98,82.16
63.73,33.16,72.32,61.91
54.88,100.89,76.51,74.90
79.89,44.19,76.54,71.08
86.23,136.50,97.18,101.76
81.70,23.93,47.72,53.16
23.11,101.86,90.29,72.45
35.53,120.75,21.74,45.68
62.93,59.69,43.06,52.35
94.79,143.58,23.89,69.10
86.80,129.10,72.10,87.91
87.40,51.25,28.06,50.50
44.26,11.06,87.66,59.32
54.36,51.53,71.73,62.48
57.66,49.38,22.31,38.33
32.59,134.60,77.18,75.29
22.49,145.40,88.96,80.31
95.75,19.86,72.89,69.14
39.26,75.98,22.44,38.19
39.20,86.77,88.63,73.43
26.67,23.01,78.60,51.90
94.28,62.85,50.28,65.99
66.38,54.39,46.29,53.94
73.36,85.05,58.39,68.21
92.93,102.57,89.37,93.08
47.65,108.49,40.16,56.07
69.72,29.15,28.08,40.79
23.10,123.81,89.17,76.28
34.94,105.00,22.10,42.53
86.50,134.47,92.88,99.28
81.34,72.91,44.46,61.21
48.05,135.14,60.66,71.77
50.14,131.21,30.58,56.57
62.68,71.38,92.18,79.17
20.02,63.36,79.99,58.67
39.30,140.59,93.93,86.87
36.66,110.12,74.66,70.35
40.04,139.95,34.78,57.39
84.47,121.58,44.66,71.99
42.37,95.30,58.95,61.25
35.32,26.22,68.58,50.13
60.34,50.81,94.12,75.32
89.25,145.64,50.72,81.26
39.31,54.72,76.25,60.86
26.28,23.06,96.88,60.94
48.51,109.06,32.19,52.46
79.81,112.76,89.02,91.00
64.06,49.96,53.66,56.04
85.34,51.67,78.59,75.23
96.77,75.65,43.48,65.90
83.41,13.05,46.72,50.99
68.30,120.51,22.17,55.68
59.47,54.39,97.71,77.57
23.21,129.53,85.08,75.41
98.75,122.37,27.51,67.85
50.68,102.60,99.96,85.70
32.18,55.48,68.40,54.95
73.34,82.28,88.30,82.61
42.74,72.28,25.33,39.94
66.86,57.44,51.16,57.13
66.94,128.74,73.57,82.62
55.66,77.69,28.51,46.49
86.89,126.58,59.11,80.94
41.20,24.73,55.41,45.01
55.89,29.74,37.28,41.36
63.02,146.82,44.02,70.28
73.09,92.29,97.37,89.07
82.72,81.37,43.09,62.63
51.58,83.24,37.07,50.66
71.68,40.14,62.90,60.98
32.05,110.62,73.68,68.58
94.61,21.87,78.01,71.76
50.64,90.27,80.34,73.42
78.36,89.91,22.95,52.96
21.63,137.99,51.50,59.84
36.41,83.67,81.92,68.62
58.97,29.19,92.39,69.72
90.26,90.19,68.18,79.21
62.18,22.79,24.18,35.30
94.39,38.53,51.73,61.89
58.70,14.36,25.94,33.45
59.24,81.86,79.88,74.08
29.58,21.83,25.08,25.78
84.21,75.72,34.86,57.84
39.76,140.61,53.36,66.73
91.97,110.77,57.01,78.25
92.87,20.84,52.52,58.29
95.46,41.39,57.07,65.45
61.62,104.31,77.06,77.88
74.17,135.26,49.54,74.07
82.28,14.61,63.82,59.52
30.48,123.74,44.27,56.03
68.08,88.65,48.29,62.30
22.74,86.45,69.10,58.66
59.81,144.09,59.24,76.38
32.39,114.67,77.84,71.57
34.63,129.02,64.84,68.61
49.20,59.56,84.29,68.82
54.59,87.61,55.47,61.63
69.85,96.16,59.28,69.83
25.95,55.02,73.60,55.59
60.30,89.83,37.70,54.91
34.61,43.13,50.87,44.44
65.92,30.07,69.99,60.78
70.99,62.36,22.31,44.92
64.54,113.50,54.96,69.54
79.06,138.27,67.91,85.33
46.85,74.08,97.39,77.57
81.21,100.00,90.16,89.44
54.62,24.43,42.46,42.50
58.73,136.62,60.58,75.23
71.85,89.60,24.51,51.73
21.47,119.25,39.26,49.92
72.32,121.22,81.99,86.94
69.49,45.91,29.87,44.96
44.79,84.08,40.62,50.56
26.86,144.47,95.52,84.71
27.27,22.55,85.91,55.65
93.86,105.63,82.55,90.56
75.14,144.72,89.16,96.07
30.17,52.08,79.97,59.45
48.54,130.60,29.65,55.51
67.40,140.71,61.32,79.02
86.85,114.59,55.54,76.74
23.49,42.39,44.89,37.97
38.93,56.76,86.72,66.39
91.18,15.01,57.13,58.92
20.73,126.40,24.82,43.91
36.11,128.95,42.00,57.62
96.72,98.58,38.29,67.88
69.07,59.35,91.00,78.09
40.93,20.75,71.80,52.33
25.36,115.43,64.83,63.11
22.26,111.71,60.53,59.28
39.58,137.76,72.01,75.43
90.52,112.27,80.39,89.81
53.27,126.02,64.35,73.36
77.63,114.43,95.06,93.70
93.46,98.30,98.15,96.77
52.64,69.78,99.63,79.56
35.30,136.30,73.55,74.62
61.37,101.14,94.61,85.94
92.65,65.77,52.36,67.13
84.35,21.69,88.77,74.03
25.27,50.70,92.73,64.09
75.41,86.12,92.33,86.01
65.75,48.59,86.47,72.68
92.60,40.97,52.53,62.24
29.80,83.84,32.71,42.06
62.72,33.77,46.72,48.93
90.36,122.06,81.38,92.21
52.80,77.81,38.63,50.72
58.56,90.34,58.26,64.77
25.64,30.63,65.23,46.43
42.25,55.44,68.31,57.92
45.96,67.41,94.86,74.70
95.61,123.15,72.92,89.77
42.61,117.82,82.90,77.80
56.87,41.22,66.55,58.58
73.70,96.27,86.69,84.71
32.97,44.08,41.09,39.25
58.92,148.35,36.79,65.74
79.08,143.30,94.11,99.44
89.35,88.86,75.48,82.32
70.10,107.85,73.72,79.46
73.52,122.20,57.38,75.19
30.10,110.94,50.14,56.29
95.66,107.98,64.46,82.52
30.61,144.20,29.65,52.85
81.97,93.50,56.38,71.48
41.19,99.08,56.43,60.39
94.69,128.90,63.07,85.72
77.60,103.78,70.77,79.42
80.31,112.61,96.59,94.91
37.52,42.78,72.17,55.90
55.44,61.98,90.70,74.38
69.43,30.62,64.50,59.20
81.60,80.81,70.15,75.72
28.32,73.80,25.59,36.05
96.99,149.60,30.66,74.35
91.22,95.57,66.37,79.66
41.63,120.10,51.66,62.34
85.82,56.76,83.90,79.05
61.47,126.42,63.45,75.45
56.94,96.11,90.58,81.59
45.15,107.58,97.79,83.96
66.48,51.22,31.81,46.09
78.39,86.81,51.59,66.67
52.87,98.77,73.20,72.22
70.34,92.47,44.44,61.82
75.95,138.13,41.36,71.09
76.89,135.76,85.10,92.77
24.16,145.94,98.43,85.65
88.78,103.44,81.90,88.27
56.66,146.07,61.89,77.16
40.99,126.55,55.40,65.31
39.34,47.92,63.17,52.97
58.64,69.84,57.03,60.08
90.95,43.37,60.23,66.07
50.27,10.59,36.28,35.34
79.98,36.33,92.30,77.41
27.75,10.57,80.36,50.62
58.08,110.78,74.48,76.82
99.33,69.57,95.99,91.71
81.64,53.76,42.75,56.62
36.84,116.64,26.49,47.62
60.12,126.55,86.09,86.39
38.69,146.54,99.87,90.85
52.76,99.88,66.27,68.94
82.41,74.61,24.70,51.99
81.70,52.74,82.44,76.28
38.25,41.12,25.90,32.65
93.78,39.81,63.20,67.70
67.41,67.29,42.20,54.78
50.39,148.85,93.20,91.49
60.15,10.12,56.11,48.12
68.41,37.61,91.88,73.98
64.79,36.38,43.93,48.68
58.91,110.40,50.99,65.25
60.39,59.35,95.77,77.87
34.11,74.02,36.11,43.09
85.02,30.81,66.28,64.81
63.34,66.70,51.08,57.88
30.49,24.45,81.93,55.00
81.29,84.63,30.34,56.48
94.60,23.71,54.98,60.61
95.78,120.67,75.91,90.82
49.52,89.32,52.56,59.00
30.84,111.36,24.68,43.86
61.47,68.59,76.41,70.36
29.01,63.41,60.26,51.52
94.72,23.75,20.90,43.62
34.69,83.34,69.01,61.58
40.22,82.03,93.59,75.27
52.53,75.53,28.88,45.30
50.65,113.67,67.25,71.55
83.57,126.55,78.29,89.53
56.51,115.11,25.66,52.80
33.66,30.14,21.81,27.03
41.38,97.09,57.14,60.40
60.73,21.25,83.29,64.11
31.80,107.25,32.86,47.42
68.93,63.46,86.93,76.84
65.26,28.55,72.53,61.55
77.18,130.69,46.57,72.58
95.02,95.96,61.27,78.33
92.98,59.66,97.25,88.45
95.69,14.30,37.31,50.22
39.58,85.22,59.96,58.90
30.53,139.25,69.96,71.99
44.18,93.49,31.04,47.47
91.61,146.03,23.48,68.43
97.76,29.10,21.08,45.69
88.75,89.56,45.98,67.53
28.80,121.74,25.92,45.95
95.79,83.58,84.30,87.60
53.87,22.75,99.79,70.61
20.74,91.60,24.90,36.99
55.39,95.64,54.62,63.05
23.69,112.02,22.06,40.54
63.51,116.57,30.72,57.73
47.08,117.91,45.83,60.62
57.87,102.88,51.50,63.69
69.05,40.21,95.18,76.35
89.50,66.59,51.67,66.00
72.95,118.66,59.70,75.47
54.72,143.48,39.65,64.94
85.55,21.05,20.01,39.88
92.45,84.98,91.95,90.71
29.58,53.75,26.54,32.89
62.55,41.56,97.14,75.65
42.76,80.81,30.47,44.23
23.76,94.85,68.39,60.29
73.48,11.37,99.95,74.29
89.02,119.23,31.08,66.09
33.03,124.78,53.92,61.83
84.99,145.17,82.43,95.75
88.27,35.29,22.58,44.83
93.15,93.24,75.18,84.18
41.22,69.73,26.43,39.53
92.32,56.88,38.92,58.53
45.65,89.19,32.81,47.94
64.19,119.53,92.59,89.46
24.04,13.23,34.44,27.08
23.51,145.72,23.23,47.81
77.63,123.38,67.01,81.47
55.56,115.16,47.69,63.55
40.50,116.45,52.46,61.67
35.23,64.47,29.53,38.23
73.60,115.23,79.86,85.06
20.03,64.15,68.12,52.90
84.47,135.82,49.14,77.08
26.34,34.81,33.73,31.73
35.32,50.93,67.48,54.52
50.90,87.19,82.29,73.85
58.79,54.69,44.99,51.07
48.40,69.39,22.07,39.43
45.66,78.94,37.15,48.06
97.11,129.89,74.59,92.41
71.33,83.25,99.13,87.61
21.87,60.74,21.07,29.24
54.41,44.68,44.49,47.50
90.00,67.21,24.96,52.92
44.12,82.20,45.31,52.33
27.56,114.46,52.47,57.39
80.67,26.95,93.67,76.43
68.48,41.03,26.44,41.97
65.63,63.15,82.17,73.40
24.29,60.46,51.64,45.20
31.24,64.84,84.90,64.79
69.80,121.09,61.07,75.69
36.63,55.38,23.14,33.64
60.33,80.27,95.70,82.00
63.59,97.35,26.62,51.86
42.68,42.50,67.81,55.21
95.87,110.62,90.21,95.99
87.40,86.60,26.38,56.73
77.79,72.55,64.31,70.00
26.24,123.37,85.94,75.52
28.49,44.09,98.91,66.82
59.42,133.64,77.95,83.53
32.86,88.55,42.27,48.70
98.26,95.28,75.97,86.52
32.68,132.51,76.46,74.54
59.00,124.46,76.00,80.59
49.13,94.22,88.34,77.75
71.15,115.45,26.99,57.93
30.32,70.66,28.67,37.56
54.43,86.63,71.25,69.28
41.98,18.69,96.31,64.49
91.02,22.58,57.27,60.46
23.25,126.12,96.85,80.62
93.10,18.35,95.05,79.12
86.64,33.72,92.23,78.85
43.81,121.42,92.79,83.82
83.14,10.16,91.87,72.91
22.50,49.54,85.59,59.45
97.35,91.77,75.60,85.36
62.13,93.36,21.95,48.29
44.26,118.80,30.58,52.33
49.01,80.83,30.74,46.24
25.31,81.32,21.88,34.80
99.15,111.54,29.34,66.72
23.14,79.81,93.58,69.69
72.39,95.19,73.10,77.31
55.42,135.69,44.97,66.25
95.91,66.20,83.47,83.75
39.68,63.92,59.07,54.22
62.57,10.50,31.37,36.56
58.59,95.88,90.76,82.13
76.23,14.17,47.09,49.25
25.44,80.58,75.91,61.70
35.50,122.59,43.25,56.79
37.17,86.99,60.01,58.55
79.05,47.75,85.30,75.91
35.13,120.06,32.54,50.82
65.88,47.76,98.18,78.41
37.22,112.62,25.62,46.50
88.93,95.44,62.72,77.13
95.37,33.80,93.28,82.01
61.48,136.72,95.66,93.62
48.18,38.09,38.57,41.36
38.72,148.54,31.52,57.08
23.98,11.02,77.95,48.37
41.48,46.89,23.36,33.50
72.34,37.98,58.82,58.71
62.69,11.96,83.71,63.05
95.52,112.53,64.82,83.57
51.70,107.08,35.04,54.45
75.51,120.93,58.96,76.32
59.15,45.94,93.70,73.78
61.01,72.21,69.38,67.44
41.42,102.28,77.72,71.74
56.40,71.57,46.90,54.68
57.66,107.63,35.08,56.36
76.53,98.76,40.45,62.94
95.25,26.05,62.65,65.11
46.35,119.35,42.42,58.98
23.38,110.89,63.36,60.87
59.70,101.82,76.62,76.58
63.56,31.71,78.75,64.78
33.48,47.52,33.17,36.13
80.84,65.04,80.03,77.28
98.79,49.19,73.82,76.38
95.66,41.89,20.96,47.56
35.77,122.75,24.71,47.64
90.03,99.35,71.70,82.73
76.36,89.17,50.70,66.09
56.31,41.63,31.69,41.06
63.25,138.53,23.55,58.46
87.97,36.77,32.75,50.12
58.41,121.29,96.60,90.08
49.86,145.33,78.21,83.13
59.46,111.79,62.22,71.31
66.33,149.00,95.32,97.36
35.13,101.15,69.53,65.53
92.07,40.44,78.05,74.73
73.93,38.53,42.61,51.19
70.66,55.44,67.12,65.85
27.96,11.00,31.48,26.33
68.33,105.44,52.36,67.77
29.68,47.61,22.66,29.76
26.30,124.13,37.33,51.38
62.18,60.28,25.99,43.70
52.22,77.19,51.02,56.61
67.10,145.20,87.44,92.89
27.14,43.90,50.23,42.04
54.48,110.98,86.53,81.81
33.98,115.72,72.52,69.60
98.97,40.94,60.76,68.26
64.89,80.14,38.95,54.97
74.99,59.03,93.77,81.19
46.03,118.07,24.34,49.59
27.58,97.15,75.11,65.26
98.07,76.64,69.70,79.60
42.90,119.11,55.28,64.33
53.90,42.92,39.23,44.37
71.99,115.51,54.46,71.93
21.98,131.15,89.82,77.73
84.82,133.01,86.94,95.52
62.93,119.71,95.31,90.48
42.26,67.12,44.62,48.41
24.93,147.45,50.97,62.45
33.00,63.14,21.50,33.28
91.60,99.41,95.44,95.08
74.88,32.55,46.35,52.15
39.99,147.26,52.33,67.61
25.25,108.56,92.62,75.60
75.25,115.47,62.13,76.73
65.79,19.21,65.29,56.22
52.36,116.88,34.10,56.13
49.09,118.46,59.89,68.36
37.35,104.05,93.46,78.75
73.57,50.87,64.70,64.59
97.65,78.56,40.41,65.21
34.06,25.46,22.49,26.55
67.77,76.02,46.90,58.98
53.93,44.14,65.81,57.91
55.74,58.87,23.41,40.20
40.33,32.76,68.78,53.04
86.01,42.21,61.87,65.18
58.82,20.72,82.67,63.12
63.47,138.79,22.31,57.95
44.38,84.26,82.47,71.40
34.54,65.54,61.67,54.31
26.87,84.90,49.64,49.86
77.13,97.96,97.23,91.35
35.70,139.06,32.81,54.93
75.21,35.02,63.31,61.22
51.23,51.38,45.68,48.48
53.26,146.61,62.20,76.40
57.53,61.97,64.18,61.74
49.42,13.16,27.16,31.04
28.05,30.67,72.89,50.99
44.77,13.69,70.76,51.55
73.10,148.59,81.56,92.43
73.26,49.04,27.25,45.41
42.90,139.30,43.78,62.62
56.81,149.42,72.01,82.93
35.48,93.98,30.94,44.91
36.83,14.65,74.21,51.08
21.84,21.42,24.72,23.20
91.74,77.42,46.79,66.40
36.86,66.86,87.74,68.30
38.20,94.86,81.94,71.40
42.37,71.44,71.58,62.79
30.19,140.77,89.64,82.03
71.14,84.86,76.74,76.68
26.01,107.12,61.55,60.00
30.74,135.51,98.38,85.51
71.58,30.56,75.59,65.38
47.17,42.16,68.11,56.64
76.64,25.02,52.71,54.35
64.59,29.55,92.19,71.38
40.48,81.76,43.66,50.33
72.07,54.97,20.74,42.98
29.30,69.24,35.74,40.51
62.91,147.55,28.76,62.76
54.97,31.94,45.52,45.64
41.43,85.71,86.07,72.61
68.32,23.84,72.12,61.32
89.71,54.59,33.52,54.59
99.91,83.85,83.11,88.30
68.62,142.53,60.34,79.26
52.38,64.77,61.02,59.18
38.02,19.09,48.97,39.71
40.57,64.34,89.17,69.62
58.36,30.40,45.47,46.32
49.38,42.20,27.53,37.02
93.11,96.53,44.22,69.35
49.46,19.44,77.23,57.34
49.88,75.06,72.61,66.28
50.68,95.32,35.04,51.79
86.93,69.06,28.94,54.36
72.06,12.68,72.87,60.59
69.13,147.97,74.11,87.39
46.73,61.40,49.29,50.94
85.43,119.00,87.42,93.14
23.07,55.59,98.26,67.17
89.66,76.50,36.45,60.42
61.02,64.38,66.17,64.27
51.86,57.96,20.43,37.36
59.77,13.06,77.04,59.06
73.39,60.40,53.14,60.67
21.02,134.53,35.46,50.94
89.72,106.66,80.18,88.34
55.74,30.36,84.85,65.22
47.44,92.76,28.89,47.23
31.06,134.91,23.28,47.94
55.16,108.00,46.73,61.51
59.71,30.82,70.08,59.12
52.29,131.50,83.47,83.72
74.29,52.22,63.68,64.57
53.67,73.57,66.46,64.04
96.91,83.66,83.99,87.80
67.94,129.07,62.31,77.35
84.60,140.43,68.89,87.91
28.75,140.15,61.30,67.31
51.78,11.11,90.44,62.98
46.95,139.06,38.84,61.32
65.56,17.61,41.12,43.75
88.89,47.21,30.24,51.23
26.27,82.10,85.56,67.08
25.81,77.19,52.94,49.65
88.03,94.66,47.83,69.26
37.03,77.12,98.51,75.79
73.50,140.81,94.14,97.28
63.43,43.68,97.76,76.65
86.63,48.36,31.38,51.35
30.01,138.90,91.30,82.43
30.38,20.74,46.30,36.41
64.55,95.34,21.01,48.94
95.71,105.44,51.30,75.45
53.20,80.78,60.74,62.49
46.16,107.19,28.66,49.62
68.54,34.19,63.01,58.91
94.44,129.37,85.56,96.99
86.95,29.60,50.21,57.11
99.64,66.11,48.21,67.22
21.81,20.54,47.10,34.20
29.03,86.33,93.85,72.90
68.76,103.76,23.90,53.33
85.65,141.77,55.61,81.85
42.82,113.51,41.17,56.13
39.14,85.75,91.50,74.64
82.96,140.57,27.68,66.84
24.51,76.98,52.92,49.21
49.55,88.57,52.55,58.85
60.46,93.45,91.07,82.36
64.83,67.40,37.24,51.55
78.29,127.39,71.59,84.76
48.39,35.92,30.75,37.08
69.01,87.68,96.32,86.40
66.83,111.11,67.44,75.99
63.81,136.56,70.10,81.50
71.24,133.75,54.70,75.47
40.76,81.22,47.38,52.16
26.77,100.04,37.01,46.54
29.54,65.19,68.32,56.06
37.97,75.54,96.36,74.68
60.02,136.88,48.78,69.77
87.24,140.30,90.65,99.56
76.10,135.36,31.90,65.85
83.12,29.37,94.89,78.25
48.08,129.01,48.04,64.25
52.37,142.77,50.38,69.45
51.49,60.57,57.03,56.08
35.35,82.61,77.46,65.86
24.90,119.07,77.57,70.07
67.27,88.69,58.37,67.10
99.14,149.09,61.85,90.48
33.35,73.80,22.40,35.97
23.73,109.95,44.34,51.28
82.36,120.96,47.68,72.74
40.21,79.17,64.70,60.25
86.37,129.98,64.66,84.24
76.31,86.46,76.79,78.58
95.65,67.63,77.36,80.90
52.71,25.10,38.82,40.24
72.96,65.08,81.61,75.71
57.19,112.75,21.57,50.49
70.45,138.98,77.29,87.58
55.97,45.24,28.16,39.92
35.09,59.73,78.37,61.66
60.63,31.55,62.17,55.58
62.29,106.70,54.98,67.52
84.85,144.43,75.25,91.97
78.84,99.73,22.91,55.05
73.10,96.39,37.88,60.15
29.07,87.49,69.32,60.88
77.65,22.38,87.78,71.66
60.02,112.13,50.49,65.68
91.53,94.29,40.70,66.67
93.59,102.61,61.50,79.35
24.41,135.83,69.79,69.38
85.65,119.75,53.61,76.45
23.02,119.33,90.14,75.84
49.37,139.81,61.88,73.71
63.38,148.59,22.87,60.17
31.85,91.38,37.84,46.75
79.71,25.24,56.05,56.99
20.67,74.28,75.82,58.97
33.49,120.26,37.58,52.89
66.46,13.88,98.10,71.76
77.15,17.96,45.48,49.48
93.33,19.40,62.60,63.18
76.44,112.35,21.52,56.16
73.74,80.16,90.79,83.55
51.55,61.65,83.11,69.35
20.10,24.79,35.64,28.81
29.61,112.51,94.66,78.72
62.76,54.94,45.27,52.45
74.01,47.15,75.37,69.32
53.40,101.32,85.52,79.04
78.45,88.26,79.27,80.82
61.75,60.74,93.41,77.38
25.93,99.81,89.14,72.31
35.36,47.97,99.57,69.99
87.20,121.28,34.61,67.72
77.99,42.10,44.38,54.01
91.58,32.24,70.90,69.37
29.40,119.54,78.64,72.05
99.22,109.10,62.77,82.97
36.75,35.57,25.91,31.09
20.94,26.27,87.33,55.20
99.79,127.38,96.87,103.85
42.49,118.72,52.44,62.71
73.44,55.82,37.98,52.19
34.13,102.15,21.55,41.44
66.42,27.38,38.98,44.89
92.32,80.99,75.99,81.89
45.61,12.62,92.93,62.67
73.62,64.82,27.48,48.79
35.03,20.48,64.26,46.73
69.98,76.52,75.64,74.12
46.92,69.04,42.11,48.94
36.90,72.21,65.59,58.31
45.05,16.35,77.22,55.39
34.31,60.63,87.02,65.93
92.15,115.91,56.20,78.93
51.77,61.65,79.83,67.78
39.62,110.12,44.14,55.98
55.87,61.73,37.04,47.63
45.64,69.25,34.99,45.04
79.55,88.94,48.71,66.01
97.70,143.10,22.87,69.36
55.04,25.24,42.64,42.88
88.88,14.61,72.18,65.68
65.27,95.11,71.83,74.52
32.58,142.87,25.88,51.29
75.25,148.56,42.99,73.78
61.07,77.78,65.56,66.66
72.05,75.53,45.48,59.46
91.17,100.29,53.44,74.13
55.23,87.79,77.02,72.64
92.09,98.77,20.74,57.75
80.05,132.36,42.11,71.54
59.09,114.48,31.39,56.32
68.26,79.56,30.21,51.50
46.05,74.66,96.72,77.11
98.69,99.54,50.12,74.58
73.39,73.80,62.17,67.86
23.51,74.09,78.71,61.23
46.13,12.28,23.80,28.20
69.87,34.37,39.28,47.48
24.51,78.39,86.57,66.32
21.91,125.17,88.96,76.09
56.00,49.02,49.84,51.52
46.62,83.17,49.99,55.61
55.06,58.29,80.55,68.45
41.02,24.67,43.61,39.05
33.18,144.16,29.37,53.47
75.13,129.65,40.60,68.77
61.17,20.99,50.99,48.04
36.01,110.77,24.18,45.05
45.57,58.66,58.29,54.55
67.34,149.28,79.20,89.66
25.78,52.34,61.10,48.75
31.80,43.42,25.75,31.10
25.86,89.50,55.21,53.26
84.99,126.92,76.71,89.24
80.19,36.95,24.65,43.77
80.27,109.32,24.79,58.34
77.31,18.60,49.65,51.74
73.55,138.65,35.60,67.59
58.16,21.35,94.78,69.11
71.38,137.99,66.51,82.27
23.07,78.71,42.99,44.16
69.72,72.73,76.38,73.65
82.23,146.26,49.99,78.92
60.03,148.65,30.57,63.02
48.60,101.02,38.98,54.27
42.19,27.80,71.42,53.93
71.42,80.86,24.15,49.67
75.42,84.08,41.82,60.35
89.68,82.02,36.66,61.64
47.39,89.73,36.09,50.21
81.58,12.62,74.62,64.31
64.91,109.57,86.07,84.42
90.63,109.74,77.27,87.77
62.22,26.17,71.66,59.73
61.41,89.83,93.32,83.05
66.23,89.57,24.67,50.12
79.95,105.54,33.40,61.79
97.18,21.96,53.15,60.12
25.89,97.71,49.80,52.21
24.27,49.31,53.44,43.86
95.00,80.98,36.52,62.96
62.39,118.27,31.96,58.35
69.19,108.79,60.74,72.89
58.59,26.65,94.24,70.03
27.49,92.77,51.36,52.48
81.45,145.68,23.47,65.31
79.78,31.95,76.49,68.57
44.94,129.41,43.29,61.01
44.50,108.36,39.61,54.83
87.03,118.36,45.94,72.75
25.79,49.47,77.91,56.59
90.49,50.30,85.51,79.96
40.53,136.84,67.04,73.05
67.44,60.38,45.80,55.21
94.88,18.82,44.84,54.65
74.25,94.08,29.94,56.06
53.15,27.47,94.66,68.77
75.16,121.52,71.05,82.38
47.52,99.84,22.16,45.30
42.18,132.46,72.99,75.64
99.73,119.88,55.77,81.78
80.06,25.70,97.80,78.06
71.58,63.35,85.53,76.91
48.42,118.44,33.71,55.07
23.93,68.43,77.61,59.67
22.48,146.13,58.85,65.39
64.33,113.00,34.96,59.38
80.96,12.17,75.90,64.67
62.99,133.20,63.79,77.43
87.26,24.11,22.43,42.22
22.67,29.67,71.73,48.60
49.34,112.83,70.80,72.77
38.97,131.10,31.53,53.68
55.78,85.09,47.92,57.71
25.79,50.47,66.87,51.27
96.33,59.18,31.10,56.28
37.86,58.00,88.22,67.07
93.78,55.73,22.20,50.38
54.07,44.01,28.23,39.14
98.84,95.24,29.29,63.34
64.32,136.06,62.25,77.63
94.47,52.99,69.61,73.74
20.43,36.14,52.30,39.51
79.86,127.40,43.09,70.98
92.24,113.85,84.75,92.82
31.18,140.32,25.46,50.15
27.69,33.17,42.42,36.15
53.97,30.20,23.13,33.80
94.69,85.80,21.11,56.12
63.39,96.02,48.27,62.36
62.20,77.22,35.59,51.90
31.29,93.86,41.47,48.89
20.06,35.25,85.68,55.91
84.81,77.15,33.04,57.39
27.01,102.13,82.42,69.74
70.71,70.58,74.00,72.33
93.17,105.12,46.12,72.03
36.69,73.17,63.72,57.50
73.22,56.70,55.55,61.08
26.30,52.50,30.27,33.52
68.30,67.53,92.57,80.28
33.11,13.23,65.57,45.36
78.88,103.59,90.42,89.59
44.10,128.31,85.91,81.85
57.07,59.65,26.38,42.24
67.95,16.44,36.58,41.96
33.70,148.15,31.62,55.55
79.33,46.92,86.46,76.41
44.21,27.73,89.00,63.31
72.99,61.77,62.24,65.37
32.66,113.40,28.33,46.64
75.05,51.15,30.85,48.17
30.26,90.46,85.08,69.71
54.03,68.18,94.34,77.02
39.78,26.49,35.96,35.21
79.87,56.24,20.89,45.65
40.96,111.48,46.48,57.82
90.54,95.68,22.44,57.52
91.35,26.77,86.24,75.88
35.72,32.87,59.32,46.95
69.11,99.70,71.35,76.35
27.02,123.88,52.92,59.34
51.32,58.93,47.64,51.00
77.07,93.34,37.78,60.68
72.75,33.89,81.64,69.42
69.98,53.59,75.64,69.53
42.60,12.84,48.86,39.78
50.24,117.56,45.69,61.43
28.24,66.14,20.10,31.75
77.52,124.26,25.08,60.65
60.31,109.17,69.86,74.86
76.70,126.02,61.17,78.80
39.92,49.99,54.78,49.36
45.96,35.92,86.20,64.07
46.74,146.07,60.31,73.39
22.06,110.43,50.76,54.08
47.28,126.77,32.90,55.99
84.26,11.84,85.66,70.48
91.78,59.62,66.10,72.51
61.46,113.99,27.40,54.94
56.44,20.92,71.91,57.07
22.47,89.43,54.01,51.63
90.34,70.07,84.91,83.57
21.04,12.47,93.51,55.56
95.58,43.04,68.04,71.30
59.14,49.87,78.53,66.98
47.35,25.66,24.53,31.60
93.94,98.42,64.82,80.28
21.95,43.94,80.43,55.59
66.51,48.87,59.74,59.60
63.91,135.75,67.48,80.06
37.55,75.40,91.92,72.31
54.31,64.90,35.85,47.20
72.18,111.34,27.86,57.85
78.17,137.35,75.25,88.55
20.06,13.51,85.83,51.63
94.95,72.75,88.04,87.06
33.16,95.51,71.33,64.72
38.69,54.60,86.66,65.86
41.08,118.14,76.05,73.98
23.03,146.01,26.99,49.61
29.84,142.08,80.96,77.85
98.91,47.24,34.35,56.30
45.22,41.69,38.93,41.37
29.22,144.05,51.57,63.36
28.56,74.21,45.17,45.99
77.56,39.16,45.73,53.97
88.37,108.98,33.54,65.08
40.56,49.82,43.51,43.89
21.67,47.41,21.57,26.77
37.85,133.09,57.83,66.89
24.52,32.75,81.49,54.65
28.27,19.02,88.98,56.78
54.52,47.69,85.63,68.71
38.39,94.97,53.32,57.17
61.28,27.23,78.43,63.05
40.28,76.02,43.03,48.80
95.24,97.83,24.44,60.36
92.48,128.82,74.08,90.55
65.34,42.18,71.90,63.99
48.35,124.43,84.13,81.46
50.49,42.89,69.29,58.37
52.95,104.75,32.55,53.11
78.21,70.29,88.25,81.65
56.13,26.06,70.18,57.14
88.54,110.00,84.61,90.87
95.53,40.49,81.93,77.72
46.88,34.73,43.83,42.92
64.86,60.17,25.96,44.47
27.60,101.46,34.12,45.63
36.04,42.76,27.43,33.08
53.08,35.71,39.47,42.80
36.50,11.39,56.76,41.61
90.12,76.03,92.54,88.51
32.66,70.01,89.76,68.68
56.45,42.74,77.49,64.23
68.46,17.51,21.93,35.00
75.35,70.10,47.31,60.28
50.65,120.35,74.59,76.56
89.53,110.14,30.32,64.05
65.47,130.51,84.09,87.79
55.16,11.34,93.17,65.40
25.38,145.30,48.33,60.84
57.18,57.80,76.47,66.95
85.66,148.66,31.86,71.36
69.16,45.37,75.27,67.46
86.57,76.02,21.72,52.03
59.52,59.55,32.06,45.80
29.48,59.81,76.79,59.20
21.09,127.92,76.95,70.39
44.26,114.50,71.29,71.82
75.84,148.90,58.19,81.63
83.22,95.89,73.99,81.14
43.66,74.86,81.90,69.02
59.65,22.61,97.32,71.08
53.69,149.52,91.09,91.56
52.84,87.21,83.56,75.07
38.51,108.07,75.58,70.96
30.91,66.94,65.93,55.63
35.74,86.68,29.65,42.88
24.43,141.96,33.24,52.34
35.85,33.30,85.62,60.23
20.74,50.93,84.27,58.54
70.18,31.29,69.16,61.89
45.31,120.91,55.11,65.33
97.85,18.69,22.08,44.13
35.50,21.43,46.17,38.02
47.67,51.79,53.65,51.48
48.63,81.99,58.87,60.42
20.68,66.88,94.35,66.75
87.14,16.27,28.70,43.75
22.56,144.05,61.51,66.33
95.21,143.40,49.43,81.96
91.37,49.11,99.21,86.84
62.84,112.41,88.95,85.81
63.49,91.00,55.10,64.80
72.30,43.25,99.98,80.33
50.96,46.70,61.13,55.19
71.78,78.76,33.37,53.97
23.58,68.69,64.47,53.05
24.32,50.77,38.10,36.50
56.58,123.05,70.91,77.04
63.97,77.40,95.00,82.17
91.03,101.68,82.90,89.09
28.37,36.50,41.85,36.74
85.81,84.69,43.75,64.56
36.80,54.52,25.54,34.71
51.53,83.70,42.87,53.63
45.33,119.32,27.41,51.17
52.01,117.65,59.96,69.11
32.04,59.59,76.67,59.87
60.29,107.20,80.09,79.57
84.13,141.78,24.76,65.97
55.32,97.59,47.20,59.71
59.25,30.78,43.05,45.46
87.90,105.16,28.34,61.57
76.48,24.69,49.00,52.38
59.24,132.10,43.95,66.17
40.62,82.33,70.76,64.03
90.79,63.92,90.66,85.35
66.16,17.98,56.39,51.64
37.69,63.31,79.73,63.83
41.53,136.45,31.68,55.59
84.25,12.94,91.60,73.66
23.53,76.45,32.21,38.45
99.37,140.36,35.37,75.57
30.43,65.28,28.52,36.45
83.69,69.94,44.77,61.48
51.58,91.00,64.19,65.77
59.38,74.81,99.04,82.30
90.45,33.60,83.47,75.59
53.03,12.60,50.43,43.64
63.00,95.37,66.07,71.01
23.94,138.91,69.86,69.89
20.19,24.89,85.82,53.94
39.58,39.53,78.92,59.24
74.45,61.83,65.54,67.47
29.70,123.22,73.53,70.32
29.10,47.70,79.67,58.11
52.88,133.49,30.65,57.89
71.83,17.69,36.04,43.11
76.97,141.73,75.09,88.98
34.28,88.50,88.03,72.00
26.37,102.23,52.74,54.73
95.23,61.48,98.39,90.06
40.85,119.48,37.29,54.80
88.27,33.32,53.34,59.81
89.08,16.85,50.28,55.23
81.80,65.37,94.42,84.82
33.51,129.52,42.83,57.37
85.74,115.69,57.66,77.69
81.54,82.40,34.98,58.43
67.74,90.10,61.70,69.19
46.98,28.18,88.59,64.03
41.00,127.70,44.32,60.00
29.75,120.17,84.86,75.39
60.78,101.91,92.90,85.07
66.82,75.27,25.84,48.02
48.75,145.02,80.51,83.88
58.03,133.06,40.43,64.24
49.08,100.22,34.03,51.78
71.28,62.05,68.09,67.84
92.10,96.52,76.45,85.16
33.11,90.56,51.58,53.84
50.51,65.19,23.13,39.76
31.27,52.93,92.70,66.32
70.00,66.98,78.46,73.63
78.31,90.35,41.73,62.43
94.55,69.94,59.75,72.23
42.31,46.90,22.22,33.18
96.02,116.53,47.14,75.68
25.06,84.41,61.80,55.30
68.24,19.47,61.38,55.06
24.57,61.56,36.65,38.01
91.50,133.89,82.14,95.30
62.38,115.73,43.91,63.81
73.55,55.25,66.43,66.33
86.53,141.35,41.72,75.09
32.02,20.72,54.01,40.75
23.09,144.57,36.60,54.14
90.31,44.40,70.64,71.29
45.19,11.27,54.05,42.84
30.32,70.73,21.29,33.89
57.48,60.26,22.25,40.42
67.86,85.47,57.69,66.30
22.48,121.55,34.66,48.38
41.99,127.94,66.80,71.59
22.62,66.17,52.66,46.35
53.63,70.18,72.35,66.30
91.61,30.74,96.19,81.73
98.61,16.66,62.30,64.06
70.96,99.77,82.99,82.74
32.93,19.02,80.24,53.80
92.47,112.74,93.74,97.16
61.30,85.47,37.12,54.04
32.30,37.80,86.19,60.34
93.74,85.53,92.44,91.45
80.60,35.62,51.42,57.01
78.54,71.42,45.11,60.40
76.73,121.94,96.16,95.49
36.03,74.67,70.21,60.85
36.88,30.82,50.45,42.45
75.06,111.34,83.35,86.46
37.58,36.15,44.36,40.68
55.09,113.40,34.11,56.26
82.56,77.11,63.52,71.95
82.72,73.52,65.30,72.17
56.26,129.20,86.06,85.75
83.38,109.20,56.56,75.13
87.09,14.61,85.17,71.63
72.38,51.46,44.91,54.46
38.27,131.93,66.03,70.88
41.92,12.57,36.68,33.43
45.19,86.34,50.84,56.25
29.34,111.90,88.60,75.48
41.85,97.06,37.28,50.61
36.76,116.47,84.82,76.73
56.43,111.60,42.63,60.56
92.68,106.88,22.76,60.56
28.36,125.02,28.79,47.91
77.62,100.40,79.67,83.20
74.98,66.34,40.97,56.25
27.66,76.07,72.33,59.68
93.81,110.34,75.94,88.18
65.48,132.68,47.61,69.98
49.10,48.11,57.99,53.35
80.52,57.89,52.30,61.88
40.59,140.30,95.79,88.13
75.48,90.99,45.60,63.64
23.18,35.05,34.67,31.30
87.15,102.92,49.25,71.35
55.85,148.71,73.56,83.28
70.94,125.28,75.79,84.23
37.70,114.40,93.92,81.15
74.17,39.13,90.54,75.35
81.78,132.66,43.07,72.60
57.86,83.61,56.41,62.28
69.42,134.50,79.78,87.62
56.51,56.18,93.32,74.85
91.53,18.69,46.97,54.68
59.83,76.64,55.56,61.06
87.34,47.78,91.96,81.74
84.11,110.13,48.68,71.60
52.84,143.99,58.44,73.87
38.41,106.74,92.36,79.05
52.49,134.17,84.18,84.67
86.10,73.42,39.47,60.25
38.21,118.03,45.98,58.06
61.95,128.03,48.24,68.31
84.49,109.52,93.02,93.76
48.28,81.09,99.91,80.66
71.38,97.62,81.92,81.90
39.65,108.07,58.75,62.88
28.74,45.43,20.81,28.11
83.55,123.34,75.80,87.63
27.92,143.05,51.15,62.56
41.71,75.13,70.64,62.86
88.41,108.15,68.54,82.42
47.72,113.18,58.47,66.19
97.84,102.71,95.55,97.67
98.38,86.60,21.85,57.76
41.46,133.43,76.97,77.61
23.28,72.85,52.79,47.95
76.41,18.55,77.10,65.18
56.08,128.24,74.02,79.48
28.06,104.36,20.82,39.70
76.60,128.90,42.83,70.17
22.49,29.40,35.13,30.19
89.62,14.31,33.36,46.43
31.09,140.81,78.28,76.63
30.18,30.68,39.16,34.77
34.05,123.35,57.98,63.88
96.82,125.25,39.76,73.98
75.45,109.22,66.42,77.69
84.11,28.38,77.65,69.73
51.81,103.44,46.49,59.48
46.91,134.47,68.24,75.09
38.76,69.57,85.99,68.54
58.45,67.89,27.54,44.88
64.15,72.00,76.85,72.07
70.54,21.52,45.85,48.39
40.57,134.88,29.81,54.05
95.89,131.69,63.65,86.93
33.58,149.71,38.10,59.07
97.25,91.93,85.71,90.42
21.19,115.17,23.43,41.11
58.49,38.37,27.89,39.17
46.67,103.45,61.68,65.53
55.93,100.96,67.12,70.53
65.65,136.17,78.39,86.12
54.85,126.31,40.74,62.09
53.19,141.39,87.34,87.91
78.62,131.64,96.25,98.04
74.87,131.62,59.92,78.75
86.66,18.92,80.84,70.20
40.00,128.43,61.99,68.68
68.76,95.05,25.56,52.42
66.82,63.26,46.09,55.74
49.58,17.91,27.00,31.96
58.88,104.87,99.11,88.19
45.10,55.95,38.32,43.88
31.35,75.49,70.87,59.94
37.10,105.44,42.75,53.59
28.44,137.65,72.26,72.19
74.65,125.56,36.83,65.92
72.86,73.08,82.82,77.88
96.05,64.29,28.86,56.10
78.37,43.57,91.61,78.03
24.16,62.14,87.23,63.29
90.74,25.55,74.30,69.48
89.01,145.95,25.39,68.59
55.47,90.35,36.69,53.06
66.87,27.89,88.75,70.01
98.09,59.39,29.76,56.19
62.58,86.59,32.47,52.33
92.43,84.60,63.52,76.41
26.64,14.97,41.93,31.95
35.28,143.12,37.77,58.09
55.26,48.55,66.07,59.32
66.78,12.27,49.81,47.39
85.30,20.70,31.24,45.35
99.06,91.23,62.79,79.36
51.11,29.29,50.96,46.67
23.79,15.84,78.76,49.69
84.09,63.15,28.22,51.97
68.35,97.19,69.65,74.77
35.88,25.66,54.92,43.36
59.59,53.87,52.48,54.89
79.38,68.49,38.58,56.80
81.63,32.32,22.43,42.17
59.97,80.85,87.82,78.07
44.42,21.93,46.11,40.77
97.90,16.51,74.49,69.92
73.07,82.78,95.81,86.38
52.66,44.71,65.20,57.34
42.44,23.35,51.77,43.29
78.49,69.35,41.46,58.15
39.37,138.12,94.72,86.80
33.74,111.39,74.57,69.69
62.39,124.19,73.22,80.16
43.20,132.07,54.09,66.42
70.31,146.17,87.60,94.13
29.44,116.85,77.09,70.75
72.40,95.18,42.65,62.08
42.66,61.16,67.97,59.02
20.02,35.43,54.42,40.30
30.15,106.13,20.53,40.54
94.69,149.29,84.61,100.57
89.39,75.43,29.83,56.82
38.69,111.32,60.80,64.27
82.27,79.31,46.90,63.99
68.69,70.47,47.37,58.39
97.67,67.44,58.19,71.88
49.89,80.65,99.76,80.98
74.52,61.37,52.67,60.96
25.08,114.83,34.59,47.79
51.70,132.40,69.09,76.53
97.11,133.60,38.90,75.30
63.12,41.88,28.44,41.53
43.03,135.43,24.01,52.00
29.62,57.82,21.83,31.36
76.28,53.30,54.49,60.79
71.59,111.75,54.14,70.90
49.92,52.66,34.84,42.93
96.08,17.42,82.72,73.67
21.78,62.31,30.34,34.17
44.30,111.01,93.23,82.11
93.69,55.77,67.01,72.77
45.67,98.14,22.21,44.43
40.18,102.42,97.04,81.06
62.74,112.72,44.64,63.69
85.90,135.60,56.00,80.89
28.25,70.56,42.74,43.96
95.44,33.30,78.27,74.43
83.61,54.65,58.85,65.44
34.50,70.50,30.59,39.74
76.96,109.94,28.34,59.25
50.80,11.84,78.03,56.62
52.18,54.21,38.97,45.98
82.66,119.18,31.02,64.14
97.02,103.92,59.95,79.87
30.13,112.44,84.22,73.64
53.65,123.65,42.30,61.98
58.48,119.65,42.11,62.53
50.10,105.51,86.71,79.49
49.06,71.55,31.83,44.94
24.18,147.70,69.34,71.46
74.84,89.67,96.40,88.59
54.90,38.39,87.30,67.80
35.58,50.99,24.95,33.35
85.28,107.10,45.59,69.80
84.20,139.46,31.39,68.85
58.91,35.02,95.94,72.65
43.88,21.53,98.88,66.91
71.05,133.41,38.80,67.40
43.05,138.14,73.58,77.33
38.88,48.69,87.33,65.07
78.44,62.82,38.69,55.44
23.23,102.43,35.01,44.96
27.58,56.19,20.90,29.96
20.54,132.80,52.96,59.20
32.24,25.06,91.95,60.66
25.52,15.32,92.24,56.84
99.66,39.19,30.22,52.85
43.10,50.05,36.35,41.12
31.94,25.81,52.64,41.06
39.28,19.20,82.45,56.85
94.89,115.79,68.95,86.10
61.61,33.00,61.11,55.64
49.19,137.95,67.35,76.02
89.87,61.52,27.70,53.12
51.60,103.88,58.21,65.36
46.80,41.56,99.37,72.04
36.58,43.65,27.08,33.24
50.22,90.46,61.54,63.93
45.33,88.49,43.65,53.12
74.18,117.62,63.19,77.37
43.17,116.09,65.91,69.12
66.18,103.90,66.20,73.73
25.27,72.88,88.18,66.25
35.30,134.69,51.18,63.12
52.59,97.16,61.31,65.86
94.96,148.63,20.87,68.65
50.18,124.71,83.16,81.58
73.13,16.20,40.76,45.56
40.41,54.88,85.32,65.76
30.16,90.06,41.25,47.69
24.68,111.01,20.86,40.04
44.43,87.05,32.39,46.93
32.61,120.06,98.85,83.22
33.92,49.57,45.58,42.88
80.86,35.75,28.71,45.76
21.27,17.55,29.50,24.64
64.62,90.26,44.83,59.85
50.36,106.40,23.01,47.89
60.52,55.66,60.92,59.75
65.03,95.90,37.10,57.24
45.07,17.30,61.54,47.75
43.61,23.90,31.26,33.49
78.67,108.25,54.39,72.45
89.70,61.53,67.83,73.13
35.41,103.99,24.96,43.90
27.81,126.44,51.90,59.58
91.82,129.37,44.20,75.52
47.99,34.10,39.23,40.83
64.11,78.08,68.36,69.03
48.76,112.75,67.08,70.72
30.06,118.36,70.46,67.92
67.15,119.85,32.71,60.47
62.01,41.94,42.86,48.42
36.24,36.95,36.77,36.65
56.15,92.60,63.24,66.98
83.76,113.75,56.89,76.32
67.23,54.68,46.42,54.31
27.75,24.66,82.88,54.70
63.84,110.34,27.52,54.98
76.22,51.96,97.99,82.25
83.42,33.29,29.32,46.34
70.33,30.68,81.85,68.16
32.21,54.09,49.46,45.21
76.81,92.97,89.22,86.25
74.19,60.18,25.93,47.26
21.95,12.89,49.98,34.15
52.94,23.57,46.84,44.02
46.64,50.67,99.45,73.85
73.55,102.36,98.84,91.96
37.29,23.79,35.18,33.53
67.27,88.49,70.40,73.08
93.06,26.78,62.84,64.69
83.82,39.63,32.35,49.25
93.72,34.11,33.42,51.65
98.28,19.41,99.14,82.94
20.85,103.99,56.22,55.16
69.82,74.88,30.06,50.95
53.03,126.35,37.18,59.77
88.79,23.84,41.47,52.14
40.15,30.26,60.87,48.53
98.48,52.90,46.84,63.54
69.10,117.22,56.40,72.37
83.48,52.81,33.32,52.27
26.85,67.18,46.14,44.56
34.68,52.22,25.63,33.66
80.67,21.23,91.18,74.04
21.76,141.52,35.90,52.78
85.35,86.80,80.55,83.24
21.12,120.30,47.96,54.38
72.57,102.17,57.95,71.18
49.21,82.00,43.30,52.81
68.92,22.55,75.72,63.05
75.68,99.98,87.56,86.48
47.40,31.75,42.90,42.02
28.64,68.01,39.38,41.88
25.57,98.08,74.52,64.55
67.11,119.51,35.61,61.84
61.65,105.91,71.19,75.27
79.38,104.01,27.55,58.39
60.78,30.87,69.61,59.21
53.80,58.46,61.07,58.37
51.85,16.01,29.11,33.31
22.12,110.73,71.93,64.75
46.84,143.36,55.72,70.58
98.08,46.98,37.37,57.50
89.88,22.28,48.27,55.55
46.35,76.58,59.37,58.91
67.02,129.94,27.32,59.75
87.78,87.28,96.61,92.09
55.30,16.55,73.24,56.52
21.44,146.40,28.20,49.81
25.96,126.01,85.83,75.91
60.83,28.42,45.80,46.83
97.56,139.05,67.74,90.95
75.46,73.10,42.17,58.34
25.67,62.07,78.67,59.45
35.15,74.55,77.84,64.38
81.71,126.84,64.16,81.96
87.32,102.33,39.27,66.30
69.42,18.29,40.30,44.63
71.55,144.06,50.63,75.59
22.27,30.69,31.60,28.62
86.28,114.38,47.01,72.27
83.06,99.06,74.75,82.11
40.72,36.25,86.47,62.70
76.69,33.90,46.61,53.09
37.19,131.85,38.69,56.87
23.23,68.76,86.61,64.03
36.09,101.64,91.26,76.79
34.29,80.57,52.80,52.80
47.02,111.83,22.15,47.55
53.48,77.09,75.60,69.26
60.68,50.23,82.72,69.61
58.14,60.87,21.44,40.34
41.65,130.27,67.60,72.35
22.33,75.52,67.07,55.34
68.41,39.88,50.30,53.65
51.66,140.84,79.98,83.66
43.89,121.52,54.25,64.60
89.36,17.79,74.14,67.44
79.74,149.85,61.37,84.58
88.62,107.29,39.88,67.98
59.60,32.44,68.52,58.63
30.47,43.20,78.95,57.26
75.70,106.94,97.91,93.05
36.49,119.17,50.41,59.99
55.30,43.47,25.16,37.86
25.20,45.98,99.04,66.28
86.02,53.00,69.90,71.36
30.08,93.72,95.72,75.63
92.25,34.05,28.31,48.64
89.14,24.59,47.36,55.34
57.17,105.04,30.71,53.51
79.55,119.07,86.84,91.10
69.56,80.13,90.43,82.11
84.25,60.94,60.10,67.51
54.54,70.49,34.93,47.92
82.86,64.38,30.17,52.82
57.00,144.40,67.05,79.50
95.28,117.53,60.51,82.34
58.91,39.13,75.58,63.29
57.01,63.79,44.42,52.07
82.81,86.16,52.19,68.17
85.73,95.82,21.71,55.74
64.36,75.55,68.81,68.82
34.38,123.42,53.85,61.92
57.42,117.46,93.58,87.51
97.45,80.72,71.34,81.05
80.24,129.62,51.90,75.95
84.89,115.15,41.09,69.04
22.63,119.00,92.42,76.80
57.43,143.90,21.30,56.66
71.73,47.31,46.15,54.06
86.40,47.47,95.48,83.15
23.94,134.45,72.32,70.23
88.20,118.11,62.62,81.39
63.87,139.72,36.28,65.25
35.79,18.84,86.67,57.84
45.38,97.89,36.34,51.36
42.55,30.25,39.86,38.74
62.47,80.55,35.35,52.53
24.13,31.80,32.65,29.92
32.68,27.93,96.26,63.52
85.02,11.70,68.16,61.93
30.61,98.23,71.03,64.34
38.67,60.26,96.35,71.83
56.27,24.73,38.45,41.05
61.37,55.20,20.47,39.69
81.09,33.65,67.91,65.01
55.79,141.84,60.63,75.42
83.19,54.80,58.21,65.02
69.47,56.75,24.95,44.67
29.05,127.58,56.35,62.41
32.51,100.69,43.00,51.39
54.96,109.42,41.97,59.36
51.75,99.04,37.79,54.23
79.48,142.47,46.60,75.64
66.46,38.98,48.25,51.86
51.05,148.47,44.70,67.36
33.66,126.33,98.30,84.51
38.15,92.46,94.62,77.25
66.04,102.73,65.96,73.34
53.88,100.84,98.48,85.57
61.19,18.18,99.30,71.64
33.65,40.52,48.48,42.44
73.03,144.61,55.62,78.64
88.20,84.81,96.72,91.78
40.64,62.97,68.69,59.13
59.32,116.69,37.03,59.65
98.04,83.43,75.15,83.67
46.66,11.84,36.46,34.60
67.60,113.07,47.15,66.47
27.22,112.51,38.20,49.77
68.48,33.12,39.60,46.97
27.17,143.93,20.37,47.12
96.74,41.35,90.46,82.52
77.25,74.08,43.68,59.83
83.05,26.06,26.91,43.58
76.33,94.46,26.96,55.27
67.18,62.56,64.48,64.91
55.99,59.44,99.43,78.40
88.67,125.78,31.60,67.56
96.55,11.34,27.97,45.22
59.92,121.71,55.06,69.85
94.52,90.00,65.07,78.89
66.67,148.05,43.55,71.39
63.07,92.52,44.20,59.53
56.36,17.75,53.96,47.44
36.74,17.09,45.13,37.01
20.30,133.64,93.23,79.43
39.32,127.77,23.36,49.03
60.78,58.42,38.77,49.30
50.40,96.52,84.68,76.76
55.88,78.54,86.72,75.83
98.45,145.40,28.92,73.08
48.02,142.99,97.90,91.95
56.17,147.74,75.47,84.13
30.68,131.30,41.81,56.37
23.84,137.34,56.48,62.86
82.03,40.42,43.77,54.58
65.65,126.34,32.00,60.96
80.86,109.24,43.29,67.75
31.99,144.79,66.41,71.76
65.75,89.98,86.08,80.76
40.29,21.92,49.08,41.01
38.24,93.64,47.83,54.12
20.92,106.12,57.44,56.22
30.43,40.84,71.56,53.08
44.74,65.18,80.13,66.52
29.35,93.79,46.14,50.63
98.87,62.37,66.91,75.59
44.69,62.49,51.15,51.48
30.43,28.63,77.31,53.51
35.93,141.70,33.17,55.70
67.02,115.07,40.55,63.39
25.12,10.17,54.08,36.61
88.99,117.19,91.15,95.71
96.92,113.57,65.87,84.72
39.74,11.36,97.23,62.81
56.01,61.74,28.26,43.28
21.77,94.94,56.81,53.92
71.26,73.39,53.53,62.82
53.11,118.92,68.02,73.73
41.60,69.56,84.96,68.87
36.55,31.54,87.32,60.93
72.32,146.70,73.62,87.85
53.30,43.89,71.32,60.43
34.37,110.48,95.92,80.37
75.13,30.04,50.69,53.89
65.21,56.06,86.62,74.09
88.69,71.88,93.72,87.84
29.40,36.91,59.32,45.86
82.85,72.99,78.33,78.62
73.88,32.00,50.16,53.64
29.20,88.26,32.71,42.77
75.59,102.92,66.92,76.72
55.32,18.74,35.72,38.20
95.60,131.96,56.61,83.38
31.33,35.92,89.83,61.50
71.43,41.55,26.88,43.18
50.56,102.59,22.43,46.90
96.55,75.63,68.52,78.35
46.40,79.92,46.48,53.14
96.97,27.94,53.44,61.40
92.12,122.80,52.46,78.43
41.63,96.39,26.93,45.23
84.28,28.95,20.29,41.22
99.65,62.36,91.87,88.30
40.21,123.46,37.42,55.47
54.94,89.57,54.09,61.44
61.61,25.21,97.75,72.40
43.59,62.19,86.14,68.59
21.22,43.98,28.63,29.48
37.61,82.45,60.68,58.11
42.55,128.07,78.41,77.58
55.49,71.08,75.87,68.80
33.69,70.67,80.87,64.68
89.86,136.75,56.60,82.61
76.39,90.67,34.07,58.09
26.82,89.27,57.19,54.49
72.01,46.67,71.83,66.85
72.29,95.08,68.69,75.05
96.50,90.63,25.64,59.90
20.24,65.56,25.20,31.78
39.83,148.70,97.22,90.30
94.22,133.46,32.14,71.03
94.57,114.94,43.56,73.14
77.65,85.23,81.41,81.05
81.26,74.69,52.77,65.70
27.32,35.89,34.52,32.63
61.11,52.80,57.38,57.58
38.53,118.35,65.52,67.99
34.50,73.52,56.22,53.16
84.82,133.52,93.52,98.91
30.80,30.71,42.78,36.77
57.49,81.17,72.91,69.94
95.09,100.58,28.98,63.13
34.87,82.36,51.38,52.62
98.24,134.49,79.28,96.01
99.54,148.54,37.99,78.56
64.45,26.22,67.18,58.17
33.61,28.19,32.27,31.86
45.29,28.25,28.22,33.35
53.96,105.36,61.86,68.19
44.75,62.17,74.00,62.86
42.45,112.66,29.07,49.80
97.78,66.77,93.42,89.40
32.27,97.86,38.06,48.28
78.67,117.78,29.60,61.96
20.03,86.75,36.22,41.47
67.69,85.53,33.57,54.20
93.28,22.35,27.25,46.08
43.03,67.51,83.83,68.33
34.84,86.41,59.64,57.55
72.13,74.68,51.08,62.12
77.01,136.11,96.05,98.35
75.04,136.91,49.68,74.73
45.55,125.07,33.36,55.36
40.18,62.54,41.92,45.52
96.47,110.42,39.12,70.58
93.86,65.34,59.90,71.18
56.59,42.56,43.32,47.15
87.70,58.01,61.28,68.55
56.19,19.94,73.54,57.62
53.95,56.45,82.18,68.56
32.54,74.50,76.81,63.07
54.11,143.77,36.45,63.21
62.99,53.88,29.27,44.31
21.80,136.34,63.40,65.51
55.53,42.04,35.91,43.02
82.51,36.74,26.79,45.50
74.40,82.66,62.17,69.94
70.81,104.15,46.14,65.14
92.76,16.21,80.49,71.31
21.44,40.95,45.14,37.19
64.56,73.80,98.30,83.28
82.99,56.34,80.68,76.50
63.31,109.77,24.62,53.26
45.91,81.56,60.71,60.44
30.90,32.45,65.01,48.27
91.01,135.23,75.62,92.16
57.66,51.01,59.82,57.41
90.25,112.36,58.68,78.89
66.87,119.19,49.44,68.62
73.94,144.84,41.72,72.01
84.34,79.79,95.70,89.11
72.73,96.22,45.41,63.77
51.84,56.88,25.07,39.46
61.09,104.95,33.38,56.01
84.24,74.87,88.58,84.54
49.89,71.27,66.93,62.69
51.05,129.77,82.30,82.42
27.66,17.02,84.70,54.05
93.17,133.47,85.86,97.58
27.28,129.29,64.05,66.07
71.86,80.89,34.17,54.82
53.06,78.63,31.86,47.57
52.45,60.65,65.92,60.83
74.36,149.18,49.32,76.80
25.37,25.56,64.64,45.04
67.50,92.63,59.88,68.72
81.76,105.44,68.18,79.71
86.26,140.81,22.57,65.33
33.64,119.23,22.63,45.25
91.79,100.14,77.73,86.43
72.49,26.35,35.45,44.74
90.55,62.32,72.18,75.72
58.82,29.44,63.73,55.40
63.36,133.37,98.54,94.95
93.52,114.95,86.83,94.46
91.99,116.06,53.05,77.33
55.85,101.32,69.31,71.67
41.95,80.99,29.38,43.47
51.45,31.00,50.91,47.09
51.02,56.16,78.71,65.89
42.95,29.17,69.81,53.62
41.49,111.49,58.76,64.12
88.89,32.43,34.12,50.21
25.59,108.30,84.25,71.46
74.21,106.92,41.85,64.57
33.83,74.30,85.64,67.83
47.56,28.93,68.93,54.52
24.92,54.07,49.82,43.20
41.60,54.81,23.25,35.07
81.47,108.05,38.59,65.35
90.80,25.92,91.13,77.99
37.72,126.07,85.44,79.25
57.08,116.54,65.99,73.43
57.63,36.08,57.31,53.16
89.89,110.68,71.77,84.99
81.02,103.59,57.30,73.67
61.05,114.74,71.54,77.03
73.66,36.45,44.59,51.68
87.79,32.06,87.08,76.29
20.76,43.11,76.15,52.93
52.23,61.22,46.40,51.11
92.58,121.11,86.45,95.22
79.23,113.31,58.99,75.93
63.43,139.56,33.97,63.93
62.37,18.21,26.22,35.46
47.82,11.62,75.97,54.66
61.64,107.88,89.21,84.67
72.43,49.10,84.60,73.85
53.47,56.77,72.45,63.62
77.13,86.55,31.31,56.10
88.90,24.34,27.52,45.30
32.37,99.98,47.60,53.51
56.12,55.52,88.39,72.14
52.64,98.58,96.94,83.98
75.00,126.76,39.31,67.51
39.99,33.96,80.97,59.27
71.22,140.32,65.91,82.38
90.20,84.30,22.54,55.19
53.45,139.21,63.43,75.59
92.88,39.08,84.48,77.92
99.45,94.64,42.09,69.81
28.49,66.54,91.79,67.75
38.64,118.39,38.90,54.72
96.03,94.83,26.12,60.84
96.67,79.23,32.80,61.25
27.82,137.82,86.96,79.39
21.20,62.80,53.38,45.61
32.89,40.80,83.76,59.91
99.68,95.13,62.50,80.18
34.40,97.36,58.44,59.01
60.20,71.47,84.55,74.63
87.87,78.13,53.88,68.93
21.63,144.34,84.16,77.44
68.36,112.58,28.05,57.05
42.16,25.48,70.90,53.19
88.99,39.70,76.21,72.74
42.68,146.58,91.93,88.09
74.94,111.71,37.95,63.80
73.94,138.11,68.34,83.97
37.72,52.54,54.66,49.15
22.78,113.86,50.62,54.92
52.74,109.96,28.54,52.08
43.14,51.26,30.74,38.56
84.72,87.11,86.96,86.32
84.03,97.84,79.98,84.77
56.56,77.36,50.59,57.74
68.52,125.81,86.28,88.86
68.34,126.60,26.46,59.05
86.17,129.08,69.98,86.66
54.00,122.48,89.45,85.42
42.04,78.33,87.11,71.83
41.20,63.40,49.82,49.95
62.90,126.39,79.62,83.96
55.93,78.63,54.20,59.60
55.21,44.49,87.21,69.07
27.29,81.03,62.46,55.62
77.49,29.86,81.19,69.81
37.10,106.83,26.29,45.64
35.76,57.03,67.20,55.73
53.02,46.49,64.02,57.21
38.22,143.91,68.80,74.65
66.71,118.76,75.65,81.59
49.72,120.19,93.45,85.68
55.91,97.32,82.85,77.66
62.97,127.48,37.57,63.17
36.28,116.28,86.07,77.17
32.46,93.83,29.77,43.39
90.43,144.56,69.78,90.93
54.70,36.82,90.62,69.08
52.97,142.07,28.09,58.35
22.85,66.20,87.98,64.09
59.84,83.98,83.89,76.69
64.33,27.18,60.30,54.88
64.71,85.62,44.71,58.89
76.56,95.57,52.44,68.30
34.20,149.68,97.49,88.94
40.18,146.53,36.14,59.43
84.86,145.30,66.37,87.70
95.77,58.77,26.66,53.81
30.87,148.78,37.43,57.73
59.81,73.77,81.07,73.23
37.13,129.26,44.21,59.10
24.81,40.28,98.86,64.93
46.04,80.82,60.07,60.01
31.50,145.24,61.32,69.16
76.79,142.58,22.91,63.01
62.70,105.72,96.52,88.21
31.51,121.69,33.94,50.76
20.74,34.70,63.07,44.70
84.65,111.03,51.65,73.43
34.10,96.53,53.25,56.16
68.50,22.82,71.46,60.84
46.95,25.84,72.97,55.74
66.84,25.18,32.34,41.26
45.25,111.41,59.97,65.84
26.96,29.84,83.24,55.68
37.84,75.48,55.46,54.18
35.04,59.98,33.26,39.14
54.24,87.07,45.06,56.22
72.66,108.91,36.99,62.08
41.10,105.86,30.07,48.54
20.97,82.17,50.21,47.83
61.51,75.01,63.27,65.09
68.46,65.69,25.82,46.59
97.03,130.67,68.31,89.40
67.16,56.32,99.44,81.13
57.69,46.31,97.13,75.13
65.87,114.06,86.33,85.74
94.23,60.37,41.31,61.00
86.27,128.58,21.79,62.49
45.84,55.90,86.68,68.27
38.98,108.27,24.46,45.58
41.01,16.32,36.45,33.79
60.35,63.98,63.56,62.68
79.52,58.05,34.27,52.60
60.26,124.34,86.70,86.30
25.42,145.39,82.17,77.79
77.89,74.52,80.46,78.50
84.48,125.48,85.29,93.09
43.16,107.96,37.58,53.33
73.13,145.43,78.31,90.18
54.13,123.56,48.42,65.16
91.13,20.85,73.35,68.18
87.62,109.86,29.76,63.14
62.03,84.97,76.45,73.83
75.32,12.30,97.77,73.94
90.67,45.18,23.49,47.98
59.66,139.05,27.51,59.46
45.06,139.65,29.89,56.39
80.29,121.84,54.45,75.68
37.61,147.45,43.26,62.40
51.08,122.92,84.55,82.18
89.26,11.43,57.90,58.01
77.95,50.30,58.76,62.83
52.30,14.29,77.36,57.23
37.18,23.18,48.96,40.27
48.48,40.64,48.26,46.80
42.73,80.50,80.55,69.19
34.09,128.65,82.40,77.16
79.47,130.68,21.15,60.55
40.17,96.27,31.50,47.05
56.33,139.94,37.05,63.41
50.87,80.01,48.13,55.33
98.57,134.47,43.32,78.12
51.29,73.57,73.48,66.84
26.40,48.81,86.25,60.81
27.19,138.30,35.37,53.50
67.26,64.31,65.04,65.56
67.95,80.48,49.43,61.20
53.50,56.04,60.46,57.49
54.55,102.80,69.66,71.75
24.31,149.30,91.49,82.90
61.32,13.57,35.38,38.80
60.38,135.98,26.96,58.79
31.96,10.55,70.18,46.79
28.31,60.99,51.53,46.46
29.89,33.60,33.03,32.20
28.08,116.03,29.37,46.32
68.78,17.09,64.71,56.41
35.72,87.49,44.04,50.23
40.11,51.29,99.79,72.19
33.89,28.71,52.47,42.14
96.63,118.05,36.98,71.09
88.37,40.44,70.31,69.75
38.44,41.31,39.54,39.56
46.21,48.51,59.53,53.33
36.79,92.15,58.61,58.77
59.35,102.35,56.28,66.41
21.57,12.46,83.69,50.81
73.71,43.86,37.33,49.55
61.85,70.34,92.34,78.79
91.89,56.48,83.31,80.52
33.15,133.78,46.65,60.03
84.33,120.28,34.45,66.58
83.36,97.62,42.36,65.71
30.17,57.33,46.61,43.82
51.88,108.09,64.55,69.46
33.61,128.11,23.71,47.56
40.38,93.28,93.15,77.34
41.06,119.82,27.89,50.23
64.50,114.87,42.34,63.49
52.91,90.04,28.74,48.25
95.82,53.71,40.53,59.75
30.11,114.41,87.01,75.42
97.90,38.95,69.21,71.77
38.45,119.13,38.19,54.46
81.83,122.64,89.74,93.95
47.12,125.10,84.06,81.19
31.45,76.21,80.29,64.82
88.63,36.95,87.81,77.88
44.71,23.96,69.57,52.99
72.71,114.07,60.11,74.68
65.32,134.08,49.91,71.37
57.74,101.12,37.90,56.50
59.67,30.18,64.59,56.23
78.58,140.89,91.16,97.33
27.02,148.47,67.52,71.56
73.45,70.67,93.57,82.95
91.66,93.28,48.55,70.43
24.62,118.81,75.61,68.95
31.25,113.09,71.89,67.94
77.33,145.49,73.63,89.11
54.98,26.08,71.60,57.51
52.28,91.30,37.73,52.81
30.96,106.87,31.49,46.41
60.54,134.61,98.29,94.23
30.12,132.38,23.62,47.32
58.13,146.92,57.42,75.53
81.09,81.69,54.01,67.67
40.66,126.31,48.80,61.86
58.46,69.82,82.56,72.78
99.36,69.12,79.63,83.45
74.93,45.47,92.42,77.78
87.31,124.55,51.64,76.92
53.19,148.01,65.13,78.12
81.43,45.89,91.38,79.30
23.24,17.86,99.51,60.30
29.83,124.18,97.54,82.56
36.25,96.83,77.43,68.96
52.16,144.36,31.46,60.25
87.66,45.31,21.85,46.28
47.70,19.94,86.02,61.31
72.37,78.94,87.28,81.14
76.75,21.97,79.71,67.27
66.89,46.65,42.39,50.59
48.58,27.64,71.19,55.70
66.16,41.38,45.30,50.77
47.38,24.86,56.05,47.21
26.71,143.55,50.59,62.02
99.42,49.00,93.09,86.17
30.17,72.15,38.73,42.85
25.79,135.81,66.21,68.00
90.28,104.83,48.88,72.49
44.15,96.53,73.05,69.08
72.02,108.78,65.17,75.95
46.32,126.04,93.92,86.06
51.32,132.87,28.13,56.03
40.97,99.97,37.65,51.11
47.44,134.60,81.31,81.81
52.86,84.96,49.50,57.60
77.63,48.82,33.26,49.68
60.92,133.21,60.27,75.05
95.49,85.81,72.17,81.89
23.35,136.86,23.59,46.17
60.25,15.62,43.33,42.86
66.74,65.65,84.75,75.53
93.62,142.69,61.62,87.43
23.93,44.95,22.83,27.58
65.88,141.82,42.56,69.41
88.29,143.55,71.13,90.76
39.35,133.50,35.95,56.48
90.10,88.91,86.19,87.91
21.52,100.57,74.13,63.63
78.60,131.75,57.71,78.78
94.65,118.63,93.25,98.75
72.58,98.21,51.34,67.09
55.12,147.52,38.81,65.45
23.59,105.99,72.91,64.73
93.61,146.57,65.86,90.33
57.62,18.03,46.82,44.30
22.32,29.45,47.49,36.33
75.19,73.20,51.86,63.13
58.55,63.88,43.29,51.99
29.95,119.58,76.82,71.31
37.14,32.49,72.11,53.70
25.16,146.65,55.26,64.51
65.94,54.11,51.83,56.52
69.76,70.05,49.20,59.54
60.46,48.46,42.68,49.17
85.37,91.11,26.86,57.26
88.88,18.21,41.46,51.04
69.25,30.95,45.70,49.81
21.02,114.41,63.81,61.09
75.62,36.11,81.90,70.86
53.44,42.97,51.66,50.46
65.24,121.02,95.58,91.57
71.93,23.06,86.19,69.29
48.02,71.25,98.78,78.05
93.37,13.23,90.10,75.71
30.72,58.55,69.34,55.60
73.72,107.86,67.88,77.63
20.35,22.61,30.36,25.81
93.97,134.37,77.79,93.96
29.00,137.33,68.02,70.18
27.59,24.70,60.55,43.49
46.64,148.70,75.46,81.46
49.89,51.65,55.52,53.06
37.14,21.77,61.91,46.45
66.81,10.71,51.87,48.12
55.43,67.19,77.39,68.76
22.73,98.17,90.13,71.52
45.57,56.51,87.27,68.61
84.83,127.14,82.88,92.32
75.18,110.32,21.10,55.17
77.99,59.02,92.95,81.68
75.85,112.80,41.99,66.31
44.88,141.67,91.04,87.32
27.97,23.03,35.76,30.88
41.80,52.85,55.17,50.70
86.54,74.87,79.95,80.91
98.44,79.72,71.22,81.09
59.51,85.91,53.27,61.67
20.78,52.09,74.29,53.80
31.20,103.42,63.92,62.00
45.77,100.31,42.06,54.82
66.29,90.90,71.71,73.92
26.01,25.93,36.34,31.16
95.47,76.78,75.52,81.76
49.21,59.87,20.25,36.86
93.01,78.75,63.90,75.60
82.44,139.06,52.09,78.59
80.43,77.27,44.25,61.71
68.54,11.96,61.26,53.58
70.14,71.44,71.62,71.14
71.04,124.89,97.22,94.90
70.30,119.21,86.65,88.26
64.30,81.87,77.37,74.35
98.91,44.97,58.32,67.83
78.58,75.11,51.37,64.28
82.16,88.92,22.60,53.73
89.80,149.98,48.73,81.30
37.25,100.18,87.87,75.15
26.70,107.20,50.72,54.81
58.63,78.80,56.93,61.81
61.13,59.63,41.75,51.14
86.33,123.81,41.93,71.63
55.50,79.29,24.95,44.98
65.67,149.26,69.10,84.10
62.17,74.00,55.85,61.38
23.06,19.52,68.48,45.06
69.22,105.56,63.75,73.75
86.24,16.53,83.91,71.13
32.60,45.07,80.08,58.83
67.55,59.52,81.72,73.03
67.49,113.53,59.94,72.92
33.13,79.19,48.31,49.93
29.88,14.01,94.67,59.10
98.40,96.36,24.34,60.96
51.50,67.60,32.21,45.08
38.19,139.06,53.57,66.05
33.71,79.94,69.12,60.66
73.41,109.26,20.66,54.20
68.76,40.64,77.55,67.53
71.48,116.54,64.70,77.10
27.04,110.93,58.78,59.69
91.48,136.57,53.88,81.70
51.14,14.74,61.56,49.07
45.07,72.65,32.94,44.52
56.99,105.08,28.70,52.46
51.21,23.32,43.17,41.61
89.09,67.48,76.76,78.60
94.34,141.90,67.06,90.21
44.28,71.03,58.41,56.70
89.11,147.96,65.72,89.19
82.52,17.96,64.74,60.72
94.46,110.50,44.56,72.72
39.66,91.34,27.80,44.07
66.16,80.08,91.74,81.73
41.96,145.92,67.99,75.77
85.93,28.15,75.82,69.32
20.43,135.44,57.12,61.78
65.19,106.77,80.52,81.17
47.14,46.26,66.76,56.77
45.81,136.23,24.30,53.14
71.59,70.10,91.21,81.10
88.12,123.99,44.44,73.45
68.74,64.44,31.03,49.02
88.25,129.13,27.04,65.82
41.17,99.13,77.64,71.00
61.56,29.75,76.32,62.58
56.04,100.95,76.01,75.01
20.93,36.79,93.26,60.27
64.54,67.67,47.92,56.86
72.92,33.84,64.89,61.09
67.35,13.08,69.56,57.60
78.90,39.66,98.36,80.78
65.71,85.09,44.99,59.23
25.34,77.42,96.51,71.34
29.32,80.21,31.90,40.79
67.72,44.68,81.12,69.81
42.00,105.92,70.63,69.10
26.37,108.60,85.35,72.31
54.37,60.12,22.29,39.48
64.35,133.36,26.25,59.10
46.30,100.16,25.58,46.71
77.63,109.83,67.44,78.97
71.50,48.83,68.23,65.33
46.63,10.09,92.49,62.25
80.39,131.15,57.41,79.05
71.90,125.14,25.44,59.32
71.00,27.25,36.76,45.13
64.27,62.37,20.65,42.08
20.91,102.59,82.14,67.86
75.72,101.30,85.25,85.60
50.08,130.45,99.84,91.03
95.41,29.64,52.98,61.04
85.44,70.19,21.54,50.44
67.02,23.61,38.78,44.22
40.17,64.54,67.02,58.47
36.30,12.12,96.96,61.79
47.23,135.76,28.29,55.47
58.13,83.79,29.73,49.06
43.69,128.97,76.14,76.97
61.19,18.39,73.38,58.72
33.23,41.84,40.04,38.36
98.22,46.31,85.05,81.25
28.63,64.14,30.30,36.57
94.56,122.40,94.06,99.88
93.09,64.12,36.08,58.79
62.03,38.65,26.51,39.59
77.99,19.10,47.16,50.80
54.88,21.13,35.03,38.20
70.40,116.41,62.16,75.48
47.25,72.27,74.95,66.10
44.09,111.67,59.27,65.20
66.26,105.52,72.85,77.41
59.85,28.95,49.19,48.34
66.36,30.00,22.23,37.02
42.93,115.75,97.93,84.99
49.36,110.98,85.55,79.78
26.71,62.92,25.87,33.53
24.18,20.84,55.93,39.39
40.28,11.69,70.80,49.82
25.94,50.34,35.25,35.48
28.30,11.29,66.24,43.87
85.03,42.21,62.69,65.30
23.11,68.73,36.66,39.01
72.72,27.00,31.30,42.87
41.80,24.60,80.72,57.82
89.72,135.50,45.81,76.92
58.80,91.97,39.52,55.79
44.45,140.82,79.03,81.01
61.41,58.42,78.89,69.55
50.56,104.80,42.11,57.18
65.14,38.66,89.81,72.18
29.16,96.57,75.06,65.59
99.76,28.14,47.66,59.39
54.04,10.29,54.20,45.37
47.86,140.41,78.14,81.51
76.82,87.69,36.93,59.05
49.11,139.77,57.50,71.44
86.66,56.74,72.28,73.49
56.34,55.89,63.16,59.66
77.56,66.09,68.67,70.82
28.60,108.85,63.70,62.20
87.69,89.21,35.94,62.12
78.86,139.55,52.82,77.98
36.94,13.56,62.56,45.07
31.62,109.15,82.41,72.52
45.30,56.25,72.31,61.00
98.09,35.23,54.13,63.54
40.55,81.46,97.95,77.43
56.49,80.71,28.62,47.40
22.40,29.18,36.54,30.83
51.78,38.27,47.31,46.84
65.71,67.14,38.29,52.29
96.25,67.23,70.04,77.34
61.34,54.46,23.16,40.87
85.53,30.80,34.19,48.91
63.77,10.61,43.47,42.99
23.26,145.83,74.67,73.48
45.20,142.09,90.07,87.01
66.04,77.71,83.88,77.29
96.05,149.31,34.57,75.96
88.73,104.31,65.23,80.10
38.27,19.64,22.40,26.61
37.61,26.48,44.84,39.00
36.09,138.26,84.48,80.72
93.80,98.21,56.53,76.05
88.21,128.05,32.00,68.07
81.99,135.76,55.08,79.29
51.42,72.71,35.84,47.89
60.35,16.79,51.46,47.19
57.15,36.36,59.03,53.93
40.27,19.32,47.96,39.92
60.40,36.42,94.96,72.88
22.44,67.47,65.00,52.73
30.54,26.55,87.43,58.19
90.93,33.34,80.86,74.38
80.13,72.42,72.89,74.97
53.83,57.62,59.75,57.55
61.37,75.47,20.17,43.59
49.60,70.08,69.08,63.44
79.26,100.23,48.48,68.06
82.73,141.21,29.42,67.77
81.06,25.10,55.57,57.12
77.81,23.90,78.84,67.54
36.36,129.39,96.93,85.25
47.04,80.90,49.93,55.26
57.59,117.30,63.42,72.45
46.46,40.16,88.10,66.02
80.40,126.04,46.72,72.69
46.35,139.34,31.38,57.46
31.06,98.97,42.55,50.39
51.92,24.82,91.93,66.50
98.39,135.34,32.75,72.96
38.07,120.95,46.34,58.78
68.97,115.12,57.17,72.30
54.64,15.14,87.77,63.30
25.68,121.85,95.02,79.58
59.03,29.31,54.06,50.60
76.17,41.13,94.56,78.36
61.06,90.80,32.92,52.94
89.77,47.10,32.55,52.63
43.11,102.59,95.94,81.42
26.90,95.13,60.77,57.48
94.93,25.14,34.87,50.94
50.26,101.84,59.04,64.97
66.11,139.35,82.66,89.03
83.36,32.56,86.15,74.59
45.95,93.59,89.12,77.06
77.29,57.86,65.57,67.54
30.83,74.35,89.36,68.80
43.30,50.18,60.80,53.43
31.58,59.58,68.56,55.67
84.90,14.05,80.70,68.63
37.81,147.42,54.03,67.84
77.39,97.47,25.89,55.66
95.46,80.10,48.01,68.66
62.22,63.72,69.92,66.37
63.20,85.51,35.39,53.76
56.88,63.21,31.87,45.64
46.07,60.39,43.45,47.62
58.05,74.95,22.57,43.69
68.22,48.64,79.47,69.93
98.88,35.21,40.70,57.06
95.02,87.92,29.94,61.06
88.97,127.99,75.93,90.25
91.13,31.40,87.43,77.33
57.43,14.58,21.59,30.94
72.60,44.55,38.69,50.03
91.61,147.16,95.62,104.72
51.44,126.03,50.82,66.05
96.94,93.42,95.09,95.31
53.26,140.09,41.94,64.97
68.09,72.34,37.45,53.62
76.78,147.66,37.13,71.13
96.05,51.48,26.82,52.52
39.57,43.64,91.71,66.45
79.69,99.33,98.39,92.97
61.67,62.94,96.36,79.27
41.48,97.69,88.16,76.06
82.13,52.70,87.75,79.05
64.18,96.51,72.89,75.00
72.88,48.60,86.10,74.63
45.83,17.14,36.67,35.51
58.50,137.70,51.03,70.60
69.39,133.65,71.27,83.18
52.39,145.91,89.98,89.89
35.87,110.31,72.84,69.24
96.93,105.58,87.12,93.75
60.92,88.26,57.92,64.89
78.71,27.63,77.38,67.83
52.88,36.49,98.40,72.36
48.41,50.53,32.28,40.77
52.57,134.62,94.15,89.77
52.74,34.22,61.79,53.56
63.53,139.20,71.46,82.63
63.48,83.19,90.23,80.80
59.77,110.18,52.77,66.35
30.78,25.43,53.50,41.07
59.69,47.66,62.17,58.52
33.53,144.19,21.53,49.66
30.09,47.26,59.73,48.34
94.61,51.51,43.29,60.33
68.40,37.66,94.24,75.17
72.76,28.07,27.02,40.95
52.14,42.66,56.75,52.55
92.72,99.93,95.80,95.70
71.03,73.75,92.08,82.10
81.53,87.53,76.11,80.02
49.48,27.13,67.15,53.84
96.80,122.30,42.46,74.73
85.64,119.77,49.36,74.33
88.32,13.02,27.21,42.70
33.78,63.69,82.89,64.32
41.68,19.63,45.91,39.38
42.85,120.89,73.42,73.74
41.67,113.22,48.61,59.45
88.43,136.28,57.15,82.36
22.55,43.10,64.40,47.59
26.09,73.88,84.15,64.68
41.91,35.83,36.89,38.18
35.99,61.97,51.90,49.14
38.55,83.11,30.41,43.39
83.84,17.47,26.06,41.68
65.05,110.08,68.37,75.72
20.46,86.06,35.13,40.92
54.35,126.05,24.78,53.91
52.63,48.05,91.77,71.28
29.12,136.46,62.75,67.40
74.09,149.82,30.77,67.58
76.17,138.70,24.27,62.73
77.67,118.90,29.59,61.88
78.28,123.73,57.71,77.09
20.00,90.32,73.48,60.80
96.31,36.62,71.30,71.87
85.14,104.79,31.55,62.27
92.32,109.79,70.68,84.99
21.25,147.95,52.39,62.16
94.71,85.78,57.18,74.16
84.78,47.99,84.11,77.09
86.98,105.71,46.60,70.54
27.46,147.11,31.76,53.54
79.10,34.81,89.88,75.63
96.79,55.64,36.97,58.65
74.28,85.86,43.52,61.22
65.64,33.83,76.53,64.72
95.65,13.11,74.68,68.66
55.43,57.18,84.03,70.08
67.94,131.15,34.71,63.97
58.11,16.09,48.18,44.74
94.63,70.05,30.07,57.43
26.09,116.71,63.28,62.81
60.09,143.45,43.41,68.42
74.96,147.97,75.11,89.64
83.35,69.08,20.03,48.84
66.64,143.05,24.77,60.99
92.71,14.96,54.60,58.10
95.36,114.43,96.65,99.82
25.15,99.98,91.27,73.18
52.19,44.93,99.52,74.40
21.88,81.02,53.35,49.44
46.35,28.14,23.73,31.40
62.95,132.02,44.48,67.53
92.86,60.11,74.06,76.91
87.72,97.65,30.81,61.25
30.20,32.23,44.00,37.51
27.44,38.86,24.49,28.25
67.14,148.87,58.00,78.92
62.57,115.43,36.71,60.21
41.31,144.68,27.30,54.98
91.96,51.42,52.90,64.32
94.19,33.04,48.10,58.92
52.21,80.43,63.00,63.25
91.22,79.25,79.92,83.18
50.72,34.49,29.01,36.62
78.95,112.65,83.29,87.86
58.08,60.65,22.10,40.60
29.81,36.09,55.45,43.89
94.23,56.48,66.99,73.06
56.33,88.91,96.56,82.96
78.76,111.71,65.91,78.92
49.37,77.46,32.70,46.65
21.51,83.58,61.40,53.87
28.04,29.45,51.66,40.13
59.70,138.06,58.35,74.70
75.20,140.02,35.77,68.45
46.78,105.68,60.07,65.20
75.64,12.47,32.00,41.19
75.89,85.19,79.52,79.56
76.31,98.09,67.51,76.27
59.40,149.25,26.28,60.81
93.19,149.45,91.17,103.43
59.14,130.07,69.31,78.41
56.02,18.94,45.29,43.24
35.95,143.46,23.65,51.30
44.61,95.77,70.58,67.83
23.39,122.12,49.88,56.38
70.68,67.01,92.61,80.91
39.88,54.75,22.79,34.31
44.33,74.85,23.13,39.83
81.67,30.56,95.94,78.58
46.18,59.99,97.19,74.45
39.38,130.07,22.22,48.94
33.52,15.31,77.28,51.76
81.99,31.12,37.72,49.68
30.38,27.52,76.11,52.67
56.30,66.43,89.50,74.93
60.55,149.58,28.07,62.12
74.99,34.27,39.10,48.90
70.66,30.37,21.93,38.24
84.86,138.11,23.51,64.84
23.58,133.49,22.37,44.96
43.72,14.51,84.05,58.04
42.41,115.24,43.86,57.70
31.68,101.77,59.46,59.59
43.13,117.48,83.03,77.95
44.78,79.23,59.60,59.08
61.75,148.79,54.34,75.45
73.10,16.14,20.93,35.62
50.49,42.81,65.44,56.43
77.56,65.52,29.98,51.36
46.89,72.97,81.17,69.25
43.22,138.99,40.62,61.07
63.30,88.40,73.93,73.64
21.90,16.32,71.70,45.68
26.38,67.10,69.33,56.00
53.44,68.31,41.36,50.37
95.43,145.17,41.37,78.35
77.72,93.89,89.04,86.61
27.05,98.99,21.02,38.42
87.71,109.86,34.52,65.55
78.58,117.81,68.81,81.54
68.88,98.91,85.36,83.13
85.62,43.21,48.67,58.66
52.33,132.37,72.28,78.31
37.72,112.50,64.57,66.10
60.96,113.86,25.16,53.64
63.91,149.52,69.74,83.95
63.07,122.35,85.11,85.95
65.21,126.08,99.40,94.48
95.90,143.20,22.37,68.59
92.18,31.16,72.80,70.29
90.06,79.68,53.16,69.53
84.11,91.28,20.78,53.88
95.47,56.10,69.15,74.44
27.88,127.52,29.79,48.76
41.21,116.74,50.29,60.86
59.60,110.92,40.91,60.52
87.72,149.60,48.89,80.68
60.41,46.31,59.42,57.09
79.84,112.96,48.74,70.91
31.12,87.20,64.22,58.89
40.19,53.82,39.09,42.37
78.54,32.48,70.83,65.47
33.18,135.42,88.30,81.19
48.11,93.36,37.93,52.07
41.19,125.49,60.63,67.77
47.99,86.35,71.90,67.62
76.67,40.80,65.17,63.75
49.43,57.26,49.25,50.91
64.42,63.42,71.38,67.70
27.99,146.21,22.26,48.77
84.40,10.79,49.59,52.27
49.59,147.99,62.61,75.78
71.88,147.26,21.65,61.84
78.03,149.46,60.61,83.61
36.77,76.72,72.34,62.55
90.77,144.93,80.74,96.59
69.30,65.38,29.07,48.40
54.30,13.68,99.25,68.65
34.59,41.41,68.49,52.90
95.38,142.34,49.06,81.61
80.41,11.93,39.93,46.47
36.64,86.44,65.83,61.20
47.02,20.58,90.54,63.49
84.77,50.10,61.65,66.28
75.65,22.33,72.92,63.62
81.26,130.33,48.62,74.75
55.30,92.75,51.05,60.66
77.32,136.29,42.89,71.90
50.92,106.37,76.45,74.78
36.90,145.94,48.74,64.63
70.61,81.38,35.26,55.09
98.08,99.42,49.55,74.08
44.85,90.68,88.31,75.75
56.88,77.80,79.06,72.15
73.92,128.43,46.77,71.25
63.32,100.23,92.54,85.31
87.47,122.18,25.99,63.67
80.94,120.09,23.98,60.29
24.66,36.75,30.20,29.85
99.87,101.02,29.32,64.83
80.19,37.95,27.03,45.16
89.11,91.66,72.91,81.52
72.10,104.84,68.07,76.63
88.50,149.61,71.81,92.38
28.99,14.28,75.07,49.09
47.82,22.77,80.55,59.17
90.11,20.78,36.57,49.47
36.13,65.77,69.78,58.88
26.26,125.02,66.40,66.08
83.05,128.17,95.49,98.29
86.84,113.18,38.59,67.98
33.01,135.56,24.70,49.37
88.35,55.20,72.28,73.69
74.94,22.34,79.21,66.55
61.61,18.14,42.66,43.44
86.42,129.30,65.67,84.62
53.54,112.26,24.76,50.89
35.52,107.81,96.80,80.62
42.79,57.55,28.79,38.74
60.41,63.19,25.41,43.47
62.51,144.14,23.53,59.35
84.45,18.93,54.18,56.21
83.31,118.32,27.77,62.54
66.51,53.35,79.57,70.41
82.46,15.47,91.91,73.79
35.34,113.96,40.82,53.80
24.01,56.33,70.30,53.62
89.89,111.10,23.39,60.88
26.04,109.07,50.93,55.09
39.74,84.87,43.44,50.62
75.63,118.83,38.29,65.60
52.76,91.35,71.58,69.89
90.11,50.13,30.42,52.27
43.84,112.78,88.86,80.14
20.95,92.48,73.19,61.38
44.05,11.78,76.86,54.00
66.25,136.23,94.83,94.54
50.08,86.39,95.39,80.00
62.79,131.61,64.13,77.22
90.13,133.58,59.63,83.57
93.00,72.30,46.83,65.78
41.28,81.07,77.25,67.22
56.97,68.21,63.06,62.26
63.93,72.92,94.63,81.08
95.93,135.32,39.09,75.39
99.89,120.34,44.82,76.45
38.83,27.71,45.29,39.84
78.16,95.44,84.48,84.78
50.24,149.43,27.92,58.92
20.65,93.38,56.45,53.10
20.74,120.02,54.21,57.33
56.85,117.67,25.85,53.51
59.07,59.04,52.86,55.96
21.81,62.06,61.07,49.49
74.95,111.37,25.21,57.36
43.52,80.00,60.79,59.45
64.79,89.88,96.74,85.78
44.07,109.81,98.31,84.34
33.37,118.86,62.53,65.05
52.57,48.01,61.21,55.98
38.58,30.55,42.84,39.10
62.78,50.85,99.77,78.89
35.91,81.06,41.94,47.95
60.67,57.90,56.23,57.90
32.59,89.57,20.23,37.81
73.68,17.49,47.94,49.57
80.32,81.37,25.72,53.23
28.83,61.52,79.51,60.71
57.42,84.85,64.88,66.64
25.67,69.15,65.77,54.42
67.85,49.79,42.92,51.77
41.15,136.58,85.19,82.26
62.21,35.87,20.26,35.97
61.40,105.39,46.69,62.84
93.95,139.45,72.76,92.46
63.93,85.41,92.63,82.58
66.64,132.70,38.77,65.92
52.13,27.48,63.29,52.78
95.93,79.13,63.04,76.12
82.17,73.98,89.93,84.41
42.83,11.14,24.04,27.10
87.54,72.06,53.96,67.65
54.59,61.66,34.60,46.01
86.29,103.77,21.72,57.50
85.83,141.37,31.76,69.90
35.11,22.01,98.12,64.00
76.09,55.85,37.19,52.59
43.25,72.17,94.80,74.81
43.80,73.73,36.42,46.10
43.71,118.47,94.50,84.06
78.05,72.08,72.37,74.02
38.39,13.80,29.06,28.81
20.07,109.41,66.55,61.18
77.22,133.88,45.48,72.68
33.69,81.95,50.65,51.82
28.36,91.36,55.21,54.39
39.00,32.81,53.82,45.17
50.39,40.89,73.13,59.86
58.07,42.92,81.47,66.74
23.57,70.30,46.33,44.30
97.65,139.94,93.95,104.26
77.29,83.05,95.08,87.34
45.86,36.89,23.26,32.77
45.50,47.25,21.19,33.70
55.88,63.76,54.01,56.52
70.10,97.26,67.25,74.11
31.71,71.60,42.23,44.95
35.11,64.94,40.75,43.90
88.75,89.06,74.27,81.57
40.50,43.86,68.14,54.99
50.42,21.05,33.37,36.02
89.70,13.42,90.76,74.97
73.05,45.18,74.40,68.15
47.34,22.82,49.01,43.27
74.70,57.09,74.69,71.17
21.57,118.21,29.01,44.62
78.85,110.28,57.46,74.44
58.96,95.53,33.52,53.55
85.05,129.35,23.31,63.04
96.37,49.49,47.07,62.34
94.06,133.91,32.06,71.03
92.74,65.89,70.68,76.34
60.97,66.13,73.93,68.48
48.81,66.75,31.90,43.94
57.20,23.73,21.97,32.89
75.19,146.57,83.42,93.58
90.72,29.39,20.16,43.17
36.56,57.72,47.51,46.27
93.46,54.70,59.57,68.76
85.21,20.46,85.49,72.40
98.31,31.32,87.08,79.30
90.42,16.28,78.00,69.38
42.39,50.94,39.78,42.80
28.48,131.33,77.61,73.62
28.98,57.52,39.72,40.06
43.30,27.32,37.17,37.04
69.13,100.40,63.77,72.70
84.35,149.52,74.31,92.36
91.94,42.53,24.24,48.21
69.90,49.14,24.80,43.20
20.45,146.06,82.73,76.71
34.91,35.03,88.76,61.86
27.98,81.57,68.36,58.89
49.07,43.55,54.31,50.59
60.11,140.53,87.63,89.95
23.47,147.41,78.31,75.68
47.88,124.06,66.37,72.36
34.33,54.07,45.58,43.90
71.77,66.49,35.84,52.75
57.14,43.92,53.49,52.67
59.63,134.71,42.95,66.31
54.22,138.04,47.14,67.44
96.48,68.64,61.25,73.30
37.18,101.91,33.53,48.30
61.33,33.18,84.49,67.28
78.88,70.89,31.64,53.66
64.55,98.41,58.48,68.29
94.32,63.96,79.68,80.93
50.24,60.06,58.80,56.48
57.09,10.14,48.88,43.59
27.08,122.60,57.99,61.64
68.72,134.51,87.89,91.46
43.06,145.72,99.23,91.68
32.82,110.70,70.49,67.23
63.56,86.83,83.48,78.17
62.58,47.70,21.16,38.89
26.07,149.90,90.43,83.02
75.86,92.57,96.32,89.43
69.90,105.36,66.01,75.05
35.12,105.54,80.30,71.79
57.55,128.34,61.02,73.44
77.63,11.35,42.90,47.01
62.35,40.83,88.18,70.96
51.64,103.17,67.75,70.00
45.79,135.32,66.35,73.98
68.83,105.95,72.73,78.20
95.13,67.89,88.48,86.36
73.74,60.62,78.55,73.52
25.98,113.31,36.89,48.90
56.85,113.77,57.35,68.48
91.27,94.99,98.42,95.59
27.56,50.81,64.36,50.61
99.11,139.52,95.06,105.17
95.93,87.26,85.07,88.77
26.26,120.67,73.28,68.65
94.67,40.00,47.95,60.38
49.05,58.17,44.35,48.52
87.58,132.44,71.47,88.50
53.47,17.01,54.60,46.74
55.27,81.72,83.90,74.88
70.74,77.44,80.84,77.13
81.96,115.17,44.97,70.11
22.70,49.47,76.22,54.81
67.45,40.67,59.56,58.15
34.94,139.66,45.86,61.34
47.68,90.04,53.04,58.83
47.84,24.66,91.63,65.10
57.52,37.03,48.76,49.04
46.73,149.84,42.99,65.48
28.59,37.39,48.14,40.12
31.65,95.47,37.17,47.17
22.68,68.82,63.57,52.35
57.62,133.98,31.79,59.98
96.36,115.72,85.40,94.75
29.25,93.57,38.05,46.51
95.70,11.50,67.84,64.93
78.67,133.17,30.00,65.23
71.00,72.25,98.28,84.89
71.62,140.42,56.37,77.75
86.14,79.38,85.77,84.60
28.55,107.19,81.49,70.75
60.38,19.70,77.10,60.60
75.77,114.32,86.19,88.69
66.95,57.32,28.04,45.57
86.62,59.19,74.28,74.96
25.78,26.61,41.27,33.69
75.26,30.56,82.87,70.12
62.72,36.01,96.55,74.29
50.33,55.95,92.12,72.35
47.22,134.88,29.20,55.74
69.67,61.56,49.56,57.99
91.28,111.41,49.15,74.24
59.69,21.58,29.78,37.11
85.98,92.75,27.85,58.27
52.17,77.46,50.79,56.54
28.19,146.91,99.37,87.52
24.92,128.47,65.52,65.93
24.11,73.68,69.74,56.84
50.41,118.52,57.68,67.67
46.98,37.03,72.99,57.99
77.43,88.73,96.53,89.24
79.43,20.45,67.10,61.47
24.07,58.73,25.20,31.57
37.69,41.62,59.43,49.35
41.94,110.65,99.42,84.42
63.81,78.61,50.99,60.36
31.56,115.15,67.51,66.25
30.72,82.14,28.53,39.91
95.50,22.11,31.29,48.72
84.34,112.95,89.97,92.88
34.45,126.65,44.03,57.68
52.53,136.49,44.44,65.28
48.45,90.08,50.98,58.04
83.28,115.50,97.32,96.74
60.82,115.29,26.75,54.68
30.23,31.80,85.50,58.18
79.12,32.99,47.32,53.99
51.75,19.92,87.96,63.49
41.03,54.79,99.34,72.94
50.04,76.29,47.89,54.22
59.82,149.71,30.35,63.06
47.45,70.34,31.55,44.08
39.35,111.67,80.70,74.49
51.88,107.08,31.59,52.78
21.53,38.63,40.83,34.60
81.80,18.19,36.35,46.35
33.68,86.44,48.45,51.62
23.51,108.04,25.95,41.64
72.30,149.76,88.54,95.91
81.91,60.21,88.81,81.02
85.11,135.49,53.03,79.15
59.48,63.47,68.97,65.02
36.43,106.52,71.36,67.91
78.98,93.76,79.94,82.42
75.98,17.42,61.66,57.11
39.70,20.97,60.83,46.52
92.27,12.91,70.50,65.51
28.35,61.92,76.24,59.01
98.62,114.41,47.74,76.34
88.82,34.19,46.43,56.70
75.03,94.82,41.58,62.26
95.10,50.44,63.91,70.57
77.78,121.58,48.81,72.06
35.24,121.78,63.23,66.54
55.37,118.56,52.48,66.56
25.72,83.48,86.94,67.88
51.17,49.84,25.85,38.24
79.33,123.32,65.78,81.35
50.92,36.05,66.05,55.51
46.42,50.57,50.70,49.39
67.63,35.75,53.68,54.28
89.78,104.39,84.01,89.82
23.81,106.07,42.45,49.58
50.84,101.35,89.71,80.38
32.66,68.18,91.71,69.29
75.63,24.02,72.05,63.52
28.46,137.56,81.83,76.97
73.18,81.08,69.04,72.69
42.89,66.98,62.02,57.27
35.91,92.44,97.33,77.93
94.91,36.99,42.61,57.18
21.48,28.56,32.33,28.32
55.02,66.77,43.00,51.36
21.73,41.81,69.17,49.47
58.69,44.20,34.81,43.85
60.08,134.95,92.71,91.37
45.73,84.31,52.88,57.02
30.57,77.69,88.00,68.71
50.11,106.53,39.94,56.31
73.78,143.22,45.05,73.30
82.59,25.71,24.74,42.29
62.46,126.69,40.62,64.39
67.19,91.76,59.23,68.12
36.05,30.46,95.69,64.75
42.99,51.60,51.11,48.77
32.95,77.53,71.18,60.98
39.94,106.76,54.22,60.44
37.99,43.96,23.74,32.06
61.56,84.88,60.28,65.58
65.02,105.85,25.27,53.31
95.60,72.82,90.70,88.59
35.65,130.82,80.24,76.98
71.33,131.72,50.29,72.89
85.38,75.90,71.22,76.40
64.82,146.21,28.96,63.17
40.40,20.58,76.20,54.34
41.00,10.47,85.82,57.30
23.14,63.29,85.74,62.47
44.44,94.15,42.74,53.53
79.57,98.09,41.10,64.04
23.80,76.70,61.71,53.34
37.54,27.48,97.42,65.47
76.50,33.87,93.64,76.54
82.61,129.30,48.77,75.03
56.43,131.51,82.39,84.43
75.85,104.35,93.71,90.48
51.04,102.99,40.87,56.34
32.79,93.68,86.42,71.78
51.85,38.41,41.43,43.95
66.40,69.96,47.46,57.64
95.84,107.43,35.91,68.19
25.50,85.22,60.57,54.98
60.59,12.60,87.46,64.43
46.31,143.50,62.24,73.71
60.66,128.27,29.88,58.79
21.92,46.48,40.14,35.94
45.04,96.30,65.03,65.29
85.59,139.25,66.65,86.85
64.32,23.44,66.15,57.06
56.05,80.42,26.16,45.98
42.84,73.87,80.30,67.78
43.84,67.43,92.75,73.01
50.65,126.98,60.84,71.01
86.85,63.29,77.51,77.47
97.38,18.91,93.12,79.56
55.09,19.22,71.41,56.08
51.47,15.98,73.95,55.61
87.72,67.28,77.71,78.63
54.15,110.58,40.84,58.78
64.16,38.52,66.61,60.26
38.48,100.51,87.37,75.33
79.48,106.19,43.69,66.93
62.56,45.73,91.77,73.80
84.72,94.08,69.63,79.05
82.46,105.88,53.85,72.84
37.20,75.33,69.85,61.15
77.25,57.14,52.15,60.68
84.00,96.68,87.04,88.06
47.69,146.90,58.59,72.98
33.81,69.76,92.10,70.14
20.21,64.84,60.78,49.42
56.07,75.00,72.83,68.24
48.19,20.67,99.82,68.50
64.39,87.44,31.76,52.69
35.04,56.02,78.94,61.19
88.77,27.00,31.11,47.59
40.62,75.28,87.11,70.80
38.11,10.47,67.72,47.39
58.46,66.25,95.05,78.31
59.91,24.80,89.28,67.57
37.21,13.40,25.99,26.84
41.75,125.43,30.98,53.10
33.58,138.27,68.09,71.77
77.48,39.07,61.47,61.79
81.61,85.50,33.49,58.33
56.99,48.91,30.35,42.05
77.13,79.10,65.12,71.52
78.87,71.13,23.91,49.84
31.06,47.67,89.90,63.80
97.29,108.06,84.57,93.08
85.68,27.71,82.83,72.66
36.36,17.43,21.28,25.03
34.89,117.47,23.81,45.87
30.05,103.23,63.99,61.66
31.07,79.79,99.55,75.05
79.85,75.49,47.39,62.75
57.57,79.64,47.55,56.97
82.63,71.18,30.74,54.39
79.70,65.00,73.95,73.88
68.37,79.96,71.73,72.37
74.91,83.99,28.11,53.33
21.47,106.87,57.39,56.51
44.94,109.57,73.37,72.08
71.03,62.87,59.48,63.62
20.75,67.90,73.95,56.78
22.64,62.32,85.30,61.91
88.15,85.12,74.87,80.90
74.72,73.47,69.29,71.75
41.23,134.54,88.29,83.42
75.04,107.49,92.05,90.03
83.40,135.81,51.11,77.74
44.54,109.28,33.86,52.15
22.88,145.94,85.43,78.77
94.62,99.00,37.10,66.74
47.61,144.90,94.32,90.42
28.52,32.14,21.83,25.90
59.35,17.35,93.70,68.12
81.48,91.08,67.13,76.22
37.73,147.69,81.98,81.85
41.56,68.46,51.88,52.10
39.42,39.69,99.34,69.43
99.33,83.02,38.20,65.50
35.79,100.83,41.15,51.48
66.04,54.13,24.11,42.69
94.02,110.07,95.24,97.84
31.75,146.52,56.48,67.07
97.67,135.57,73.99,93.41
95.80,50.82,75.00,76.40
90.77,55.74,89.96,83.36
37.16,62.02,73.19,60.15
70.72,65.24,64.96,66.74
80.87,24.04,76.83,67.48
98.88,116.67,80.08,93.04
34.43,61.15,34.87,39.99
81.28,133.17,28.77,65.40
47.10,139.77,25.99,55.08
34.05,13.42,49.92,37.86
53.71,148.39,59.84,75.71
83.51,109.40,69.25,81.56
57.19,82.85,96.64,82.05
63.00,64.53,46.46,55.04
99.61,82.59,80.87,86.84
51.93,55.45,62.51,57.92
69.23,97.18,37.61,59.01
49.22,23.02,69.22,53.98
51.42,96.96,97.37,83.50
75.65,48.55,29.94,47.38
95.03,12.47,60.58,61.29
63.39,87.38,24.13,48.56
81.47,90.98,45.70,65.49
27.14,69.72,69.65,56.91
36.89,20.12,87.28,58.73
60.17,135.07,78.43,84.28
21.60,95.60,57.03,54.12
40.23,26.20,92.74,63.68
61.39,81.53,44.22,56.83
21.20,79.62,80.32,62.44
41.16,18.46,57.92,45.00
61.12,94.96,91.89,83.27
65.85,123.17,83.79,86.28
94.06,114.86,92.12,97.25
71.63,38.42,37.14,47.74
53.18,130.72,73.45,78.82
94.43,57.96,79.08,79.46
82.79,142.51,79.39,93.03
36.00,20.04,60.32,44.97
30.47,78.07,20.90,35.20
74.06,93.60,40.91,61.39
64.79,44.67,45.86,51.30
83.17,117.99,88.16,92.63
79.10,97.77,87.27,86.92
70.02,12.54,28.37,37.70
98.91,95.17,95.99,96.70
62.69,78.81,34.60,51.87
29.05,37.44,53.15,42.78
86.26,149.40,37.21,74.36
40.15,135.60,88.83,83.58
82.18,50.95,79.95,74.82
96.57,85.75,48.28,70.26
75.74,54.31,74.55,70.86
67.68,118.57,34.75,61.39
56.83,140.25,50.58,70.39
49.15,60.24,50.17,51.88
48.24,122.78,39.03,58.54
70.91,79.78,90.10,82.28
80.10,65.52,74.31,74.29
74.28,141.38,42.40,71.76
35.87,81.46,39.37,46.74
59.52,75.44,21.44,43.66
83.33,104.14,47.73,69.69
58.06,46.57,62.14,57.80
62.93,55.47,42.22,51.08
81.69,140.49,76.04,90.62
72.90,104.99,52.94,69.34
52.75,125.73,45.31,63.63
91.63,47.96,95.12,84.64
33.01,86.13,41.02,47.64
99.64,146.00,51.86,85.02
29.51,54.62,50.58,45.07
21.20,32.47,39.30,32.50
91.20,81.52,37.40,62.36
39.60,64.29,44.19,46.83
78.38,32.34,89.14,74.55
84.88,134.40,81.37,93.03
88.72,148.70,74.48,93.60
99.33,89.60,56.57,76.00
43.52,118.45,60.62,67.06
76.82,130.27,41.37,69.78
29.23,108.14,25.95,43.37
52.54,16.18,46.48,42.24
87.84,32.07,59.65,62.59
49.41,19.94,24.59,31.11
67.29,11.38,27.06,35.99
60.30,52.84,41.04,49.18
71.68,64.93,49.37,59.17
97.83,43.74,51.47,63.83
24.46,19.04,29.43,25.86
65.92,84.18,38.07,55.65
89.04,48.26,40.93,56.83
58.51,121.45,25.41,54.55
26.28,11.13,46.09,33.16
64.84,127.95,25.78,57.93
46.57,143.67,76.28,80.84
32.40,110.26,50.88,57.21
87.92,112.71,46.14,71.99
61.73,140.70,30.12,61.72
94.66,39.27,38.12,55.31
84.48,149.24,38.62,74.50
75.44,118.29,98.82,95.70
20.40,111.72,86.83,71.88
54.23,60.55,21.22,38.99
35.80,86.41,69.35,62.70
92.86,101.55,40.47,68.40
33.97,96.85,28.35,43.74
42.88,108.70,76.45,72.83
61.35,21.53,30.53,37.98
41.07,59.79,55.50,52.03
36.79,70.76,70.57,60.47
67.93,46.49,64.36,61.86
27.11,34.17,98.21,64.07
24.65,29.45,82.86,54.72
49.78,61.29,81.94,68.16
77.65,79.08,48.45,63.34
64.38,18.82,20.67,33.41
53.83,142.50,78.75,84.02
65.26,117.13,99.98,92.99
49.24,112.32,52.47,63.47
94.89,34.20,98.84,84.73
24.39,94.53,31.34,41.89
73.87,84.16,43.72,60.85
91.30,147.55,33.66,73.73
84.31,114.67,58.01,77.23
34.72,90.61,83.76,70.42
43.67,129.11,47.25,62.55
77.36,31.71,92.50,75.80
26.74,12.13,63.59,42.24
84.95,106.63,57.23,75.43
77.51,23.76,82.96,69.48
78.37,26.16,28.12,42.80
28.02,114.26,81.90,72.21
77.42,47.87,39.44,52.52
74.39,98.01,42.47,63.15
86.47,138.44,67.96,87.61
23.33,54.31,92.15,63.94
21.85,40.40,66.27,47.77
49.84,24.92,71.92,55.90
31.90,28.26,82.13,56.29
64.67,18.71,40.75,43.52
93.39,22.27,86.18,75.56
51.32,70.48,53.44,56.21
87.60,54.92,34.05,54.29
20.02,108.92,48.01,51.80
33.48,131.83,39.69,56.26
22.43,119.87,38.30,49.85
46.25,84.29,42.61,52.04
92.66,24.34,34.47,49.90
27.76,109.37,73.42,66.91
68.51,60.80,66.40,65.91
56.12,21.99,71.88,57.17
95.08,127.95,47.50,77.86
29.80,57.35,81.58,61.20
36.96,40.55,30.37,34.38
22.36,132.00,65.69,65.95
54.71,136.30,42.04,64.69
42.23,57.46,62.21,55.27
89.59,59.67,45.89,61.76
68.40,91.15,83.24,80.37
69.13,112.68,91.30,88.92
62.55,18.84,79.41,62.24
27.35,93.07,34.05,43.84
55.60,143.39,41.99,66.35
99.96,46.69,93.55,86.10
86.82,137.24,54.98,80.98
91.48,143.02,95.29,103.69
85.86,47.68,51.40,60.99
28.24,115.59,96.14,79.66
38.20,43.43,94.06,67.18
20.25,113.27,72.84,65.15
44.28,121.64,20.71,47.97
28.69,44.61,52.03,43.54
57.82,110.22,92.90,85.84
74.17,123.69,90.81,92.39
89.96,60.20,34.99,56.52
79.94,33.48,51.93,56.64
95.09,22.88,86.84,76.52
24.31,90.55,66.23,58.52
20.97,146.93,87.78,79.57
72.91,125.21,86.13,89.98
43.15,71.02,92.60,73.45
40.28,85.13,29.38,43.80
46.47,49.13,31.62,39.58
41.58,32.83,26.62,32.35
60.91,77.49,94.82,81.18
55.21,74.89,58.01,60.55
60.99,83.07,25.15,47.49
73.82,143.39,45.72,73.68
50.97,94.55,48.11,58.26
40.10,94.81,84.76,73.37
33.30,27.92,78.84,54.99
47.96,149.51,75.15,81.87
79.34,118.20,21.75,58.32
80.54,132.81,92.86,97.15
73.35,68.00,37.24,54.22
38.72,80.30,70.32,62.84
67.05,83.09,24.95,49.21
65.66,37.17,26.52,40.39
58.74,106.53,20.77,49.31
64.00,136.42,65.27,79.12
59.34,32.92,70.35,59.56
65.24,22.08,24.04,36.01
77.24,113.35,43.24,67.46
28.77,48.25,88.12,62.34
79.97,97.34,28.10,57.51
30.87,107.41,37.32,49.40
25.33,55.07,53.95,45.59
98.09,124.12,87.38,97.94
96.56,87.00,40.39,66.56
24.83,131.66,99.77,83.67
55.46,116.86,48.42,64.22
34.90,131.60,50.92,62.25
58.83,12.82,29.77,35.10
86.41,44.09,74.42,71.95
96.05,22.60,39.48,53.08
70.74,71.89,70.31,70.75
48.31,134.59,37.85,60.34
68.27,75.46,51.03,61.09
44.96,128.96,88.53,83.55
92.79,55.80,79.11,78.55
89.63,57.54,32.37,54.58
64.66,135.38,68.62,80.78
45.98,69.61,70.29,62.86
43.47,120.57,27.25,50.78
22.67,43.13,57.26,44.06
85.27,142.83,40.85,74.57
56.03,90.44,57.37,63.58
46.01,116.31,82.17,78.15
57.69,22.53,32.66,38.14
85.50,78.97,29.86,56.37
29.97,136.15,41.55,57.00
88.61,132.79,96.18,101.23
91.80,16.55,79.83,70.77
95.74,52.52,21.56,50.01
51.80,72.06,52.08,55.99
37.37,34.12,40.59,38.33
