temperature,rainfall,humidity
49.96,62.31,78.40
96.06,56.61,34.76
78.56,34.66,47.73
67.89,95.02,73.06
32.48,76.73,58.57
32.48,131.20,79.09
24.65,14.50,96.90
89.29,100.14,29.32
68.09,116.81,76.77
76.65,116.33,38.43
21.65,134.05,53.16
97.59,112.06,22.63
86.60,139.89,30.87
36.99,56.57,45.58
34.55,80.45,47.36
34.67,11.97,91.97
44.34,10.97,79.35
61.98,43.62,97.77
54.56,24.11,67.93
43.30,46.43,39.34
68.95,34.79,46.21
31.16,13.99,45.59
43.37,137.30,46.12
49.31,11.15,73.84
56.49,113.05,62.46
82.81,31.30,50.83
35.97,137.71,31.93
61.14,134.99,21.77
67.39,101.55,37.51
23.72,104.11,28.60
68.60,10.75,82.84
33.64,147.88,29.00
25.20,132.90,77.94
95.91,135.31,50.85
97.25,102.29,25.87
84.67,58.27,85.02
44.37,135.11,66.37
27.81,50.81,38.86
74.74,88.78,91.57
55.21,23.96,23.62
29.76,139.07,36.15
59.61,29.71,80.16
22.75,41.49,76.75
92.75,88.14,43.14
40.70,116.97,24.96
73.00,96.71,88.65
44.94,42.50,45.10
61.61,10.13,35.66
63.74,116.00,61.28
34.79,147.93,92.82
97.57,123.39,23.48
82.01,74.43,81.26
95.16,136.53,65.80
91.59,67.38,54.04
67.83,83.49,79.53
93.75,76.80,97.27
27.08,72.67,38.34
35.68,118.53,31.49
23.62,83.75,93.03
46.03,54.34,73.52
51.09,46.14,55.04
41.71,15.28,65.86
86.30,91.65,79.65
48.54,42.19,81.84
42.47,30.74,93.59
63.42,101.54,54.15
31.27,105.37,43.47
84.18,115.30,71.17
25.96,80.50,53.26
98.95,135.17,67.57
81.78,141.09,53.60
35.90,123.03,32.24
20.44,98.98,57.55
85.24,52.52,75.27
76.55,147.61,83.94
78.32,48.38,59.47
81.70,38.37,33.22
25.92,71.90,53.18
48.68,17.96,82.90
29.27,146.99,53.03
89.05,92.38,75.72
69.86,87.97,60.58
46.47,101.81,39.30
25.08,79.58,83.69
44.88,14.49,26.74
46.01,95.72,61.99
78.37,110.26,36.71
71.00,68.34,25.37
90.98,116.02,60.23
57.78,41.78,59.96
29.57,40.98,76.55
77.06,32.60,79.58
80.86,62.08,78.22
64.90,128.58,52.76
81.68,125.91,70.54
59.50,63.60,66.16
61.82,92.48,53.72
54.20,110.91,67.78
22.03,43.77,95.78
28.63,33.54,35.43
22.51,146.09,92.46
70.91,96.46,24.28
45.15,147.40,44.67
60.69,57.29,43.05
92.61,108.42,70.11
39.94,41.16,30.50
52.83,46.57,90.59
80.44,81.67,86.28
38.30,54.75,72.17
26.16,33.47,56.67
43.18,46.80,94.64
32.90,15.00,86.46
94.38,108.62,59.95
84.65,78.90,76.15
70.67,23.19,65.35
89.72,34.04,67.04
84.29,24.35,46.48
34.93,95.76,56.97
91.40,23.19,26.25
63.15,115.60,48.59
84.60,12.87,75.67
91.69,44.91,96.26
45.44,134.69,97.05
28.80,110.59,64.46
38.23,20.22,68.53
54.17,124.96,34.86
85.44,79.02,75.62
88.86,128.55,25.65
20.56,94.10,42.77
60.86,105.46,73.47
53.39,149.09,44.82
37.77,42.53,23.99
29.59,97.35,86.55
47.01,74.44,44.83
95.43,15.52,25.05
45.86,12.03,25.98
61.50,26.69,40.14
76.24,100.87,34.24
49.09,89.40,81.94
97.74,87.48,45.73
97.00,14.46,84.38
40.14,75.70,33.91
59.78,139.45,59.43
44.07,65.66,75.04
42.79,97.49,72.16
22.95,119.17,68.09
68.77,119.75,93.99
60.21,82.70,38.28
24.12,130.11,59.50
42.29,64.79,90.72
92.66,134.42,26.23
39.16,43.63,24.47
31.59,49.23,38.66
59.16,17.44,70.64
98.85,121.38,40.79
39.36,68.39,35.22
73.77,42.08,56.70
80.93,42.45,69.09
39.01,136.20,39.88
78.26,126.75,44.06
49.42,87.49,69.08
70.58,96.26,95.66
70.68,76.41,73.98
62.86,64.83,82.63
27.22,138.17,49.34
86.82,27.59,41.78
45.66,68.58,56.34
34.92,58.24,84.57
23.26,79.74,56.50
67.27,74.07,87.74
74.21,82.64,99.10
21.33,29.59,25.76
60.97,81.84,23.63
38.12,43.94,31.97
71.61,35.81,50.75
33.95,19.08,30.48
75.28,116.77,89.65
50.94,69.84,21.85
94.94,97.73,45.26
31.00,111.86,34.78
47.29,105.10,94.52
29.08,75.87,73.56
93.98,64.31,92.96
90.19,62.63,97.79
40.64,99.61,59.77
72.80,79.27,38.75
85.38,128.88,35.50
64.42,132.46,37.83
62.37,33.88,76.69
39.35,29.07,23.24
27.45,98.26,24.11
91.78,52.17,68.65
92.03,12.60,71.36
70.65,134.41,73.22
47.12,41.77,49.75
47.94,140.10,84.48
78.08,110.44,62.69
91.77,116.77,28.44
90.97,38.20,83.77
82.39,42.79,96.25
71.36,82.98,24.80
26.73,34.09,51.31
32.93,52.76,59.00
91.88,55.00,31.72
68.51,32.35,89.42
20.74,38.73,42.73
28.12,120.40,82.64
73.08,33.41,73.68
20.40,13.98,67.84
32.86,98.11,35.37
63.90,146.64,37.66
75.35,56.37,23.79
72.16,26.61,39.26
37.94,89.85,47.64
76.97,136.89,86.65
38.98,119.77,49.31
46.03,97.15,80.37
79.72,54.11,55.16
71.97,85.86,82.79
87.94,22.77,98.10
72.61,105.05,39.19
65.46,111.51,88.99
27.49,145.10,69.75
49.42,46.46,85.38
41.22,12.58,72.13
39.52,86.39,53.92
97.84,108.95,38.25
51.45,120.66,25.60
91.36,37.12,62.84
70.49,46.65,99.23
83.58,81.76,79.04
60.21,56.28,46.19
66.15,130.47,86.18
59.40,76.33,81.52
35.62,121.94,42.53
77.80,91.29,21.14
42.46,118.23,29.45
21.95,56.57,90.18
71.64,126.40,86.93
34.17,48.44,43.62
95.24,86.45,42.82
96.31,39.96,83.43
93.19,76.57,95.02
49.61,54.54,82.33
21.24,47.34,68.45
94.27,145.38,39.41
54.25,32.41,62.06
97.33,120.23,38.68
97.09,147.78,84.64
88.24,12.79,50.96
43.56,107.86,86.70
50.81,45.41,50.53
88.09,15.67,85.93
45.35,66.40,46.67
33.56,140.93,55.21
64.54,11.65,69.24
94.89,92.30,25.62
75.68,80.20,95.86
65.60,132.27,65.89
27.77,21.76,60.63
69.20,105.41,87.15
99.20,105.22,89.26
31.21,103.67,61.78
61.47,141.93,94.18
90.19,125.23,25.18
79.26,15.88,29.06
75.76,75.95,67.74
76.20,65.71,48.33
48.76,53.42,57.14
43.49,73.19,46.25
84.75,63.79,52.38
84.81,70.53,85.81
89.37,147.10,67.48
93.06,22.41,99.79
60.91,139.11,82.95
60.12,77.23,41.89
83.86,97.32,41.15
72.00,126.23,46.87
76.16,60.46,87.46
83.66,70.26,22.18
91.20,67.33,38.41
47.04,62.46,92.39
50.05,139.57,71.19
27.52,126.05,38.15
66.26,25.26,37.53
22.88,25.14,89.01
57.25,69.90,91.50
63.41,23.81,40.49
42.92,96.67,53.64
67.27,30.12,86.77
22.44,83.13,81.68
22.99,11.01,85.11
85.81,54.32,61.47
48.82,104.81,92.92
30.16,77.77,46.08
61.78,146.96,32.53
81.60,132.37,76.70
37.27,60.27,63.15
69.83,16.37,88.37
26.83,128.39,26.49
24.13,137.57,87.50
62.51,124.89,43.46
63.25,27.91,72.39
70.99,149.71,23.21
78.09,46.20,68.77
98.07,111.39,77.38
61.30,137.12,49.50
45.84,43.00,37.23
83.61,137.16,63.01
41.67,53.33,86.66
55.12,146.70,45.88
26.28,49.38,40.20
22.03,143.48,42.31
97.01,17.50,95.93
86.88,109.30,48.74
75.68,84.50,20.29
52.72,76.90,82.53
33.86,41.29,75.94
32.51,108.78,30.29
40.02,36.71,98.79
63.94,87.40,68.64
77.17,45.45,60.06
72.82,143.79,50.58
42.39,14.01,91.89
96.39,37.96,39.52
79.03,43.92,42.86
64.35,67.97,29.79
68.94,42.58,80.73
53.57,78.79,67.64
39.82,132.15,68.73
48.48,109.69,37.48
80.63,91.19,72.09
21.15,22.46,81.24
29.29,107.16,48.63
23.68,33.30,84.11
23.26,120.09,47.90
88.44,45.01,80.65
76.29,68.39,22.70
57.93,59.07,64.09
27.83,130.23,97.56
59.33,27.72,98.50
57.88,89.19,42.54
33.86,29.89,55.31
54.71,108.67,25.04
51.88,136.71,89.87
69.27,70.85,65.49
70.81,78.33,50.81
23.62,139.84,29.02
49.97,82.94,95.74
70.07,78.26,62.42
60.25,90.97,42.63
88.52,106.49,48.02
72.70,24.96,41.66
33.03,124.96,68.14
25.65,70.97,94.40
71.39,20.13,88.54
22.12,120.07,56.83
66.86,62.77,86.12
95.22,24.05,53.85
66.04,98.73,40.18
51.05,133.22,98.67
71.46,134.29,44.31
56.66,144.07,45.90
63.65,131.48,99.18
95.32,10.30,30.71
50.89,63.23,80.84
96.90,124.60,94.87
92.43,61.28,60.94
35.66,94.22,20.20
25.55,94.88,50.00
28.06,61.10,28.93
21.46,136.63,53.30
27.56,80.45,83.20
74.64,75.07,55.10
25.70,149.65,54.55
45.52,79.09,64.54
87.59,34.98,66.54
21.86,81.83,88.50
85.16,123.96,44.67
42.55,118.76,85.73
29.45,120.40,65.27
75.74,109.12,44.04
70.32,45.59,43.61
90.20,130.69,48.89
78.81,135.08,69.82
84.28,37.18,38.46
42.56,28.26,93.63
34.20,146.58,65.99
80.05,131.57,93.60
84.55,135.05,23.71
99.24,134.09,47.41
53.01,85.84,21.82
49.76,100.50,41.78
82.11,86.35,88.96
47.26,17.17,22.93
94.46,114.37,54.89
88.67,80.75,29.41
54.32,100.68,53.35
80.07,80.37,87.11
80.36,78.85,69.85
28.25,34.05,78.94
92.20,49.02,47.93
60.42,32.24,95.55
86.12,37.39,76.74
45.60,146.22,53.74
91.64,31.44,54.12
51.14,47.70,93.49
20.87,92.68,66.11
92.43,95.43,76.51
27.30,31.56,53.36
45.55,121.12,37.90
96.00,119.93,77.88
96.05,43.22,68.63
65.88,50.41,60.11
70.55,141.32,69.92
55.88,125.59,36.66
43.46,107.69,83.52
46.29,21.51,95.85
73.80,68.56,91.29
80.19,88.30,45.71
83.33,36.24,52.48
83.17,72.75,84.67
27.30,94.14,67.61
59.55,55.83,63.83
24.60,119.33,94.13
63.96,127.66,62.88
55.32,55.31,61.20
91.02,127.41,23.36
48.07,24.50,25.55
29.37,127.28,20.59
31.44,31.39,93.06
80.92,21.61,52.67
69.46,99.85,57.48
28.09,76.07,87.63
26.73,137.10,68.74
76.08,60.85,68.76
25.82,50.20,43.72
85.75,80.10,86.71
76.50,73.83,33.27
26.51,58.22,24.25
26.79,107.12,35.33
98.93,116.34,41.42
49.94,129.42,42.58
49.65,146.20,73.64
85.02,47.33,37.43
95.78,110.25,74.13
98.88,65.20,27.29
80.27,104.79,31.78
50.10,76.64,60.71
26.68,149.13,93.75
82.17,112.05,88.77
64.67,143.35,97.50
53.94,126.90,72.04
92.51,136.41,74.07
28.90,124.02,70.00
59.41,74.28,69.83
20.91,45.25,31.77
57.49,61.84,63.50
24.50,12.83,50.89
29.51,83.36,55.40
29.40,80.71,61.89
71.94,83.54,30.27
79.68,146.36,48.76
66.67,137.60,25.08
96.97,32.64,98.37
49.99,61.64,29.48
42.86,69.35,40.68
89.49,60.47,91.30
37.89,121.79,58.62
97.06,83.37,30.85
20.97,90.09,50.74
97.59,129.42,29.27
23.45,122.83,36.02
91.29,28.51,24.16
62.22,109.95,55.06
99.44,70.96,84.53
25.90,51.25,66.88
64.31,17.00,68.51
97.54,78.21,36.05
61.85,59.76,47.51
70.35,45.21,87.62
75.66,107.25,27.03
56.36,117.73,88.63
70.20,44.27,58.70
66.75,16.92,86.97
92.09,128.83,45.44
23.64,11.39,47.11
42.48,141.20,80.13
96.03,97.87,82.80
91.22,55.06,38.37
56.45,44.51,97.83
69.61,11.26,26.76
42.19,42.97,25.48
35.05,29.28,67.64
57.10,95.70,77.82
48.27,33.32,96.87
66.69,84.01,52.40
26.22,92.62,22.02
97.95,51.73,68.23
98.90,14.91,43.18
75.85,15.22,54.64
62.89,13.69,59.08
44.76,113.48,25.16
85.10,54.52,58.88
74.78,121.48,54.11
33.01,70.44,77.00
92.87,73.42,71.65
85.80,81.80,34.82
95.98,109.82,36.49
78.06,48.29,40.08
69.07,27.02,34.32
53.46,87.85,72.58
94.62,55.78,99.55
89.29,71.95,72.17
23.62,100.57,68.53
22.11,79.18,52.79
50.12,96.84,45.01
84.84,86.19,92.89
98.98,113.57,97.52
32.03,108.83,59.74
67.53,84.79,43.22
50.47,105.05,81.61
97.59,132.30,30.60
87.37,70.52,81.25
87.07,67.79,85.52
57.50,116.99,29.99
53.19,91.56,98.15
41.87,19.94,98.84
24.51,134.90,94.94
89.18,14.31,59.68
85.03,114.78,39.69
99.98,116.23,66.56
99.73,143.44,53.59
64.43,17.58,36.48
81.52,93.56,53.89
95.58,69.90,73.11
87.97,56.29,25.67
39.79,22.64,46.67
56.04,88.77,21.42
30.33,77.07,79.96
96.32,24.64,71.26
68.49,95.75,25.01
38.29,113.31,97.18
73.74,117.42,21.81
69.45,136.75,67.20
48.65,67.33,82.11
29.08,143.43,83.03
73.73,131.16,22.74
61.62,51.51,92.51
81.79,32.30,93.48
61.61,70.95,64.91
88.17,66.27,58.57
64.15,90.60,23.59
64.88,91.67,64.96
90.13,115.00,52.75
52.28,81.38,81.82
30.72,24.68,52.31
22.30,130.16,74.69
80.41,53.37,28.11
69.62,145.98,30.64
76.33,26.50,31.18
37.04,144.16,23.64
30.91,22.74,63.31
21.16,42.35,83.52
48.05,16.52,68.83
67.19,108.72,66.00
51.38,129.04,74.45
55.00,70.77,47.17
92.33,139.99,48.96
47.86,92.64,45.14
61.12,98.20,76.97
82.69,128.36,32.93
51.72,51.55,21.04
69.77,59.60,67.70
88.99,136.83,95.39
95.96,136.13,68.75
31.77,146.71,82.63
94.13,136.26,73.82
59.37,27.83,59.79
40.66,125.32,77.47
56.73,67.38,85.93
98.40,148.71,37.98
59.41,76.12,46.89
46.30,87.54,37.90
70.67,84.17,56.17
39.21,55.04,90.81
26.07,20.50,47.62
30.31,135.39,49.96
30.24,122.37,88.83
32.15,29.53,61.23
31.11,118.75,62.84
71.27,97.62,88.86
34.55,67.28,59.24
47.65,45.56,74.52
91.74,130.36,26.85
57.92,108.03,34.29
73.40,86.68,52.35
33.79,95.34,59.59
35.38,22.75,97.26
23.27,76.35,97.65
33.51,37.12,88.10
42.29,39.17,45.25
34.16,102.58,97.12
27.10,137.58,75.15
29.65,66.53,51.44
56.86,39.08,76.13
36.51,100.82,21.32
49.14,131.97,31.69
60.27,114.76,86.37
75.23,131.63,71.65
23.14,85.12,49.14
83.95,115.26,60.05
70.23,29.61,92.41
26.54,58.76,70.53
89.89,64.54,51.85
93.67,81.58,29.63
24.89,140.07,43.50
42.15,132.40,98.27
84.50,28.83,54.99
79.86,34.19,57.75
34.76,60.07,59.89
36.75,50.70,90.73
49.64,96.07,68.31
58.76,136.39,75.49
69.46,144.72,51.15
49.51,101.50,22.33
57.00,127.34,94.48
79.80,83.53,95.93
22.93,39.17,95.93
40.19,83.46,95.49
77.07,87.71,85.22
91.62,113.94,74.77
60.93,40.78,87.56
62.57,61.56,68.04
28.57,60.96,30.75
55.79,144.32,51.30
62.61,72.15,97.70
39.40,115.71,48.09
41.54,115.11,89.43
50.18,47.18,27.46
21.61,90.06,46.73
45.77,135.20,48.08
36.92,76.53,24.13
46.20,142.32,29.53
29.58,40.02,35.45
91.24,20.38,87.03
67.49,134.80,25.07
74.33,128.68,43.90
83.13,148.96,20.81
59.88,105.12,75.65
26.95,141.14,69.62
62.97,125.77,71.60
66.95,128.22,49.95
79.64,89.68,36.66
54.53,63.53,77.63
30.21,140.84,84.89
42.70,70.50,31.09
49.05,85.43,58.95
71.67,72.46,39.90
65.66,89.07,33.45
48.49,75.87,78.75
98.92,16.72,63.05
68.46,133.49,37.29
38.98,72.22,44.80
28.14,92.45,97.33
32.23,29.49,87.89
39.68,10.47,90.40
32.85,44.34,56.80
34.93,108.64,69.90
42.81,23.89,50.14
33.87,137.24,26.22
91.74,40.10,52.09
26.42,38.64,67.52
61.96,35.41,42.97
52.83,11.96,87.84
98.59,118.05,32.09
28.96,132.50,49.37
51.83,95.98,29.99
97.56,36.35,52.39
89.24,49.94,23.17
85.37,76.63,41.80
40.63,143.61,52.06
33.67,44.63,58.25
73.49,112.43,63.50
94.35,71.52,42.00
64.54,51.70,61.84
65.73,73.83,60.72
42.40,19.97,45.29
81.56,121.82,86.42
34.96,44.06,63.65
45.89,111.56,46.58
54.03,19.57,95.79
60.61,143.71,87.61
39.39,37.02,98.61
29.19,133.58,75.38
68.85,123.33,50.26
43.09,145.50,42.47
66.50,76.90,73.07
32.35,111.84,98.47
58.49,61.90,70.14
62.61,35.81,90.53
24.15,72.03,46.33
46.93,33.20,52.56
30.75,147.49,92.50
25.07,23.47,80.55
99.20,92.49,98.51
45.79,97.70,81.98
84.79,85.33,55.88
40.37,102.71,62.49
74.52,26.27,92.04
80.82,87.70,64.13
67.65,50.21,40.43
57.73,141.62,54.85
52.95,116.69,61.31
47.91,146.15,27.74
94.36,15.26,79.50
86.45,49.92,28.75
97.20,37.36,52.39
29.94,11.56,84.37
78.47,43.93,57.41
95.07,105.03,87.36
34.50,42.35,47.35
25.32,81.26,96.61
79.29,134.29,36.76
65.96,107.13,23.06
87.35,65.25,89.79
31.18,62.15,80.18
83.62,73.80,38.56
36.13,34.79,98.78
33.09,98.76,60.18
33.14,60.98,96.09
85.17,129.33,60.40
73.22,115.92,57.75
61.85,95.47,55.93
48.71,60.99,46.79
90.18,39.39,62.70
51.40,118.66,56.20
85.33,78.10,22.94
55.13,41.47,40.83
50.16,37.32,37.05
57.01,33.16,89.39
44.11,118.80,67.91
79.81,42.06,81.09
60.22,83.73,96.55
38.58,73.22,71.52
91.97,91.15,98.61
50.71,132.80,44.94
63.48,131.48,34.90
92.52,73.15,52.26
69.94,12.15,57.66
29.35,69.70,91.63
95.19,94.87,64.80
70.22,88.09,43.37
46.79,101.19,79.41
31.14,31.57,60.47
83.52,100.51,32.97
69.61,35.57,66.15
62.68,115.07,92.91
91.51,57.47,87.41
83.09,109.39,66.94
32.13,16.70,50.17
44.94,67.10,26.96
39.88,108.70,57.57
79.52,41.76,80.17
22.68,121.34,48.82
65.59,98.31,38.84
81.00,92.26,94.51
90.14,59.50,85.72
47.37,77.54,71.06
85.70,93.63,30.94
28.85,76.14,31.59
87.72,107.76,28.26
30.20,70.72,69.30
51.78,38.32,29.25
83.78,39.95,87.41
31.99,10.81,99.44
38.34,52.13,49.31
77.78,114.85,56.29
77.60,121.18,76.93
71.29,38.35,94.97
75.52,144.27,91.53
63.42,80.34,24.61
40.14,138.38,33.53
47.66,108.95,80.37
34.53,111.14,75.11
92.68,21.91,30.66
66.67,40.80,60.17
52.07,11.23,82.47
56.96,110.26,37.50
95.78,58.22,89.70
32.27,120.13,24.24
66.90,57.45,82.58
60.47,124.71,69.27
68.92,28.30,45.22
21.45,34.27,77.67
89.77,57.72,82.59
94.57,67.19,94.71
65.21,58.82,49.42
75.73,116.91,74.88
93.80,23.57,68.21
76.58,59.17,62.02
32.20,127.21,91.23
66.10,19.35,20.25
68.54,141.93,42.57
53.93,148.08,63.06
78.92,22.40,34.26
94.75,50.78,92.63
94.05,62.14,71.81
56.07,118.69,58.23
29.06,93.43,85.18
98.79,100.21,56.07
87.11,116.05,64.69
29.97,26.52,20.22
93.67,126.65,49.26
89.59,108.79,31.10
61.51,90.83,75.18
67.30,134.56,58.32
51.92,108.04,44.14
24.38,38.24,57.43
46.82,70.16,36.77
84.23,79.17,94.01
20.37,17.73,24.32
46.68,143.65,89.23
51.85,28.00,60.91
62.99,107.64,69.52
93.59,80.87,44.21
47.71,13.59,97.34
47.76,139.46,42.55
79.00,129.26,67.11
56.18,83.40,99.47
37.97,42.05,90.49
56.20,27.03,62.91
31.27,60.87,99.23
34.11,45.76,76.11
59.87,80.94,36.70
53.51,145.30,52.45
93.19,90.49,46.76
48.99,134.59,47.52
66.45,101.12,80.84
70.58,76.53,66.74
21.05,129.65,23.05
73.08,75.99,90.20
34.24,131.61,43.74
96.89,50.82,99.77
31.89,28.03,96.34
53.17,129.74,95.24
26.83,92.24,84.89
99.75,134.47,37.65
60.18,141.30,62.61
67.63,17.51,37.94
25.37,80.14,40.77
80.00,62.50,68.88
36.79,97.62,23.27
91.84,121.10,97.56
36.41,49.28,93.49
35.26,87.95,50.46
22.92,109.22,61.23
57.77,28.82,57.29
65.19,123.97,90.58
25.26,94.86,75.09
82.04,142.94,42.25
56.26,57.53,55.75
61.95,25.14,54.32
55.26,80.91,96.75
52.06,22.01,34.02
64.77,145.73,27.17
32.42,15.42,90.45
34.55,115.49,91.73
88.94,83.51,89.74
95.69,61.61,60.88
49.86,19.22,72.78
41.66,97.10,65.07
71.52,91.93,25.56
52.70,49.32,67.67
22.03,137.43,21.09
32.49,52.58,46.00
77.28,72.96,94.58
72.71,86.13,44.32
22.17,24.03,95.19
37.76,140.50,40.01
38.49,62.44,45.16
73.75,21.31,70.27
21.58,64.22,80.93
28.33,94.03,60.11
83.99,81.91,90.57
34.28,107.24,23.22
72.22,17.77,93.78
39.05,49.84,35.70
27.96,124.69,90.74
39.45,21.19,52.07
77.78,129.77,86.62
88.46,22.87,73.73
86.42,126.82,34.08
51.77,60.51,93.44
73.45,95.71,39.64
36.40,31.40,39.53
43.45,19.26,85.13
91.71,40.23,28.47
21.04,27.90,37.76
26.84,53.74,60.29
36.63,82.01,86.44
22.12,92.43,31.80
34.51,120.58,63.81
66.64,101.87,76.90
53.71,95.23,88.85
91.41,67.65,94.85
85.40,76.33,82.77
47.35,68.03,72.23
40.75,127.90,54.69
50.38,42.20,28.97
67.22,10.80,76.78
41.45,101.18,99.42
69.93,38.34,78.94
52.75,134.62,21.34
64.16,130.27,59.70
54.89,20.74,69.17
43.56,24.89,75.17
95.88,79.32,77.58
81.09,95.29,64.65
31.21,48.49,37.87
89.48,110.35,95.38
58.99,93.29,75.73
91.56,55.48,38.95
83.99,13.55,45.79
54.02,115.02,93.75
21.80,40.07,91.00
41.49,126.83,52.41
63.33,68.84,23.06
70.68,90.79,23.88
40.63,132.21,42.71
31.15,130.91,70.33
86.79,62.01,66.74
98.75,39.24,70.71
62.06,118.52,77.38
33.73,70.63,21.52
41.78,36.89,28.41
21.47,136.62,48.76
93.14,37.73,32.39
29.42,13.61,26.03
66.12,12.84,71.28
41.92,97.12,85.23
64.33,102.63,80.21
72.11,53.55,85.36
86.38,54.80,73.27
36.51,57.53,78.83
20.88,105.22,41.74
30.95,18.14,99.44
92.00,140.08,34.65
89.91,41.15,37.16
67.79,149.95,43.11
68.04,34.01,98.03
73.20,118.02,99.06
34.03,41.28,83.59
93.15,21.32,70.32
53.50,132.49,61.61
50.65,130.23,97.65
61.51,66.50,75.65
23.76,108.34,95.58
33.30,87.99,45.32
79.04,129.41,46.70
26.62,54.11,88.38
68.25,83.31,31.99
39.63,77.95,95.67
51.14,59.55,60.60
43.10,134.80,94.11
48.45,33.22,46.94
77.52,30.93,77.28
43.77,90.77,58.63
65.31,102.05,70.14
58.08,37.25,60.35
73.09,64.70,97.37
94.95,142.52,75.37
78.61,44.53,40.11
37.20,103.57,92.77
22.49,113.62,43.52
40.98,72.74,49.73
67.61,141.25,28.17
24.11,113.13,92.00
59.71,74.11,42.89
67.75,89.71,40.71
46.74,106.97,93.62
81.67,92.91,84.44
28.53,133.02,31.29
26.01,59.96,81.55
78.26,51.98,93.04
59.64,39.94,26.28
75.07,15.29,86.02
54.79,16.02,63.79
39.71,131.81,73.54
85.53,104.98,59.43
83.95,102.47,75.82
75.58,96.05,22.73
41.77,128.89,81.02
67.22,77.24,22.67
48.88,131.86,56.42
27.33,60.32,32.08
93.39,139.74,85.89
30.95,107.81,45.09
96.02,46.00,56.33
55.68,88.97,54.30
34.81,84.62,81.80
63.35,29.31,58.49
89.84,92.77,83.12
78.58,54.07,25.88
84.52,17.33,35.33
72.70,142.81,64.12
75.38,99.81,95.77
87.94,132.77,25.98
39.97,104.65,23.45
59.15,59.98,32.52
37.70,81.78,71.29
99.01,104.60,51.92
95.52,144.44,86.04
23.15,45.51,25.75
76.45,132.50,35.71
94.02,139.37,44.00
34.45,103.86,70.14
65.44,140.38,74.81
93.24,65.70,29.94
22.72,143.42,95.50
75.79,108.39,47.28
43.79,15.88,77.05
93.95,136.96,61.94
97.68,77.83,37.82
95.54,74.45,87.70
57.94,89.31,85.46
88.96,30.91,51.69
87.56,75.68,67.09
45.53,126.36,40.63
86.31,12.17,75.19
22.96,48.21,44.72
67.70,10.34,87.53
38.40,68.20,37.39
29.65,111.96,21.18
26.16,121.83,41.48
75.70,142.33,35.28
47.19,95.19,60.66
77.98,45.65,36.30
25.23,139.38,81.06
45.22,118.54,39.31
63.16,90.42,76.56
83.26,107.39,66.28
45.50,139.40,98.90
70.07,109.74,99.99
90.88,61.57,89.56
69.27,109.82,80.80
38.64,15.64,50.92
21.95,64.10,80.26
89.61,66.89,96.53
21.70,33.36,21.87
89.98,13.23,63.03
62.31,28.67,37.44
95.13,101.65,64.63
83.90,122.32,57.32
99.83,148.35,66.06
48.06,58.49,64.08
81.38,93.91,96.81
52.15,141.20,64.17
58.39,33.39,87.70
70.20,110.47,45.59
89.89,115.70,55.05
98.73,22.46,57.63
81.46,130.57,42.30
53.42,123.83,50.38
53.71,14.68,67.88
79.01,22.75,66.42
39.10,16.88,70.91
28.84,56.86,48.15
48.37,81.30,45.27
42.98,84.53,68.93
43.70,47.47,30.63
38.69,137.62,40.24
23.37,61.56,23.37
21.43,16.38,25.81
99.02,52.03,39.47
54.22,84.36,21.56
50.75,67.15,39.63
74.37,48.34,72.40
37.46,28.39,24.89
96.00,124.68,54.94
82.91,149.46,93.05
27.15,56.14,83.30
53.41,63.43,44.44
90.33,96.53,93.98
95.58,110.58,46.37
57.39,64.88,25.80
69.07,136.69,99.52
33.36,88.40,89.60
99.29,73.05,57.27
38.53,100.53,73.31
95.42,143.39,73.70
71.97,121.24,35.56
68.62,15.60,36.00
61.02,56.52,57.57
38.45,75.88,92.93
34.12,54.03,20.80
37.64,108.03,82.60
34.92,125.68,24.60
82.37,112.39,58.26
48.01,148.51,71.03
24.63,48.16,74.94
97.53,132.50,24.68
90.70,117.33,53.49
94.22,60.71,66.71
99.59,112.78,25.28
33.91,24.57,30.81
51.70,120.51,73.09
80.66,84.53,61.73
75.68,50.92,32.95
32.31,101.81,62.82
85.27,99.83,93.02
37.96,39.33,21.25
37.91,14.26,71.41
62.96,70.71,25.89
67.44,89.73,20.52
66.41,132.72,32.05
27.32,139.95,53.83
90.20,84.03,84.19
41.25,115.53,42.54
30.36,71.50,70.05
91.10,114.45,52.89
96.45,38.67,38.75
88.97,61.95,61.14
84.76,98.79,83.80
72.42,12.54,86.60
64.07,111.14,87.72
26.96,126.97,47.08
52.68,65.88,83.48
49.82,72.71,36.97
40.78,129.18,79.07
77.87,118.59,95.87
59.67,50.34,21.10
26.48,55.36,55.23
37.61,105.04,71.82
74.66,88.85,76.14
26.09,32.71,34.09
88.10,53.39,97.77
59.61,136.00,69.22
58.45,106.34,33.15
67.39,148.04,21.64
85.97,117.38,82.66
47.82,141.88,26.38
74.24,40.27,31.28
65.26,118.01,65.99
41.36,12.83,68.28
90.29,103.91,74.95
83.79,75.70,51.48
72.68,58.55,81.91
88.05,130.74,97.95
89.38,129.60,41.69
76.67,13.12,76.24
86.96,95.33,94.28
75.80,61.50,74.90
74.41,68.19,74.49
69.49,126.49,37.90
80.22,53.38,62.81
32.69,142.03,65.00
90.47,35.15,76.01
89.75,102.78,99.75
22.34,104.09,22.69
86.07,45.31,25.22
30.31,55.47,26.24
46.81,126.87,79.44
79.48,116.65,30.91
32.86,56.07,69.80
85.44,84.75,45.97
86.57,18.64,56.59
60.60,39.22,37.25
20.51,78.01,89.29
42.96,22.04,66.89
69.35,128.07,95.57
98.49,110.52,65.97
70.55,142.11,29.91
40.78,107.09,33.67
70.72,141.66,99.13
63.20,87.63,78.05
82.39,94.03,23.94
28.56,146.78,76.30
80.88,99.90,52.97
63.30,14.31,44.58
97.04,111.33,32.32
47.35,136.77,87.19
70.61,121.38,25.11
94.56,91.74,43.19
28.20,103.98,44.51
94.98,148.63,32.87
75.03,22.69,60.65
25.43,103.41,20.94
44.08,49.68,44.08
76.65,99.61,94.69
25.39,95.07,44.84
66.57,31.48,48.84
47.67,38.94,57.85
69.67,97.03,64.94
23.66,27.95,84.70
89.72,47.13,35.23
97.88,126.93,89.74
97.51,55.79,80.60
79.97,78.33,77.81
30.41,141.76,26.94
80.66,41.80,21.73
21.97,64.55,67.52
21.77,94.90,89.05
45.89,115.75,66.76
59.09,136.23,37.06
81.63,138.17,27.24
74.66,118.73,75.97
55.67,41.97,77.74
41.89,13.47,33.80
99.77,63.73,22.26
54.09,29.82,52.66
56.11,109.45,66.62
33.09,102.56,76.48
83.58,16.16,84.80
75.49,127.12,68.84
37.66,44.82,28.87
26.59,70.51,74.61
74.44,103.51,98.73
72.36,70.12,92.45
41.86,71.78,89.73
96.07,19.19,44.17
32.08,66.20,80.06
54.59,117.08,88.09
95.49,138.12,74.27
53.58,67.89,40.04
71.08,69.30,96.31
51.81,108.37,56.07
41.94,141.99,30.38
98.72,47.39,28.78
52.75,71.62,71.80
91.53,121.44,55.02
38.40,95.36,27.56
37.05,25.48,79.23
22.49,97.88,83.95
72.13,36.14,78.03
49.48,81.43,36.18
89.15,84.07,75.18
57.86,132.67,20.86
97.46,74.75,44.41
34.84,49.12,51.91
89.49,42.34,86.82
82.13,132.40,51.23
81.67,33.94,20.90
87.58,69.62,48.19
80.88,36.20,59.91
70.10,118.26,95.92
30.50,76.41,95.28
22.60,59.16,34.47
93.67,60.55,34.81
69.33,129.31,33.07
83.72,87.53,83.11
58.52,110.50,20.48
29.38,135.59,30.17
30.01,136.24,63.04
74.85,55.99,39.80
54.42,143.34,27.39
36.04,13.48,48.79
59.33,62.76,41.94
25.14,135.41,60.89
66.56,48.45,98.34
41.52,48.23,29.94
83.80,52.37,49.82
44.83,95.72,94.56
56.42,71.37,90.15
20.93,111.74,51.54
25.80,135.29,75.92
51.40,104.39,27.03
58.40,38.63,77.00
68.00,140.58,97.83
43.33,47.03,63.00
75.60,30.99,59.88
88.81,22.60,34.99
82.39,88.87,70.70
23.17,25.93,67.23
58.44,29.43,72.15
28.39,52.00,22.09
39.36,49.43,63.90
98.93,94.59,67.59
31.40,124.34,36.60
59.91,116.59,36.67
69.45,46.75,42.10
76.20,44.34,76.94
64.77,145.21,68.50
20.78,11.15,87.66
46.12,133.16,43.65
61.42,37.96,92.97
27.03,142.62,79.50
48.05,57.92,51.60
22.66,71.65,27.62
26.29,109.00,40.56
51.75,92.27,96.54
30.62,54.51,44.83
65.40,87.54,46.39
75.16,112.30,35.17
84.05,15.93,84.55
36.01,11.57,42.05
33.40,74.13,46.42
28.37,28.46,53.15
70.91,103.01,54.70
76.52,39.97,52.91
22.53,70.60,60.30
94.90,37.67,85.16
24.16,86.79,85.54
63.30,26.25,83.87
76.72,13.23,28.09
89.68,17.16,83.97
77.13,143.60,29.62
84.14,29.92,29.98
47.16,109.19,95.83
85.19,19.51,85.55
26.41,25.14,64.19
91.59,81.24,90.00
63.81,75.08,99.15
85.38,143.22,68.85
56.19,142.28,69.03
71.49,119.15,80.35
62.11,94.29,38.57
78.53,73.69,33.37
26.53,59.86,80.77
24.83,142.59,47.59
39.77,94.41,30.81
32.76,91.07,45.19
89.74,42.47,48.69
37.54,16.54,97.22
98.07,142.33,75.84
46.95,53.92,62.47
34.57,71.96,97.51
83.18,26.05,92.25
72.70,127.17,60.96
59.86,13.87,92.45
64.43,126.76,52.34
77.54,29.64,38.43
38.28,134.12,38.61
99.71,112.17,72.99
97.98,33.05,60.09
72.03,89.21,72.72
35.96,53.77,74.89
74.42,34.95,21.79
25.78,130.29,24.32
22.45,66.49,62.61
40.61,65.80,35.28
57.01,33.78,70.60
89.46,63.63,64.17
78.17,132.03,66.86
79.42,60.84,44.20
54.04,143.22,71.19
47.67,142.48,86.36
49.68,30.29,99.85
99.01,34.82,87.08
23.21,130.77,64.60
89.36,64.99,35.47
66.29,10.61,74.52
55.09,48.34,95.01
78.02,93.67,36.95
58.93,121.90,40.48
89.87,28.67,31.92
92.06,25.48,78.94
53.74,139.09,52.52
42.15,115.16,25.02
67.39,92.57,90.00
92.99,117.69,64.61
36.85,70.04,46.49
69.84,116.18,47.52
70.52,62.05,43.22
78.65,44.17,56.44
30.53,112.06,46.96
77.27,68.75,63.84
92.72,147.39,81.88
34.37,58.93,73.96
39.00,139.04,43.56
97.71,140.61,62.30
34.48,43.86,87.21
88.35,121.75,25.46
59.38,70.63,26.26
39.78,138.45,64.49
89.66,73.02,71.13
55.62,114.20,36.91
61.19,75.38,79.62
48.74,41.89,71.70
67.44,37.91,93.86
33.08,69.56,33.52
51.29,115.77,80.11
97.55,94.71,26.69
40.65,106.41,65.22
72.54,49.53,64.15
46.02,77.40,51.07
81.88,16.22,87.57
30.47,124.45,20.35
97.59,148.58,61.61
56.30,66.96,37.37
38.88,11.53,79.48
25.88,33.77,23.45
33.58,101.35,86.52
61.58,95.69,87.05
46.96,120.30,86.63
86.31,45.54,32.21
54.47,116.91,70.43
39.90,106.32,21.15
69.37,55.19,87.84
76.54,86.37,77.84
33.36,30.62,62.49
33.41,73.36,78.45
22.93,133.37,27.55
78.91,68.97,62.29
73.10,127.54,43.30
57.97,92.64,97.81
87.53,36.86,88.57
84.45,91.35,78.66
66.83,80.84,94.70
89.46,65.81,47.75
36.47,26.75,92.07
28.95,68.34,46.02
41.58,20.19,78.62
24.57,23.83,78.91
62.49,68.23,21.47
94.93,52.75,48.88
23.15,139.58,21.55
29.77,62.60,99.77
56.18,116.10,29.78
94.71,84.23,63.42
45.29,108.57,83.24
60.58,46.42,36.10
23.33,141.87,58.80
31.87,84.21,68.59
98.93,126.39,32.82
97.21,61.11,82.28
20.40,24.03,43.95
96.14,104.32,36.88
71.13,11.09,64.66
89.43,76.54,52.83
56.38,36.99,93.62
61.25,97.83,90.41
59.11,147.12,58.67
73.35,75.02,48.74
31.17,124.45,46.04
22.40,81.09,41.41
44.63,79.42,63.56
76.37,140.26,84.40
36.15,134.60,44.86
73.87,120.01,35.21
97.59,51.48,58.04
27.51,86.30,25.52
73.81,41.35,76.10
55.50,72.15,61.47
89.45,77.79,59.71
34.17,126.43,44.04
75.41,135.44,92.37
87.05,68.05,27.24
95.57,12.48,89.59
74.66,130.65,50.14
59.77,34.40,90.45
69.43,97.06,78.30
89.51,13.50,28.33
65.65,65.93,86.52
22.43,148.03,74.57
94.48,24.10,22.58
75.16,69.32,30.70
74.12,53.00,70.85
37.25,136.71,73.01
72.71,131.71,79.73
51.51,43.28,77.62
72.10,21.37,72.76
28.53,97.80,81.30
72.63,57.09,66.01
99.95,104.09,40.86
23.86,14.50,92.99
98.17,28.68,21.46
52.55,106.09,49.32
89.66,39.73,78.31
82.59,130.06,54.17
65.36,18.20,21.99
79.08,40.17,25.28
90.28,149.80,71.89
52.33,70.63,97.19
46.16,108.42,64.15
73.41,35.57,60.54
84.63,95.38,45.47
80.98,111.65,40.54
83.83,54.03,21.68
54.85,126.05,41.84
85.43,94.48,55.93
29.62,64.48,35.84
63.56,88.07,26.99
20.46,90.75,77.42
45.97,33.17,91.57
49.32,66.38,94.94
51.69,58.08,69.44
75.64,66.13,24.22
51.08,116.56,79.27
55.90,77.56,28.81
39.00,141.64,73.58
49.86,51.11,82.35
38.18,68.20,78.07
25.86,120.17,96.15
68.28,86.44,79.05
73.46,86.58,75.46
69.56,17.47,40.94
57.08,65.80,93.98
50.38,47.90,34.36
89.07,149.91,92.39
61.53,53.17,45.01
58.33,133.83,30.41
22.05,104.67,86.13
47.30,57.73,20.20
50.42,86.09,86.57
51.91,127.68,40.98
66.41,133.67,90.78
62.69,32.46,75.32
68.63,57.54,73.29
81.19,56.93,49.23
85.04,15.89,24.75
77.45,93.75,86.41
96.44,129.67,33.67
21.46,63.42,49.78
35.66,113.61,68.03
20.61,97.88,58.58
71.80,62.59,35.89
91.84,29.75,31.25
39.48,109.31,29.86
94.16,129.64,89.04
24.82,106.02,22.52
94.75,12.50,98.16
48.13,40.27,35.88
28.11,19.73,28.83
58.87,89.85,66.16
40.54,115.91,26.40
42.79,25.48,68.20
44.58,127.37,88.05
84.24,87.77,23.83
63.13,106.60,83.99
44.90,146.00,51.56
68.83,21.72,32.76
77.29,136.17,34.09
41.81,27.65,93.50
53.08,65.01,28.85
29.75,129.20,89.34
34.49,136.88,63.54
74.49,80.89,23.12
34.52,93.17,57.16
62.01,109.14,85.40
76.72,126.59,78.10
28.55,27.01,59.10
65.38,123.41,88.80
40.53,77.38,29.63
97.03,73.09,92.80
58.68,69.35,87.72
84.48,81.29,76.66
64.02,142.31,85.43
23.47,86.75,63.51
70.65,143.44,74.01
96.11,35.24,64.85
68.13,111.38,48.43
85.54,123.71,65.51
90.74,105.08,40.60
38.25,94.97,55.22
36.96,89.07,42.46
68.88,130.53,29.83
52.88,125.03,45.75
87.19,27.12,88.16
92.00,128.80,50.49
48.27,67.97,79.84
38.95,45.52,34.02
82.44,131.77,53.95
41.98,70.48,29.19
85.81,123.17,31.09
53.90,46.88,69.39
73.40,10.55,68.60
27.64,79.36,37.07
69.91,24.03,57.95
56.14,115.61,89.06
66.93,48.65,33.94
33.44,72.11,21.54
78.95,22.18,72.16
89.02,50.13,24.28
37.34,119.41,98.40
27.66,31.22,68.77
21.89,100.60,57.63
71.36,138.44,54.40
68.57,105.18,65.85
63.74,123.54,27.25
38.56,25.26,94.40
51.27,45.10,70.05
67.56,135.24,34.72
59.74,110.11,65.01
99.02,99.54,30.66
30.92,102.93,21.40
75.61,67.99,70.44
52.35,16.24,71.88
54.26,119.82,66.70
77.41,105.02,34.68
75.39,76.19,68.27
99.30,135.97,24.52
30.27,57.06,68.74
28.33,51.21,64.32
77.95,132.19,72.42
66.27,121.58,91.64
41.93,82.10,88.03
26.35,28.30,98.45
26.85,40.11,98.10
91.54,101.87,81.79
35.35,63.91,96.51
45.87,127.11,89.38
38.13,142.99,78.21
48.40,122.79,26.03
25.55,62.86,23.92
61.52,120.42,87.01
25.41,59.20,59.17
84.03,33.39,85.17
38.70,14.68,45.03
63.20,64.00,51.81
90.41,136.50,76.01
72.07,43.46,93.23
62.64,38.91,27.02
45.95,145.77,88.92
46.64,13.50,83.44
73.56,120.01,45.24
99.53,54.99,48.42
72.95,15.25,23.72
64.62,138.49,21.26
78.45,29.55,58.16
57.22,87.25,27.64
24.81,48.37,35.52
64.98,19.13,87.74
96.61,16.99,65.68
34.02,26.18,70.69
75.20,19.99,35.00
36.07,116.48,86.29
62.87,77.98,89.44
27.73,58.00,61.87
56.03,68.57,93.00
80.49,140.05,87.59
47.81,137.51,78.51
73.19,110.19,78.73
83.64,133.86,28.43
94.17,54.75,41.67
38.77,63.36,25.35
51.95,95.92,20.69
32.19,97.31,32.66
99.40,77.44,90.44
94.16,66.09,39.19
63.20,148.07,97.61
87.36,124.96,67.78
61.68,70.90,38.98
69.89,111.82,59.77
27.13,47.74,37.53
80.42,24.02,98.72
30.22,59.34,87.78
86.09,66.42,22.10
82.56,12.32,95.82
76.70,124.07,77.69
22.89,60.29,26.59
44.25,91.26,73.65
41.05,20.35,71.75
48.81,34.50,37.50
27.01,134.56,80.68
94.96,95.22,26.97
64.30,143.04,59.16
44.44,149.83,20.79
51.76,62.06,97.50
55.78,51.83,80.13
68.05,130.17,32.71
61.25,149.81,47.33
93.55,98.15,32.84
59.76,121.32,81.33
99.37,119.44,24.71
88.11,59.75,87.23
36.68,90.40,95.38
94.45,126.63,74.13
29.31,106.34,37.04
85.40,12.96,48.81
50.45,57.14,58.18
90.24,30.23,68.37
89.44,42.62,73.49
84.47,136.77,64.34
83.20,15.17,48.11
44.37,40.77,91.27
26.47,53.34,26.51
52.24,96.36,57.30
33.88,84.77,82.05
75.60,40.56,24.87
47.69,32.99,76.43
98.05,43.15,85.58
71.28,80.35,72.87
85.80,47.96,21.03
30.60,142.66,34.41
88.96,74.94,47.37
93.82,18.23,38.70
58.96,112.10,97.01
68.50,56.04,72.13
81.18,101.49,43.76
33.99,49.14,94.38
60.21,89.90,79.25
51.89,118.10,42.77
31.71,139.92,50.31
49.40,46.56,35.95
25.45,56.88,97.69
22.06,75.00,61.38
30.81,139.80,91.68
97.05,136.19,47.72
63.96,22.58,88.87
97.27,28.47,24.31
54.60,79.37,98.57
44.95,24.93,92.96
60.49,58.38,49.06
55.16,30.77,81.98
28.45,99.05,80.18
71.27,142.93,92.10
37.28,149.54,44.58
69.57,62.53,57.24
72.02,93.86,89.20
32.16,129.88,82.29
24.91,26.44,51.48
82.46,106.54,87.66
56.78,67.24,23.76
24.65,38.86,82.56
99.59,66.39,36.54
24.62,20.63,42.89
75.60,107.36,59.46
98.69,45.38,55.98
39.13,53.60,61.65
31.38,26.95,63.58
29.71,131.05,46.52
44.26,79.08,34.02
28.08,90.10,81.48
75.37,89.72,52.00
24.98,67.47,60.47
60.75,36.95,71.58
99.74,114.32,92.77
85.12,27.79,76.60
69.22,24.54,23.64
44.50,109.42,87.08
69.91,39.24,99.15
62.16,52.95,57.80
54.09,76.53,97.57
30.46,72.91,63.79
90.93,109.20,56.77
55.98,97.28,46.51
35.57,100.22,72.60
49.42,109.97,38.39
53.13,50.97,28.39
86.20,55.13,22.18
78.69,71.32,43.39
81.54,53.04,51.66
20.88,147.89,64.17
53.29,123.97,43.42
58.51,33.05,98.72
21.54,10.78,43.34
40.79,15.99,55.28
80.82,44.17,28.26
30.97,26.00,40.85
62.82,84.67,23.87
37.22,130.12,64.76
20.97,113.15,80.09
39.30,40.19,35.66
98.07,65.90,49.43
84.12,81.11,21.33
96.77,123.43,87.16
59.03,127.48,82.40
28.78,137.36,25.06
63.84,81.29,49.19
56.35,107.20,96.42
87.55,25.65,51.36
27.85,89.14,62.10
59.06,44.82,48.42
32.00,70.44,67.69
45.97,98.77,98.25
78.99,45.98,99.80
58.08,17.31,81.98
50.07,11.43,52.34
51.56,13.10,59.55
56.76,11.17,48.54
82.80,25.45,98.85
91.37,43.53,76.62
96.43,40.97,55.91
82.95,148.15,20.97
45.23,52.84,61.64
75.05,27.84,98.71
55.01,86.38,61.84
40.37,130.11,34.59
87.27,104.93,21.77
23.07,51.45,48.38
92.14,88.63,93.46
56.92,110.08,99.72
70.98,111.93,95.63
72.75,103.32,78.35
91.61,131.91,64.65
70.93,131.81,67.25
69.11,91.05,63.12
25.33,70.18,76.56
61.47,99.82,53.51
32.01,124.55,73.54
78.99,10.79,29.73
60.98,148.88,41.26
74.42,35.61,86.88
23.33,75.83,92.30
26.78,132.08,63.12
77.31,41.51,22.53
25.77,76.75,94.16
25.70,28.56,76.17
20.97,65.31,53.12
96.52,34.80,67.87
79.00,60.91,54.38
48.26,62.28,57.23
43.72,149.04,90.94
47.98,149.27,32.89
81.97,26.07,28.29
72.91,111.64,20.22
34.82,17.24,45.12
33.93,14.23,31.79
27.87,24.75,37.60
72.82,145.17,20.90
81.15,141.72,38.18
41.20,37.15,46.62
21.68,32.63,22.53
26.57,43.67,68.63
97.43,82.18,65.50
43.64,89.76,27.76
81.54,41.02,67.60
69.97,115.93,99.89
50.56,53.34,95.56
36.45,139.10,20.21
29.71,101.94,83.63
69.20,71.09,48.29
81.97,120.59,25.09
71.51,124.51,43.68
62.42,50.67,45.74
23.36,57.56,61.86
97.48,141.03,72.89
83.90,33.06,79.92
43.43,15.90,39.67
98.40,73.57,45.74
68.15,122.17,44.67
66.59,118.03,49.02
79.85,138.73,99.97
84.94,84.65,82.24
72.52,24.01,98.00
30.25,92.42,75.45
47.06,118.98,52.50
94.25,23.07,51.18
37.97,34.17,59.09
49.77,11.72,53.35
54.57,93.11,86.27
55.15,134.14,57.20
69.04,103.89,43.65
95.45,147.49,81.99
39.26,18.82,88.35
29.72,136.42,53.63
35.80,123.97,73.42
90.95,53.99,24.70
71.66,146.29,62.36
42.87,50.31,23.60
85.28,134.50,22.34
88.91,133.30,69.03
87.72,116.07,44.27
93.51,88.89,79.40
40.18,26.80,91.69
80.40,84.48,31.15
56.84,59.95,77.96
87.36,120.91,61.16
78.28,116.14,28.97
82.12,137.49,72.13
72.49,12.08,68.76
34.19,123.27,61.25
63.60,141.38,94.12
98.77,120.50,61.69
94.99,28.23,99.24
23.45,21.38,60.74
33.19,12.92,29.27
30.54,98.02,57.64
78.08,98.15,34.59
85.42,148.17,67.77
37.08,65.73,75.45
60.47,56.47,57.47
87.26,97.42,27.82
78.62,125.59,57.49
63.38,141.15,26.52
67.23,122.44,74.57
60.67,69.73,83.23
43.80,98.89,96.99
65.20,129.88,31.90
75.11,78.69,62.59
89.87,40.34,65.40
70.90,33.76,93.80
80.89,10.02,70.18
32.81,110.55,31.64
56.92,25.55,54.91
20.75,44.14,72.38
39.73,51.70,76.02
78.12,88.45,89.05
99.34,65.71,34.44
27.93,104.45,96.12
52.12,17.79,24.73
84.01,27.35,98.70
36.32,79.89,88.62
64.41,57.18,72.82
78.65,51.41,78.80
69.28,19.38,25.82
35.04,135.40,23.32
48.43,106.85,28.14
82.70,27.03,26.99
64.34,19.11,63.79
20.42,146.48,37.24
80.88,105.36,88.82
22.82,68.44,55.66
79.66,108.24,75.64
36.20,115.89,72.23
96.65,119.19,45.59
49.44,76.90,39.45
46.15,70.18,47.40
31.91,11.54,83.73
44.45,139.72,66.90
90.13,94.46,40.28
99.71,38.44,85.43
49.46,138.74,24.38
55.89,138.09,75.93
77.77,148.49,55.13
90.90,132.37,78.50
67.44,149.69,94.20
51.32,44.26,80.00
53.01,127.91,55.36
75.65,125.22,32.08
20.26,42.33,84.51
69.57,23.78,56.86
48.44,147.12,26.02
83.54,51.44,77.52
27.44,131.92,43.35
67.06,10.58,23.91
58.48,12.94,92.22
71.39,75.22,58.65
25.19,43.42,42.48
66.40,106.58,77.31
64.92,89.18,90.87
64.85,20.85,20.02
68.28,32.77,75.03
74.12,64.33,81.36
84.40,35.98,36.79
41.59,120.91,59.17
86.00,68.25,27.14
59.86,23.08,79.74
26.16,77.81,87.80
24.68,22.72,28.65
46.74,28.05,85.32
82.79,43.55,81.73
76.61,130.33,47.75
83.09,139.45,75.22
61.38,125.68,20.00
55.22,56.77,94.54
31.80,48.14,64.03
46.26,86.88,69.63
54.72,111.06,73.17
27.09,149.07,64.91
37.65,28.42,88.54
67.86,16.90,68.78
78.85,107.21,92.62
99.87,126.51,66.59
94.65,128.49,33.69
71.41,104.98,93.09
53.70,143.56,74.53
70.89,81.54,75.94
82.85,137.93,98.84
29.47,145.49,26.02
52.79,128.60,54.29
87.18,53.37,39.13
50.71,37.47,70.43
65.75,86.74,84.54
67.02,73.42,97.30
34.76,132.89,56.37
48.98,24.00,82.90
46.76,46.08,93.36
22.10,115.25,74.67
21.94,23.30,39.42
86.54,54.91,68.63
41.85,64.20,97.60
61.45,97.16,99.00
43.90,32.14,71.39
95.25,130.48,90.96
40.74,72.66,36.03
54.37,138.38,39.69
89.82,75.50,96.23
87.35,48.51,30.82
34.89,29.86,35.29
84.21,10.52,53.64
56.65,84.50,67.17
58.64,25.00,68.31
30.68,64.84,43.36
26.45,92.50,93.65
78.24,48.60,93.21
59.72,34.53,51.37
54.95,118.46,54.74
78.36,142.55,76.20
81.24,24.06,73.04
32.71,31.78,50.58
68.82,144.40,53.14
30.83,15.29,47.84
80.11,146.87,38.83
72.56,10.65,56.65
96.53,132.31,74.91
25.52,53.03,79.36
24.56,141.40,82.31
42.57,54.37,49.98
40.94,101.60,81.17
39.76,21.20,20.52
92.50,43.93,58.16
39.96,118.32,83.51
41.76,84.02,70.40
80.75,139.92,57.93
55.98,70.03,71.57
82.14,131.77,92.56
25.23,72.85,65.31
59.01,147.09,83.98
22.69,144.38,98.46
25.01,56.08,76.45
92.51,134.03,65.87
31.14,128.67,23.00
62.59,39.50,49.96
52.89,97.40,65.24
47.79,20.18,83.78
91.99,127.14,55.05
21.75,34.44,96.80
73.10,19.91,41.74
97.07,66.03,79.57
64.81,90.77,53.52
94.95,129.69,58.88
24.18,146.39,84.20
53.50,71.53,43.70
40.81,18.46,27.74
78.47,114.88,61.62
98.50,89.12,62.30
40.52,72.70,83.77
72.33,53.30,97.47
35.85,80.34,24.42
65.23,57.42,67.34
57.11,115.98,74.50
97.76,86.15,98.86
68.68,132.76,95.41
47.96,86.10,77.00
29.13,43.36,61.74
32.10,129.15,32.92
38.03,88.01,50.73
40.08,38.96,66.81
88.05,97.29,78.02
64.90,60.08,70.83
61.87,128.22,77.13
29.18,73.46,54.33
88.81,111.70,78.21
77.83,23.38,31.50
25.41,65.44,33.01
76.63,147.65,33.03
63.48,123.18,91.27
26.54,32.39,26.08
56.66,48.89,84.12
58.78,56.17,38.69
33.26,101.05,57.47
95.66,115.98,93.28
88.00,114.93,66.87
73.52,81.38,36.81
56.98,123.51,42.73
52.94,71.19,93.64
72.08,27.34,54.17
63.63,89.02,66.96
24.98,143.32,56.79
61.00,121.02,50.28
84.51,91.02,37.86
56.74,100.55,74.90
24.16,140.28,77.46
82.90,69.97,41.99
36.11,56.40,83.12
40.69,146.81,88.36
33.18,130.88,93.65
46.42,55.23,32.90
80.54,74.93,44.31
61.55,68.11,88.83
36.39,30.87,35.88
90.23,144.09,20.28
90.37,66.60,89.67
89.65,132.55,46.12
39.10,36.51,53.16
56.10,86.70,55.71
98.80,13.35,87.86
81.76,116.99,47.03
22.17,91.33,91.38
25.22,97.58,69.36
57.11,17.24,62.18
92.74,39.55,46.05
63.10,20.41,39.50
59.83,50.45,69.92
28.44,97.84,55.75
72.54,89.27,92.84
85.77,95.70,59.33
50.43,86.90,60.94
82.05,48.22,53.34
97.16,44.23,83.14
36.30,29.19,53.99
61.87,128.87,41.55
42.97,96.31,88.96
83.43,36.11,67.75
66.21,34.81,67.32
70.77,132.22,68.87
83.83,113.98,77.51
51.68,102.32,45.05
93.21,66.96,22.71
62.64,46.68,84.85
32.64,147.12,30.31
75.67,121.61,77.75
83.46,52.25,26.59
45.34,128.66,50.02
88.57,116.25,25.04
92.49,51.59,61.78
42.15,69.72,72.25
98.68,36.03,33.71
31.26,25.55,49.73
36.16,111.19,94.42
34.74,47.45,55.39
91.52,124.81,84.20
72.34,149.39,94.17
32.17,20.73,97.95
55.23,76.22,91.87
69.22,122.29,45.39
26.68,120.45,97.01
90.59,116.40,84.99
84.29,58.86,86.97
60.42,73.54,21.21
97.37,93.30,96.34
53.42,146.35,82.25
98.73,55.86,81.44
73.43,139.24,26.52
70.77,47.71,38.61
33.28,148.47,96.98
90.55,103.84,60.05
54.20,74.89,51.83
32.98,95.87,87.20
21.01,48.15,26.99
64.78,48.38,53.36
62.19,25.90,50.06
77.55,25.97,47.99
91.22,58.67,44.62
26.35,116.80,36.81
78.52,95.12,33.83
34.99,24.36,71.23
88.65,129.31,93.55
85.53,94.19,60.71
63.26,144.52,43.84
76.82,103.83,32.73
45.15,34.52,86.41
57.69,76.33,97.72
85.73,100.79,47.93
56.74,13.96,43.28
48.62,12.09,68.12
59.54,28.12,82.03
86.26,45.23,56.43
46.82,70.14,70.41
33.90,78.24,77.32
76.96,29.32,96.85
86.08,104.27,33.20
28.05,93.46,99.79
39.19,51.22,51.37
31.36,11.91,77.86
47.84,20.87,65.79
56.03,64.84,58.93
79.91,31.56,75.85
72.09,62.75,51.66
69.67,97.95,30.09
48.19,86.61,59.11
87.32,42.36,61.75
57.70,58.14,36.15
98.33,95.96,94.85
70.73,130.52,38.20
30.10,115.45,52.74
74.09,87.48,32.39
46.01,60.72,62.86
74.91,61.11,44.61
25.57,133.12,59.14
33.99,15.49,37.97
88.46,148.32,24.30
38.17,103.01,82.34
86.96,105.36,71.29
42.34,15.32,47.26
71.43,94.77,23.80
75.53,77.87,89.25
61.01,24.81,33.58
44.42,48.91,94.46
37.01,134.64,58.29
22.66,87.00,47.23
44.32,67.88,79.34
72.25,20.18,90.15
95.06,109.98,49.66
89.70,108.40,52.59
81.29,95.97,54.65
83.08,81.44,93.79
73.20,70.73,75.41
40.82,93.06,39.81
92.58,42.68,34.80
73.66,141.78,38.43
64.84,92.43,41.09
28.88,53.57,38.41
55.76,72.96,72.68
56.83,122.80,29.27
89.17,32.63,50.99
63.73,51.00,70.00
50.43,105.13,43.27
98.14,54.17,25.22
28.86,120.95,26.55
53.80,28.26,30.08
23.36,116.78,86.87
79.19,19.57,72.63
93.45,11.76,25.16
42.40,135.75,51.29
88.67,91.39,42.29
43.38,59.26,66.24
92.86,42.56,61.82
80.32,96.36,58.49
84.39,81.26,45.16
21.44,148.82,31.02
97.02,147.65,79.39
78.13,98.90,90.39
44.38,72.00,95.53
86.35,78.76,24.69
42.52,105.55,79.19
89.82,24.22,78.12
29.01,55.97,95.77
76.29,20.54,40.23
63.26,20.27,79.37
27.72,37.42,24.37
39.35,77.94,70.50
20.99,119.87,48.07
57.50,77.97,81.51
44.10,56.97,89.06
67.87,21.53,49.19
43.78,87.04,62.05
43.99,47.98,29.39
79.46,96.09,53.35
23.85,146.81,48.86
92.23,25.58,34.65
88.18,39.70,91.56
73.42,76.23,31.85
67.46,145.61,70.86
91.38,118.05,91.21
34.83,135.75,92.96
26.32,56.72,83.46
39.16,148.89,34.09
83.57,24.40,85.39
22.77,17.42,42.13
66.62,129.78,93.79
99.64,139.82,76.73
88.46,22.68,82.82
61.72,25.88,26.80
25.09,14.64,66.62
86.51,24.63,85.69
67.92,39.32,88.93
29.19,145.81,22.29
27.51,103.50,95.13
92.77,119.00,23.47
73.54,118.66,69.16
86.34,84.91,75.47
90.32,121.65,28.59
65.74,93.41,23.84
61.40,54.04,82.79
54.43,88.56,50.77
45.36,84.69,28.57
54.77,125.28,81.01
81.91,147.44,87.93
68.15,67.55,66.99
91.40,116.87,32.90
55.47,23.97,21.22
68.57,118.76,76.06
70.50,62.00,64.01
67.34,15.51,72.06
76.21,60.85,85.05
38.99,95.49,54.74
60.99,26.70,29.96
28.34,139.36,95.20
50.76,20.87,63.62
59.01,140.20,69.22
72.18,109.00,94.67
96.04,56.16,94.53
68.05,64.71,65.77
79.49,113.71,43.81
60.50,94.21,99.77
70.73,104.03,74.47
25.67,64.48,52.67
40.35,78.29,64.79
48.95,148.58,53.27
57.80,39.95,91.06
23.65,68.50,58.60
31.20,50.86,85.88
42.15,117.12,87.21
97.72,116.96,85.95
46.51,50.94,77.78
58.56,21.39,88.39
35.69,11.60,50.98
68.86,69.84,29.17
42.45,67.45,87.40
36.56,148.37,59.85
61.33,75.77,30.19
20.44,45.90,29.23
20.61,134.77,32.74
37.53,78.75,80.08
22.94,93.88,76.87
28.64,23.39,36.31
47.11,63.61,87.75
84.21,142.19,42.50
65.76,92.53,83.44
61.01,58.23,59.10
43.48,97.59,78.52
94.54,137.46,50.51
51.76,48.36,47.77
26.97,80.72,87.31
69.37,144.22,22.82
29.11,34.14,97.98
47.62,110.75,71.85
60.59,96.03,54.60
89.94,105.15,70.24
59.48,59.17,29.82
76.18,53.94,61.12
99.43,105.79,98.81
30.52,40.18,38.82
41.98,68.75,77.78
51.57,36.34,54.80
53.75,11.16,72.20
52.88,145.81,36.39
92.61,70.44,57.64
77.12,145.71,98.41
68.63,29.65,35.62
44.75,92.23,70.92
85.90,38.14,66.05
96.40,120.61,65.20
85.70,119.72,69.21
20.13,25.77,60.18
70.91,137.69,21.35
24.09,37.25,92.01
40.61,95.82,86.16
24.76,147.99,33.93
68.30,133.54,53.06
74.93,143.92,81.64
29.16,57.96,98.40
50.71,24.78,96.09
56.50,36.37,91.95
49.52,80.07,32.67
29.68,121.05,93.16
53.52,31.02,90.28
80.09,102.36,50.16
25.68,55.30,51.56
26.41,57.77,56.79
48.38,102.67,72.49
95.34,75.38,40.87
73.49,123.68,21.84
74.29,31.83,31.30
48.95,120.59,55.21
67.49,18.99,42.56
20.81,37.17,81.16
70.89,101.86,28.54
93.06,129.69,93.40
69.01,45.38,91.63
89.90,55.81,92.70
77.92,85.20,79.17
29.64,39.62,28.56
92.20,123.56,55.05
25.32,118.31,30.51
62.72,30.34,99.02
31.37,74.94,46.64
20.94,118.48,66.83
53.76,57.23,82.35
43.60,98.63,93.65
58.88,17.03,80.44
66.18,95.22,73.96
23.50,31.37,57.28
29.84,126.28,68.43
64.69,59.76,27.53
47.45,49.42,90.71
78.33,127.72,63.50
72.18,17.02,23.21
87.65,65.53,93.59
75.40,61.80,59.14
54.39,49.87,89.49
73.84,137.65,88.55
42.03,115.13,85.26
44.51,18.95,24.91
83.12,110.06,39.77
55.71,83.82,90.04
83.87,136.12,91.92
85.79,53.81,56.65
88.60,90.38,55.20
93.33,80.11,34.01
54.48,78.54,97.47
45.51,73.85,37.05
66.58,38.79,35.27
49.69,115.80,72.86
68.09,73.19,39.43
76.45,144.19,95.10
75.07,46.51,20.87
49.96,105.58,20.46
33.35,141.70,60.39
54.44,102.88,59.04
31.41,131.98,33.07
91.21,125.85,59.56
47.67,60.42,52.93
32.36,94.02,91.23
22.04,31.88,20.74
71.67,84.97,98.10
70.95,42.26,69.95
47.25,114.12,32.15
25.74,83.93,23.74
52.77,67.57,63.05
44.90,47.63,38.79
74.17,149.82,44.09
68.46,20.04,39.61
49.17,16.10,72.01
37.43,40.42,64.28
99.04,145.95,26.24
56.32,147.09,62.12
75.06,101.69,83.30
31.24,133.21,26.50
58.85,39.95,91.18
22.20,146.09,66.26
60.44,29.99,96.05
97.12,24.16,31.85
50.74,25.71,99.49
23.12,90.24,71.54
22.48,119.34,65.40
51.04,61.33,61.22
32.80,146.91,21.89
21.87,70.82,95.17
80.50,31.06,71.52
56.68,75.24,27.33
43.14,105.07,21.68
92.01,126.51,24.06
29.29,74.23,68.75
96.47,93.10,69.12
45.12,47.43,59.97
91.07,100.43,44.54
68.24,148.04,62.54
86.14,16.87,61.30
98.72,134.11,21.55
43.07,88.72,42.60
96.89,45.29,24.25
51.16,143.68,92.01
50.84,77.67,78.02
47.23,56.44,99.69
63.31,35.41,44.17
32.33,44.22,90.28
64.30,126.60,68.24
63.34,96.02,56.25
80.95,137.85,37.81
86.69,42.48,79.07
55.24,26.96,92.33
44.19,10.85,38.82
40.75,81.10,34.03
35.57,149.76,75.70
24.61,107.30,98.16
47.40,53.18,80.00
41.62,132.76,42.77
97.31,119.44,53.60
64.62,12.16,50.75
47.78,124.36,88.17
66.44,52.07,81.71
31.14,30.95,67.12
55.52,41.69,42.00
70.10,75.60,95.04
59.11,69.48,72.27
52.14,50.44,97.64
99.51,34.11,66.41
90.43,116.71,85.70
69.87,148.62,85.05
65.55,118.89,46.99
69.65,51.43,97.12
36.10,44.27,21.76
51.61,40.47,81.50
23.16,29.14,97.24
58.04,87.19,47.11
63.44,94.76,71.85
38.22,108.77,64.98
97.12,105.23,80.92
92.76,50.93,89.29
77.77,56.24,68.24
62.67,105.41,85.27
89.60,58.92,44.98
30.45,39.77,38.29
83.24,62.41,54.45
29.99,48.09,74.22
83.54,22.36,34.98
42.06,126.22,74.43
90.17,129.44,51.53
95.52,40.77,83.65
31.90,19.07,22.95
57.01,113.44,73.44
98.48,39.61,71.99
58.67,65.08,95.27
89.08,18.98,77.07
67.10,41.68,83.70
50.03,121.01,92.37
42.86,122.62,74.00
36.26,38.99,43.21
80.94,57.03,89.58
50.92,28.79,79.81
60.90,20.38,53.96
59.39,148.90,76.84
66.18,101.78,89.42
89.25,85.89,98.05
98.46,117.17,96.19
52.61,127.61,46.03
86.20,122.94,53.74
81.16,12.32,28.76
65.88,36.15,39.80
96.48,101.69,90.59
36.04,62.61,48.87
28.74,147.55,69.64
88.32,103.16,73.28
55.13,143.92,82.55
87.76,38.20,34.62
91.45,130.95,44.39
25.00,54.99,55.87
90.68,148.54,49.19
55.87,32.08,98.63
60.83,82.29,86.80
70.13,121.00,58.37
94.11,70.57,90.34
21.53,75.53,47.81
58.15,148.09,82.87
75.02,69.54,37.89
77.82,94.57,81.79
75.40,17.64,56.52
30.75,127.91,28.60
43.95,100.74,41.86
48.70,66.56,52.18
84.35,12.26,79.94
42.30,92.83,25.84
36.86,11.77,72.76
96.60,10.17,77.28
20.71,96.25,72.31
99.83,36.46,80.85
74.15,36.86,34.25
86.28,101.46,66.97
43.57,17.52,95.29
21.15,53.88,68.86
79.03,30.92,68.91
86.73,91.22,78.92
79.24,102.65,46.66
31.43,110.96,76.04
80.27,45.73,93.30
81.51,22.49,20.87
72.68,21.02,89.61
81.29,69.66,37.49
87.67,142.42,56.47
69.09,40.48,88.19
27.09,45.94,85.91
59.01,24.12,91.35
26.21,94.78,95.23
52.60,105.18,55.77
52.57,100.01,72.51
25.28,130.56,51.24
47.91,78.10,48.06
28.88,28.82,54.53
84.66,50.52,79.45
95.82,102.74,60.12
25.79,95.84,85.12
96.41,84.34,79.62
61.81,105.62,21.64
43.97,99.23,70.42
26.15,133.39,54.93
60.05,92.04,56.53
83.56,119.00,85.47
76.57,44.82,63.81
24.02,104.95,90.85
25.83,136.31,77.02
52.23,64.00,64.23
43.62,119.07,80.36
38.59,111.47,23.07
42.48,18.33,22.17
84.28,91.41,26.67
94.34,28.23,55.01
52.41,145.42,38.84
92.49,123.60,98.74
45.72,25.36,63.38
58.11,27.05,72.99
38.08,93.23,42.31
71.24,58.28,45.74
98.32,14.89,46.84
68.28,85.83,75.90
48.63,64.30,57.90
71.83,24.15,61.41
29.83,122.27,67.36
91.09,138.11,81.50
60.25,115.92,27.23
55.95,125.14,82.15
66.87,40.31,65.06
69.98,46.90,73.53
25.74,39.19,46.20
74.61,117.11,52.75
39.35,142.71,38.49
77.12,110.36,98.34
85.80,133.41,59.76
84.32,99.42,99.69
64.20,64.27,59.18
61.61,69.61,37.58
31.43,20.55,60.60
82.03,14.40,23.17
41.71,107.37,92.38
59.74,71.38,85.48
42.74,87.31,78.07
30.71,88.07,68.79
70.36,48.83,66.39
24.35,76.62,99.74
79.89,75.91,42.24
45.41,64.38,82.37
20.01,124.89,66.51
60.89,73.16,98.07
23.75,94.51,86.22
42.09,135.37,99.88
76.56,131.27,67.07
25.02,134.66,36.36
87.15,47.80,60.29
20.31,14.90,76.89
39.75,46.55,81.95
79.27,49.02,20.04
45.30,137.31,60.40
28.15,100.89,38.82
48.82,21.44,89.99
41.63,28.95,32.23
87.42,31.79,73.32
45.07,98.26,41.28
83.11,112.96,48.52
91.35,130.35,95.24
54.71,141.69,39.24
92.80,38.24,27.60
50.19,53.37,25.54
97.13,43.65,60.37
27.14,60.23,71.34
74.96,138.05,46.18
59.51,90.52,75.22
51.01,113.35,24.88
70.62,78.62,88.59
76.31,14.04,85.33
20.35,18.99,98.84
33.36,85.31,94.92
77.04,110.63,48.50
73.31,40.15,51.94
97.28,111.07,79.68
80.88,123.49,30.73
96.06,67.67,45.12
76.20,114.50,29.48
43.84,66.56,56.39
28.43,104.97,64.16
82.55,116.96,36.89
71.53,148.87,22.13
23.85,58.36,77.55
48.80,67.55,21.60
96.54,33.19,97.87
60.03,38.57,37.73
54.62,107.08,73.11
56.62,138.39,54.78
36.71,65.24,24.77
49.50,35.18,57.77
49.59,49.91,61.34
24.19,73.71,88.37
81.41,50.69,78.59
53.32,42.70,26.34
85.77,113.04,36.73
88.03,11.10,44.95
36.96,85.49,29.31
72.59,121.13,56.55
57.78,47.27,98.74
90.41,94.46,61.17
37.26,103.65,79.35
74.23,101.70,74.64
68.62,72.42,87.99
43.62,58.52,37.26
30.93,127.03,80.31
72.13,116.18,90.51
79.09,54.98,33.72
45.25,24.42,47.74
71.59,20.05,97.61
51.61,23.20,82.46
77.06,91.60,42.61
35.94,17.23,65.12
91.22,57.17,52.35
42.99,115.45,59.20
49.42,51.21,48.41
24.65,116.86,42.35
28.92,114.37,73.98
61.27,44.42,82.28
41.41,112.04,89.92
86.84,114.69,32.43
21.18,65.64,85.83
50.33,39.46,40.38
46.99,82.98,54.19
21.55,139.00,92.12
29.95,99.55,56.36
53.09,34.21,35.77
59.43,105.59,32.79
52.34,69.81,57.84
62.48,92.81,81.01
67.61,112.77,99.78
20.79,82.09,82.99
57.13,123.96,90.16
97.08,111.10,79.83
61.52,96.11,91.63
74.20,31.11,26.10
44.95,127.03,94.39
81.92,141.03,51.71
81.83,29.18,93.73
61.70,78.35,26.06
98.08,46.24,77.22
30.04,115.63,78.86
21.36,111.03,99.75
81.61,29.72,81.51
84.57,132.78,50.61
29.62,35.34,64.58
41.25,121.62,49.32
21.40,73.98,35.68
43.46,55.96,39.88
81.85,32.15,37.76
61.44,33.47,63.91
47.85,102.66,92.49
49.74,87.06,93.02
20.11,27.09,24.38
43.98,25.78,26.39
71.72,20.12,39.61
97.94,114.13,40.40
87.76,109.66,27.59
21.89,18.18,51.08
91.88,88.44,67.02
82.66,21.85,66.25
82.43,136.52,63.47
56.64,137.00,47.09
51.84,107.75,76.52
44.23,139.67,86.12
25.26,123.60,47.70
38.26,126.00,26.84
39.73,89.76,43.71
58.73,52.85,30.99
79.80,40.49,57.39
57.90,55.81,32.47
24.63,97.99,57.03
96.62,34.17,37.68
95.42,46.21,79.10
82.82,75.53,22.21
99.31,42.63,64.38
63.56,92.41,33.56
97.02,139.24,20.08
26.05,114.73,89.54
49.25,103.30,73.72
38.03,91.58,27.92
35.67,78.31,73.13
31.26,36.12,68.93
69.79,135.26,57.87
82.51,44.80,53.54
66.26,22.78,90.97
31.76,115.00,39.61
84.89,34.59,51.86
70.88,62.07,46.33
51.05,13.96,81.70
73.93,29.19,93.32
40.79,34.25,87.98
47.62,17.62,83.82
93.40,101.93,98.94
43.24,127.18,75.77
57.60,62.26,80.08
91.21,132.44,98.62
76.62,39.87,20.56
24.98,55.55,70.72
31.78,31.10,79.12
20.63,96.88,93.43
70.47,68.78,90.71
55.81,95.86,87.36
30.74,116.63,95.66
96.63,86.40,62.99
62.37,97.87,20.55
39.35,140.94,20.88
60.05,51.87,63.57
74.37,60.28,54.82
26.10,110.48,56.10
41.98,95.58,52.03
84.56,34.99,93.42
56.77,62.66,48.73
63.73,75.50,88.50
54.63,68.71,92.23
23.51,34.96,59.96
33.26,139.42,55.76
55.64,116.72,80.88
36.73,77.39,76.64
24.00,105.21,46.28
87.49,135.62,28.20
98.50,29.06,41.19
83.45,45.05,30.48
88.30,85.98,43.58
39.36,121.86,40.95
96.85,15.08,71.02
35.75,147.76,96.36
96.11,73.69,74.86
99.59,60.29,94.13
76.94,50.98,82.73
98.49,34.41,78.23
65.56,120.82,53.12
40.76,143.76,45.98
54.96,67.91,87.70
67.48,143.34,92.43
25.85,125.33,56.15
69.79,77.35,20.73
98.49,104.36,83.40
35.21,70.90,42.81
83.41,88.22,20.79
92.63,18.13,84.40
95.50,107.48,61.39
96.81,17.40,74.82
61.72,124.39,93.18
98.18,125.49,63.29
80.58,43.19,60.26
32.93,55.31,43.25
58.15,77.38,44.42
77.47,93.53,83.72
39.79,50.23,55.92
71.25,92.95,33.08
73.33,51.69,27.56
33.02,17.77,57.83
65.21,10.35,57.20
81.73,24.16,72.28
59.91,120.92,57.69
20.97,144.60,31.48
20.72,69.78,60.62
48.56,81.78,92.54
94.10,30.56,32.76
38.29,87.14,75.18
70.75,30.25,67.51
37.77,95.57,79.89
45.73,140.66,32.05
87.84,37.40,95.33
78.31,117.04,69.68
27.63,13.29,87.77
54.30,62.57,39.73
22.33,25.50,79.15
58.47,59.35,82.48
72.99,34.30,51.79
29.48,62.26,50.72
43.11,68.45,72.62
51.83,52.08,27.47
93.56,101.93,78.85
99.46,138.64,23.43
23.59,66.08,35.25
80.88,36.93,73.13
49.74,47.90,27.87
51.40,129.56,97.75
80.34,90.03,89.47
93.47,73.70,70.10
96.07,30.95,85.52
66.17,72.96,91.01
48.57,48.99,40.76
83.00,142.04,87.95
40.08,133.77,35.58
65.13,21.75,53.07
48.69,82.33,64.66
72.53,41.51,77.11
39.23,67.51,22.41
35.33,132.76,43.24
93.46,83.85,68.68
28.14,56.79,48.59
60.48,39.10,82.00
37.67,122.05,72.13
23.11,97.43,38.75
22.88,75.53,31.67
34.02,40.45,70.32
89.34,56.79,56.04
42.60,144.38,33.52
96.04,82.81,46.11
66.53,66.10,44.24
54.93,83.00,28.65
66.41,119.06,63.75
61.34,57.62,81.09
80.70,35.02,66.04
42.60,91.89,86.10
48.24,103.13,30.21
91.53,109.78,54.85
95.72,133.48,68.75
91.40,61.96,74.08
53.56,20.55,75.66
82.43,144.17,78.32
58.11,70.90,72.11
59.80,97.26,27.54
36.37,103.28,75.62
67.29,86.51,77.98
34.89,38.74,99.48
46.53,115.72,75.47
88.40,122.53,74.95
36.57,87.42,61.19
25.69,78.40,89.43
25.52,25.95,99.75
95.26,21.75,82.32
60.55,57.54,69.00
52.75,53.52,26.32
84.87,143.51,78.14
86.87,119.71,76.68
46.58,102.39,82.05
75.49,82.47,29.96
81.69,33.43,72.30
72.37,146.98,43.66
32.13,62.51,80.82
90.07,24.97,39.23
63.13,79.13,74.72
42.60,132.36,43.60
54.02,134.22,20.72
23.01,11.54,70.67
30.23,134.08,29.06
81.24,48.01,72.74
20.00,15.46,94.05
53.33,128.69,97.54
61.80,130.94,38.87
24.37,93.47,84.74
97.85,90.42,48.28
38.09,123.84,92.04
44.34,120.08,83.00
44.32,134.61,25.91
38.43,87.38,52.57
20.12,145.47,46.99
78.35,149.46,82.81
97.35,26.32,52.82
37.94,128.94,74.77
73.04,79.98,68.19
79.35,64.26,98.05
87.87,95.83,95.02
53.81,17.84,54.22
44.23,80.90,77.89
46.02,131.92,86.36
77.01,39.88,91.91
85.34,69.69,25.45
34.53,141.53,44.17
49.68,70.00,45.62
92.16,60.17,54.76
84.54,71.68,33.54
98.79,82.72,59.70
80.34,98.48,73.06
51.46,122.10,59.79
67.25,73.29,73.26
72.88,124.45,25.32
26.28,84.72,90.08
63.56,57.39,95.13
76.75,102.11,69.43
33.39,110.48,90.51
82.45,88.13,30.52
66.70,17.93,83.80
96.18,33.78,29.53
23.39,49.94,52.64
41.23,49.57,45.91
68.12,104.28,66.85
43.72,12.57,44.12
77.15,115.80,70.99
80.72,47.15,49.39
28.20,53.40,88.86
61.11,83.91,70.71
60.71,40.23,37.22
49.54,133.83,46.89
94.63,21.95,87.79
86.20,72.21,50.92
75.78,128.92,62.86
77.15,96.22,71.92
56.94,50.93,47.82
93.68,68.91,43.52
75.57,108.94,58.02
78.32,146.26,37.19
88.94,135.04,42.74
41.93,57.94,24.97
84.57,149.75,44.32
35.62,10.49,45.66
47.63,13.87,96.95
46.85,125.34,67.18
98.28,37.92,82.99
88.52,18.51,23.63
76.09,43.20,28.52
78.16,69.65,85.16
64.97,112.28,69.88
95.77,97.41,35.28
59.70,43.27,52.38
50.44,80.46,63.09
33.04,139.67,87.49
82.90,124.10,24.83
78.76,55.25,67.74
50.75,147.52,77.36
22.02,109.21,98.23
87.12,18.74,84.57
20.91,14.92,42.10
76.30,33.58,76.77
97.62,111.90,81.06
55.01,35.72,78.38
38.80,81.61,85.61
76.39,23.06,92.30
85.37,138.92,27.87
63.71,58.15,28.38
97.36,137.14,83.71
24.13,142.28,40.19
60.38,10.86,24.68
77.48,74.98,52.10
89.01,13.45,85.59
34.34,137.22,30.13
84.00,82.58,73.75
64.22,20.49,20.29
51.72,25.44,28.78
30.54,63.69,48.07
89.22,141.63,26.69
32.58,107.01,87.67
44.78,131.47,89.13
43.20,61.30,80.45
89.71,16.05,39.40
73.82,146.40,61.86
83.73,12.40,34.74
40.04,142.67,42.50
69.99,61.61,61.28
65.74,11.41,78.80
86.63,106.48,27.57
92.49,147.28,43.74
20.97,145.19,94.13
73.92,32.53,54.33
24.15,35.37,95.11
63.91,89.18,99.31
43.01,99.22,62.13
44.54,113.52,43.04
48.24,35.35,83.26
69.70,144.26,32.74
46.72,99.42,40.16
78.62,128.59,82.79
52.36,85.61,54.69
25.47,68.00,36.12
82.70,146.81,72.09
42.86,91.50,78.62
54.62,131.36,30.01
74.84,143.46,42.16
46.60,104.55,37.70
24.53,86.85,50.39
49.91,10.49,81.08
95.56,15.60,77.10
71.34,38.12,73.00
73.72,36.04,20.50
70.58,45.67,31.37
35.92,52.69,37.86
53.47,60.41,41.76
80.08,68.88,31.71
28.11,23.84,52.83
42.23,15.93,26.01
42.11,104.35,80.00
54.56,85.23,83.02
98.43,72.18,65.94
25.40,98.82,27.18
61.50,125.88,91.21
34.35,69.88,97.25
97.65,99.76,36.19
29.06,143.50,76.37
52.29,127.55,87.36
79.03,69.64,63.19
76.36,100.26,45.87
53.82,34.79,58.28
47.72,88.47,60.98
51.81,147.39,52.05
41.14,82.56,94.39
36.43,139.87,79.51
58.64,67.03,39.30
41.48,149.84,66.84
43.00,91.09,75.10
72.54,15.92,31.21
97.48,92.15,48.67
68.29,48.44,92.44
26.16,14.55,65.37
26.05,124.92,37.36
96.11,48.60,29.82
43.78,121.52,61.46
27.37,50.35,63.81
67.92,37.21,46.75
69.89,146.35,70.43
71.88,60.63,25.49
41.39,94.19,31.61
21.21,95.40,63.70
97.20,88.47,24.95
40.07,138.06,90.47
74.08,104.42,31.37
76.53,66.52,73.91
68.80,130.73,51.30
45.03,35.35,51.98
41.69,86.19,81.19
67.81,143.08,59.96
89.29,97.56,78.05
95.74,124.38,60.42
28.47,101.50,67.43
32.39,127.51,80.86
95.58,142.23,68.58
78.92,48.21,69.25
90.64,33.75,83.14
36.21,77.76,95.93
67.01,108.26,50.14
76.09,41.81,66.17
74.41,10.57,26.90
52.65,58.01,48.70
21.23,145.64,52.96
66.63,107.30,86.82
40.25,66.19,61.07
56.02,36.96,78.49
96.61,59.85,21.52
51.92,33.78,57.16
87.18,24.88,92.11
35.08,136.94,37.95
73.80,149.67,22.52
98.16,32.98,54.67
28.15,17.63,76.35
20.67,56.16,56.36
54.69,74.63,56.80
27.41,38.67,73.58
79.87,52.20,40.35
93.16,38.12,80.15
54.72,118.40,32.25
40.70,109.76,51.66
54.75,98.89,72.48
77.88,64.21,86.27
20.72,137.27,83.32
67.16,145.73,77.73
69.06,34.31,48.73
71.02,41.22,29.78
39.36,83.59,37.35
77.12,22.78,89.19
27.31,71.10,88.59
35.94,91.45,96.12
90.20,83.09,26.08
79.10,56.33,62.94
21.10,85.94,71.89
39.87,144.23,76.85
37.15,38.84,71.51
41.66,101.68,81.60
39.80,16.08,48.76
25.00,19.30,34.35
56.72,87.26,36.37
78.62,24.69,20.96
68.54,13.13,48.03
73.83,34.01,27.34
26.49,89.08,45.72
96.12,108.47,70.26
87.08,38.35,91.56
84.41,103.56,87.17
85.84,35.55,40.21
94.62,95.88,30.73
63.54,67.67,35.45
36.02,101.53,97.68
69.34,149.31,63.96
79.43,141.29,34.60
79.03,10.60,87.26
61.72,133.96,51.62
25.48,19.31,91.94
49.69,143.43,40.85
93.66,49.46,51.46
66.76,63.48,60.40
63.07,22.83,91.41
41.51,25.72,89.50
49.48,111.74,65.95
91.63,142.21,37.74
73.32,95.50,52.27
82.99,110.22,98.05
56.35,116.68,68.62
70.42,46.79,82.49
39.87,16.33,55.99
76.44,10.26,62.56
54.21,59.09,54.32
55.40,43.80,76.23
71.95,18.72,88.12
94.90,35.13,60.59
25.12,27.43,58.47
85.98,138.08,47.22
43.39,29.64,34.17
55.51,85.27,95.14
21.75,93.03,45.29
44.08,86.09,84.06
60.21,23.87,77.23
24.49,54.63,83.27
59.29,17.18,94.94
94.17,65.39,69.87
28.43,36.40,91.84
81.16,88.63,33.42
52.77,106.99,70.14
72.41,84.50,81.78
40.82,70.79,41.73
32.76,64.23,79.26
32.84,127.84,82.28
25.64,40.71,86.50
34.85,112.79,45.03
73.14,116.05,74.53
90.54,68.69,44.34
85.13,51.62,79.12
74.81,75.88,57.04
28.83,23.05,67.80
43.13,16.43,53.27
44.78,25.62,32.96
40.00,36.20,34.24
61.20,80.58,26.21
62.84,128.88,69.45
48.55,42.99,87.89
48.30,140.92,21.67
86.28,143.69,25.30
83.14,144.25,56.60
44.62,127.26,79.02
93.10,60.94,32.62
96.23,20.18,41.73
46.14,89.63,38.56
48.35,88.22,51.92
60.45,129.00,38.00
95.29,149.44,48.21
90.11,81.14,78.28
28.21,58.33,68.88
51.42,36.03,26.49
64.27,10.67,71.02
60.25,81.28,58.17
35.51,87.77,94.77
88.71,125.49,43.14
74.16,80.64,78.09
87.03,138.31,78.47
88.70,97.93,37.72
79.87,127.65,92.26
55.14,30.76,59.29
68.84,129.75,74.31
32.83,104.52,31.67
73.89,33.83,40.62
34.34,36.57,66.89
75.52,139.71,45.52
38.37,14.51,59.98
29.40,74.75,49.92
33.22,53.89,71.24
20.16,103.11,58.97
77.50,127.55,20.37
78.59,60.45,71.97
61.19,69.77,53.77
32.91,147.47,47.34
26.68,119.75,27.53
21.53,135.61,37.63
33.26,71.43,37.90
91.27,42.77,94.83
39.32,67.66,54.60
48.34,110.25,23.37
28.43,25.32,31.11
37.79,47.87,26.32
61.54,16.53,67.11
68.62,70.53,34.93
39.63,125.84,59.88
24.62,13.45,49.60
51.28,104.55,84.31
38.74,140.55,45.64
37.56,43.17,56.66
96.79,107.11,77.70
69.30,146.51,54.67
64.55,144.72,83.46
53.26,42.89,72.93
54.32,24.05,52.84
63.27,30.76,60.32
75.71,108.28,97.38
76.17,111.61,72.93
33.74,104.39,92.40
60.01,57.05,34.30
52.96,33.77,58.66
89.64,91.31,92.69
70.51,77.72,45.81
62.60,112.04,97.41
29.23,71.79,27.77
68.45,57.41,92.21
29.38,51.09,55.62
46.98,39.61,25.90
31.43,47.20,90.36
75.37,23.28,40.16
36.50,58.56,21.78
51.35,15.12,30.86
91.65,36.10,72.73
36.35,114.55,98.22
60.62,55.57,28.92
53.54,103.55,56.96
21.45,110.36,34.45
83.42,91.37,79.60
25.52,144.22,29.44
57.94,13.00,39.19
64.85,113.41,35.71
70.27,144.23,64.20
75.09,130.72,89.85
40.26,33.50,60.89
20.80,55.75,24.66
77.88,34.14,65.07
62.85,94.18,83.80
86.89,109.71,30.57
85.71,54.39,25.82
87.47,85.53,35.02
58.81,106.73,79.69
46.69,68.99,67.33
83.32,129.56,63.25
56.10,118.02,39.96
34.68,19.05,46.58
88.40,96.96,97.27
90.60,42.95,39.25
57.30,88.05,92.13
26.06,143.96,66.44
51.03,133.07,29.86
84.28,66.63,57.38
92.14,50.81,95.88
36.28,42.82,53.49
25.36,84.55,89.07
90.19,25.99,40.51
51.15,86.90,65.67
63.34,10.19,87.51
97.45,55.34,93.66
25.33,40.79,58.87
71.87,145.97,71.18
25.93,111.81,20.24
50.04,58.95,40.26
84.31,23.00,42.30
54.68,82.35,27.48
99.77,39.88,42.38
64.72,85.10,45.69
45.69,126.95,97.50
37.61,96.21,73.49
48.04,98.73,54.08
49.80,85.74,99.04
25.50,139.82,32.26
49.57,140.47,58.08
57.14,81.78,71.76
77.82,52.81,24.45
72.54,74.34,77.36
76.70,36.12,27.99
20.67,99.09,31.22
37.41,80.01,32.78
72.93,24.46,94.31
58.72,37.67,74.66
20.43,77.15,72.43
84.36,134.26,64.44
81.82,89.29,43.42
63.87,105.41,69.67
25.32,57.46,52.81
81.32,90.00,31.63
66.70,72.63,75.17
82.56,102.28,30.37
80.14,17.08,35.25
84.24,79.06,85.42
61.44,51.44,72.81
31.23,55.67,70.48
73.69,144.53,53.46
69.64,35.58,51.70
79.38,53.57,75.22
33.59,81.38,79.20
35.60,130.82,60.82
91.23,68.33,97.54
80.00,114.14,96.46
92.66,129.89,52.99
80.70,53.40,85.65
67.77,64.99,63.46
72.33,59.92,60.94
91.13,126.60,24.40
66.30,16.21,65.92
70.59,53.18,92.05
32.52,105.12,82.41
57.91,89.16,82.91
77.31,71.08,32.79
41.68,85.59,48.68
36.18,37.66,38.66
45.11,70.30,45.27
39.32,80.24,66.36
37.19,136.17,49.18
53.99,46.52,64.86
92.63,131.50,55.08
60.56,100.19,42.93
35.03,12.85,27.63
26.16,111.45,91.35
75.69,14.98,20.91
50.62,149.63,20.13
85.75,132.17,86.14
72.76,51.63,99.74
83.70,46.04,78.17
41.76,63.40,21.22
75.39,59.86,38.14
41.12,62.13,97.75
95.13,54.56,84.69
70.91,96.96,65.34
45.96,33.00,38.95
41.56,128.44,21.15
35.27,123.74,21.67
75.57,76.71,68.96
37.50,129.38,21.75
67.62,44.60,99.49
41.17,12.46,34.67
72.96,96.69,76.86
85.20,74.11,32.40
82.24,89.40,63.21
80.87,135.91,26.45
35.02,145.79,81.34
27.07,98.82,66.79
75.92,116.97,26.89
49.47,21.73,87.89
54.59,32.50,63.76
22.49,112.65,93.73
40.77,70.39,93.33
22.69,72.44,93.64
90.33,53.21,26.22
39.47,95.03,29.68
64.59,35.92,99.02
23.12,97.77,59.01
73.35,34.33,39.06
45.84,18.94,81.57
91.83,56.25,41.14
91.05,42.36,78.18
46.02,134.46,86.98
92.08,17.69,82.74
99.69,34.73,41.92
86.03,86.82,52.13
87.59,77.35,53.06
39.92,16.42,59.30
66.14,11.02,33.39
25.38,148.33,56.20
27.59,102.24,60.86
99.91,61.16,62.54
46.13,75.86,85.59
79.85,47.32,61.39
84.53,58.28,38.46
88.64,100.87,73.05
99.81,133.59,83.79
39.32,35.78,45.55
23.23,127.65,71.62
52.90,27.02,31.76
30.41,40.10,47.35
21.79,15.20,92.74
48.83,29.71,92.90
82.70,138.42,66.03
65.29,74.32,76.19
45.02,20.87,88.32
72.35,144.36,96.68
38.56,133.06,59.19
21.15,115.66,64.93
81.15,140.69,53.25
69.90,40.82,25.76
80.98,127.09,53.82
23.12,106.60,83.25
86.97,131.77,84.39
69.56,121.57,91.39
65.07,58.51,24.12
69.97,118.42,62.17
89.15,46.74,28.59
66.95,56.00,36.06
66.48,25.11,92.02
99.25,140.91,59.74
80.54,50.74,80.68
55.38,82.89,25.15
76.59,64.79,53.35
51.14,144.39,73.94
38.31,56.91,30.67
67.75,119.00,46.07
94.25,129.76,25.16
94.33,70.98,72.11
47.35,62.94,97.67
62.21,114.68,86.16
36.93,137.81,97.97
99.65,115.69,87.65
98.49,41.80,88.42
71.96,134.36,66.17
84.35,64.26,61.46
77.21,90.67,52.50
67.45,126.40,85.45
24.27,36.38,34.57
56.38,119.83,24.50
73.98,93.46,95.83
74.20,135.07,20.30
49.85,34.08,98.15
95.34,68.90,78.31
33.39,126.60,46.28
60.03,12.69,75.83
75.27,25.71,85.43
75.77,148.68,39.63
71.89,49.26,81.67
42.02,146.58,84.35
32.50,35.55,39.95
70.88,60.55,23.35
67.94,115.40,36.33
34.35,102.09,36.05
76.41,91.36,25.22
56.41,84.19,78.08
73.42,128.08,50.40
86.99,42.89,90.75
33.58,71.95,40.17
21.53,31.76,56.26
82.33,93.43,71.12
68.78,45.08,90.20
75.97,56.74,61.97
87.05,75.98,49.88
84.22,13.75,89.36
96.87,22.87,44.82
62.87,106.03,26.35
59.08,70.06,55.60
52.15,131.07,82.81
32.30,107.25,22.46
65.81,11.13,66.87
42.16,96.34,67.56
93.70,23.12,94.28
66.66,119.33,42.92
67.43,148.81,42.31
48.39,84.37,55.24
24.16,105.59,48.55
22.54,43.22,78.91
53.87,71.26,71.34
26.77,129.85,80.71
68.55,33.44,85.60
90.48,47.17,93.84
90.63,72.36,54.47
72.72,109.71,98.78
36.90,62.62,37.25
89.04,139.88,77.15
90.89,23.22,62.72
35.73,61.91,85.35
78.99,109.25,58.14
42.92,41.64,82.72
84.21,101.90,94.41
99.78,32.99,78.58
22.40,17.84,82.09
91.79,26.94,25.37
69.81,140.20,36.40
97.87,87.25,97.94
57.20,121.49,75.45
87.79,56.57,64.92
24.99,92.97,49.36
46.82,79.29,23.55
25.36,142.40,49.53
98.03,114.66,59.91
85.36,112.28,36.92
88.20,16.49,33.85
95.04,86.95,60.67
26.81,75.38,66.87
50.85,139.90,39.19
25.68,46.03,66.99
36.86,47.78,92.03
38.35,67.59,57.85
57.53,44.07,88.59
41.48,28.09,94.18
28.08,130.04,27.39
33.40,88.16,27.66
31.78,130.59,58.08
97.85,126.36,67.05
80.74,49.49,54.07
97.42,86.68,46.12
55.18,21.65,71.28
42.27,138.14,20.17
83.86,66.60,97.45
46.10,65.11,38.57
43.95,52.39,93.37
38.60,74.49,28.72
30.37,45.25,39.05
40.52,62.48,38.79
48.43,121.99,99.69
73.92,126.80,20.37
25.01,52.59,71.17
36.84,75.66,89.57
84.72,132.33,73.78
31.75,17.37,49.02
47.41,134.48,96.66
89.17,40.69,91.48
32.39,105.00,54.72
26.62,91.56,65.87
58.76,87.41,97.40
44.19,130.31,98.60
65.07,24.22,55.99
84.30,58.58,87.79
30.97,85.36,44.16
66.46,123.58,49.75
60.44,40.30,33.19
31.53,122.41,36.73
69.92,65.95,72.55
41.89,36.45,60.86
59.03,116.26,38.49
26.58,22.73,52.23
56.77,82.07,49.85
44.52,18.94,98.99
85.79,59.90,88.29
24.56,94.15,51.04
53.49,87.86,93.11
56.67,66.65,47.41
78.00,70.07,73.43
65.94,41.75,97.33
73.38,73.82,51.22
82.16,143.46,74.39
88.98,129.06,43.67
45.11,30.33,41.30
63.04,14.17,65.93
87.21,140.69,98.34
99.16,83.74,56.25
91.16,85.30,95.01
49.72,119.30,93.15
35.61,54.06,40.30
59.15,77.47,52.15
79.33,145.61,71.46
59.41,104.10,61.44
58.65,31.52,27.68
87.06,28.65,99.50
48.91,38.60,80.21
88.78,117.34,55.02
52.54,51.35,69.45
46.26,12.99,27.01
56.32,142.18,59.62
81.00,33.76,94.47
30.08,11.34,91.73
35.71,43.20,46.99
96.12,42.90,62.51
34.04,69.08,75.79
65.42,138.85,47.20
66.35,133.09,25.19
59.17,73.97,60.44
71.58,67.53,68.13
38.39,87.70,20.47
64.21,44.08,27.65
49.77,17.31,36.58
72.93,141.49,47.84
31.30,36.14,63.28
65.67,37.78,43.51
34.82,76.14,42.09
42.29,78.83,89.55
37.50,12.58,31.60
34.63,30.71,59.64
86.06,62.94,96.23
42.86,105.72,70.00
94.17,41.98,77.38
97.59,69.22,54.50
65.70,88.03,21.59
31.44,134.40,71.69
49.96,55.65,70.55
83.82,28.70,28.83
49.39,78.50,56.97
26.96,114.54,93.23
64.54,25.38,36.41
87.61,69.46,56.89
83.67,12.49,56.89
34.01,14.70,84.86
73.82,77.61,85.97
37.64,51.75,80.74
37.46,128.32,49.24
89.93,94.30,25.76
39.97,73.55,47.96
41.06,67.11,74.38
20.05,79.61,76.22
89.65,15.66,97.20
83.41,134.99,56.29
70.19,149.76,70.59
80.02,35.41,63.14
32.16,26.85,32.05
56.67,30.10,56.90
48.10,102.54,63.59
27.50,102.60,96.06
58.89,128.71,49.32
93.66,115.26,98.41
23.20,72.96,63.38
43.32,95.80,39.40
36.60,106.36,35.33
39.05,81.78,31.34
92.67,76.59,56.23
57.45,100.31,21.75
57.30,88.05,55.60
80.85,100.15,99.07
32.36,95.80,73.61
58.98,110.69,80.78
54.40,99.99,29.52
67.75,82.76,57.85
99.96,105.45,42.90
81.56,72.93,91.53
51.83,43.83,34.50
86.20,10.20,56.70
33.66,88.39,67.04
22.44,92.69,61.12
36.36,146.09,86.42
47.23,60.61,38.52
60.85,65.18,50.19
69.21,38.25,83.37
92.85,19.87,62.25
60.79,118.19,52.17
60.10,44.96,22.36
24.02,95.25,80.27
22.79,106.29,97.77
64.09,75.97,69.62
55.05,132.69,88.52
87.13,72.13,61.35
32.85,49.89,38.53
22.00,135.44,21.16
55.92,130.62,72.27
39.00,32.97,59.45
23.97,13.63,82.57
77.97,22.60,75.57
28.93,50.12,99.04
68.67,146.12,60.83
42.48,88.19,54.17
33.88,62.26,42.94
50.38,134.42,58.15
84.12,73.44,89.83
51.37,54.13,23.40
80.06,141.77,98.23
30.04,128.93,99.46
81.82,128.11,67.83
38.95,81.72,46.52
74.19,120.52,37.84
65.26,35.11,42.12
94.33,90.25,24.01
50.99,147.74,58.01
25.29,50.73,24.59
21.53,121.21,77.48
86.15,78.67,49.75
61.98,15.57,35.95
82.02,116.82,63.59
38.75,33.60,97.90
47.61,98.41,75.61
22.41,21.99,59.34
96.92,142.56,82.15
73.43,50.84,79.00
94.66,41.71,91.34
41.24,28.08,36.37
68.92,142.44,88.71
74.28,109.67,44.08
45.40,113.83,95.28
87.85,79.92,42.49
95.77,76.46,94.15
90.79,25.40,97.10
79.13,88.38,31.64
42.20,44.57,97.96
42.53,146.80,26.86
97.07,121.52,37.49
20.82,67.82,55.53
77.28,31.19,99.49
76.50,119.95,59.09
69.82,27.09,64.03
99.21,36.51,75.55
44.95,39.61,97.46
47.20,87.96,82.67
26.32,120.19,37.93
55.42,54.00,44.24
40.88,21.85,27.81
47.47,75.04,71.56
86.77,114.74,34.46
94.84,41.03,40.59
34.86,40.79,91.05
49.80,142.61,46.14
94.29,143.58,65.33
24.94,148.67,51.81
27.39,123.07,25.92
33.02,36.35,49.03
67.62,39.68,52.65
32.04,57.63,91.66
97.45,54.54,45.96
55.74,143.91,50.34
60.12,120.47,82.63
39.73,111.36,80.72
57.68,36.03,83.86
72.95,137.33,96.30
80.09,125.90,83.64
80.31,32.91,52.61
66.23,131.96,85.72
92.35,48.11,60.69
85.39,21.32,42.22
80.56,101.96,44.23
24.45,101.53,37.91
20.55,23.29,31.60
37.00,54.64,34.76
73.08,148.99,25.05
52.90,104.98,91.08
52.19,112.21,94.48
90.77,39.81,66.94
91.65,21.03,87.24
92.73,48.77,34.69
45.11,44.85,92.13
75.28,42.84,60.51
41.73,36.99,25.37
35.25,90.47,31.31
34.77,55.93,44.72
47.37,124.85,23.48
54.40,35.75,44.74
86.48,75.05,24.79
29.59,11.91,38.88
78.79,77.44,41.25
62.52,17.82,99.55
43.04,146.88,38.84
59.43,120.68,39.13
44.00,78.62,74.94
67.69,22.12,88.75
54.71,92.94,50.96
33.15,116.23,90.05
29.33,36.70,47.21
63.74,89.55,35.76
92.19,123.99,46.37
47.52,117.55,68.75
78.64,122.42,49.37
72.69,133.11,73.83
94.52,141.28,38.95
85.68,66.77,76.08
65.33,89.63,47.80
72.56,120.69,56.47
91.87,107.60,64.62
51.96,149.37,74.90
46.14,11.91,39.10
20.86,59.72,86.88
86.12,49.34,77.75
84.08,46.72,38.73
28.36,41.15,98.00
66.15,109.28,73.18
57.12,21.87,56.19
29.50,113.83,32.60
98.45,107.08,62.66
37.18,45.11,33.18
25.38,45.40,54.36
67.59,98.04,52.70
79.11,116.70,77.60
22.60,132.71,35.39
72.70,129.30,85.75
62.58,145.08,46.09
28.26,91.39,55.52
33.80,137.21,81.79
65.44,123.19,70.03
43.71,135.25,44.64
95.07,11.63,50.90
85.50,145.23,44.46
98.69,76.29,67.58
40.77,121.75,46.61
97.58,27.81,78.06
54.50,65.43,66.38
47.80,48.00,31.66
24.03,50.83,44.82
24.22,27.26,37.72
75.36,122.81,51.23
56.63,11.29,61.28
38.12,53.75,60.54
69.12,34.42,80.36
40.23,92.47,35.13
66.21,45.60,95.72
48.74,46.26,47.43
85.88,78.37,44.02
85.66,101.38,74.81
58.19,26.98,84.44
48.07,34.57,50.28
49.00,44.60,79.75
84.46,146.32,90.70
46.25,65.60,81.34
36.72,93.86,22.74
26.78,43.82,86.19
57.34,78.66,81.96
58.57,20.38,73.54
87.27,14.86,80.80
37.70,75.62,98.35
50.48,65.81,54.49
84.67,29.16,25.38
85.89,106.26,56.87
50.77,149.01,23.71
56.73,65.39,43.54
44.26,97.44,66.95
94.60,144.82,44.77
29.49,126.41,74.83
94.70,74.90,85.76
74.71,113.25,53.64
62.53,27.94,92.01
22.61,81.69,26.39
58.05,49.07,87.21
52.62,32.56,86.29
32.90,69.68,45.76
72.51,28.34,43.90
97.69,107.86,44.41
64.98,73.87,84.91
77.18,84.36,86.53
25.48,30.49,46.38
53.41,29.57,67.41
29.31,91.68,31.11
69.02,147.90,57.50
95.08,23.48,99.90
72.94,50.00,32.71
26.14,131.72,95.81
48.37,20.12,85.94
64.05,132.62,97.78
52.26,83.40,34.37
86.69,67.16,37.08
85.17,53.36,21.35
68.95,51.60,77.98
49.88,52.81,71.53
40.43,133.87,34.25
28.47,111.33,83.29
48.39,103.76,43.94
53.05,121.82,30.80
74.07,46.00,53.81
72.65,96.53,27.28
25.61,74.41,41.06
51.62,119.54,49.71
34.54,53.30,88.15
32.55,100.05,83.40
86.18,133.51,55.42
23.35,66.30,77.97
53.53,19.33,65.49
33.46,82.25,47.27
90.35,58.44,78.07
64.56,104.11,74.68
38.51,143.14,69.53
60.19,77.99,69.44
78.52,75.27,74.64
96.65,101.64,50.76
37.64,24.49,89.53
90.89,45.49,32.98
94.74,138.66,90.71
93.31,103.79,47.38
70.83,11.88,30.00
70.39,38.65,68.00
52.26,105.60,50.08
80.19,117.02,85.24
62.50,127.58,54.46
74.20,50.90,73.49
54.28,140.34,44.66
78.52,87.41,36.76
85.96,107.52,51.04
31.71,93.54,68.54
86.63,27.18,72.56
63.22,144.84,66.26
87.57,27.20,99.04
54.50,45.68,75.29
50.32,123.91,94.52
93.20,96.60,29.43
40.09,127.34,24.91
87.54,82.20,44.88
58.72,62.78,30.93
61.13,139.06,62.07
44.68,15.08,61.52
65.84,129.86,66.00
46.02,42.31,79.62
23.14,128.82,97.71
41.76,29.49,90.26
20.51,91.23,29.47
98.27,134.34,47.08
97.26,76.30,40.47
51.61,114.52,34.15
78.27,122.65,63.58
47.66,113.11,64.26
73.69,139.55,38.18
84.43,72.56,76.95
95.74,34.24,78.63
52.02,16.69,21.68
82.66,44.50,51.66
41.27,30.05,91.21
99.23,88.11,61.63
22.06,35.89,47.81
68.28,15.45,40.29
72.76,15.04,39.47
75.04,126.42,27.98
29.63,92.80,85.38
95.08,60.13,26.93
34.49,135.19,43.38
69.82,19.83,23.65
37.81,147.25,82.51
44.58,96.28,23.14
63.72,35.68,44.66
53.38,105.07,65.86
32.82,116.87,52.76
33.67,70.11,42.58
53.45,130.63,42.02
80.58,31.10,83.82
91.84,49.04,97.92
26.73,23.09,47.84
51.45,39.52,23.13
28.02,43.42,22.93
21.33,138.47,80.74
72.94,20.94,64.19
68.20,69.84,82.69
33.04,84.54,75.80
38.71,135.82,92.60
21.90,149.68,90.87
86.80,115.47,83.07
97.98,145.91,58.02
30.84,120.19,44.65
38.52,144.85,60.56
89.47,109.02,60.17
94.12,21.17,68.82
53.57,66.27,34.89
24.05,100.52,72.45
23.15,59.10,56.53
65.92,48.27,69.62
51.43,90.84,39.17
22.29,140.69,54.75
66.66,14.90,36.82
20.90,117.69,90.02
82.99,111.18,59.04
44.51,144.95,38.00
23.22,140.30,23.30
67.07,116.71,74.06
51.81,82.86,37.17
97.90,38.60,99.17
63.54,86.33,62.70
42.02,117.15,43.12
76.76,135.39,72.61
41.72,120.56,42.02
92.34,37.34,85.62
49.98,93.96,44.66
63.99,56.50,99.06
24.05,11.29,68.41
54.09,38.03,87.55
86.59,25.85,25.83
84.45,127.98,47.86
37.95,46.19,79.00
38.09,49.86,72.40
85.38,144.39,35.54
94.43,63.07,48.50
27.63,11.34,41.08
56.00,49.74,69.07
47.00,26.70,47.57
89.66,24.39,44.72
26.68,20.85,36.59
36.89,93.06,52.72
80.20,36.51,35.64
24.10,60.57,97.01
59.40,130.68,32.36
55.37,69.41,93.06
46.75,138.20,54.28
51.57,79.71,50.23
62.40,65.84,38.51
32.91,115.05,70.86
65.76,20.24,74.84
84.43,22.53,57.41
80.81,101.28,24.46
32.31,78.17,93.48
31.94,120.66,98.43
41.45,138.28,54.48
48.89,64.37,69.09
52.68,93.50,56.02
74.38,80.10,45.75
24.53,147.43,26.19
22.77,126.35,56.49
51.35,137.64,85.47
75.77,45.61,21.36
35.47,118.15,66.57
71.32,47.17,90.46
40.79,39.22,37.40
90.89,142.20,34.66
91.66,12.70,81.78
43.78,145.15,40.41
38.40,30.90,35.36
52.90,124.72,50.24
39.24,48.63,51.40
73.79,59.10,89.93
86.09,40.35,69.48
73.85,91.97,52.48
85.95,58.73,62.75
51.76,102.04,96.32
32.51,12.19,29.06
79.04,19.01,36.62
48.84,23.95,97.00
73.70,68.66,96.59
41.65,124.07,34.17
26.50,134.34,31.61
99.41,44.27,53.69
32.50,90.41,23.98
99.07,117.57,72.39
98.18,50.44,26.20
83.51,67.26,24.64
72.75,83.36,58.81
66.22,28.88,96.62
89.29,13.64,54.14
43.16,31.39,48.52
57.41,97.76,99.84
69.55,20.31,62.56
52.90,36.56,50.02
54.20,57.30,50.87
46.42,20.90,35.60
65.14,36.84,60.98
88.05,137.58,55.11
36.12,12.70,41.66
94.75,101.48,32.84
75.13,63.82,44.90
85.86,104.17,60.69
64.50,92.42,24.67
82.36,41.29,32.30
21.30,128.61,95.81
85.47,78.87,63.43
23.21,125.16,25.08
91.19,66.84,75.45
99.36,147.86,24.94
43.53,117.87,79.11
36.83,145.23,80.00
81.23,82.01,72.09
40.24,76.32,78.58
89.24,115.76,27.04
28.23,133.24,78.14
30.08,144.98,30.94
98.33,55.44,47.16
73.91,121.82,95.42
87.75,39.49,60.23
45.95,86.38,97.39
74.12,35.18,27.11
67.54,58.64,58.20
68.25,140.39,24.99
74.60,30.45,70.42
66.03,98.54,26.30
54.32,93.01,34.03
42.07,26.90,40.71
81.49,55.64,79.90
38.10,88.82,33.12
75.39,36.21,87.73
38.67,122.09,30.55
70.03,146.10,22.82
79.77,40.07,51.60
37.50,36.17,98.36
24.80,73.69,28.83
30.48,114.69,28.14
68.48,49.42,80.09
87.96,12.78,44.97
23.60,85.77,77.38
78.73,143.92,36.00
47.31,64.78,56.81
58.28,68.82,41.22
94.31,145.65,56.12
46.56,107.25,81.53
57.23,110.68,80.96
21.09,88.78,61.26
26.53,146.45,94.27
40.69,106.44,41.10
22.23,135.30,39.22
70.51,107.91,69.10
54.11,112.92,69.70
63.85,50.66,23.72
33.97,52.49,68.62
43.67,119.62,49.95
73.11,51.54,79.80
97.22,88.79,84.65
24.03,44.91,64.17
91.23,124.38,20.14
66.15,25.47,70.91
65.11,126.12,79.91
60.02,94.38,39.92
25.55,36.17,57.17
27.19,85.88,97.26
68.07,49.55,43.85
47.28,55.29,37.85
93.38,59.21,36.87
52.53,18.86,64.70
31.46,148.03,95.98
77.18,14.41,68.70
43.47,102.75,44.27
62.04,61.97,71.09
75.83,100.44,69.99
92.02,59.87,67.75
83.38,104.33,32.75
74.11,112.09,70.77
74.37,106.68,54.41
95.67,25.95,21.49
43.67,101.97,63.18
20.09,49.20,99.14
41.76,14.03,47.98
37.43,68.08,97.24
72.95,70.70,27.70
70.70,75.40,78.60
67.48,108.68,29.15
21.30,53.24,41.89
78.30,54.14,65.67
45.88,18.48,67.42
73.20,106.15,82.02
64.53,89.50,69.22
47.42,58.92,67.49
30.77,108.73,92.99
27.55,85.23,56.17
86.52,75.69,38.02
93.47,81.59,32.94
71.98,99.09,52.00
28.27,102.40,77.02
52.16,50.45,23.40
78.32,29.70,30.32
82.39,31.93,28.49
29.46,99.51,66.82
20.00,132.20,39.43
76.97,67.33,33.30
48.53,33.73,67.42
40.36,115.92,80.90
21.03,126.55,46.57
63.22,133.28,66.26
88.09,94.96,27.85
96.61,130.50,94.82
65.26,12.16,46.95
61.16,25.01,99.80
26.80,22.96,98.29
63.91,109.76,82.31
50.40,19.74,21.61
68.57,79.49,63.48
51.10,76.18,26.95
39.22,53.50,91.61
27.60,131.86,83.17
45.19,33.86,97.79
27.73,59.34,68.67
34.15,118.38,61.77
98.99,14.26,61.52
55.53,104.21,50.92
62.55,124.30,57.50
89.89,140.52,70.83
99.65,132.68,94.64
66.62,54.71,67.67
85.00,92.09,88.57
46.16,20.82,89.02
44.46,46.10,61.51
52.22,23.19,47.80
73.80,54.13,71.17
74.58,132.53,55.67
45.22,58.60,26.52
30.66,88.67,50.22
70.59,70.67,99.53
30.27,74.25,23.88
66.28,145.74,75.73
75.47,51.46,87.30
76.05,97.83,71.90
80.28,68.81,65.58
89.83,18.56,76.60
60.00,78.51,54.35
78.42,123.87,27.31
69.53,23.83,96.99
34.93,19.74,54.58
22.06,31.51,73.23
42.76,117.02,62.50
55.44,111.36,24.37
69.37,89.10,96.22
88.00,75.55,83.40
35.70,134.37,31.93
30.04,117.34,98.53
97.08,123.67,78.95
28.64,123.86,57.79
58.28,99.98,68.91
66.85,74.12,28.54
63.31,131.05,64.83
26.88,139.64,25.89
24.56,13.33,63.59
28.44,17.22,64.22
66.85,144.22,89.96
63.55,48.80,78.00
38.70,132.27,39.96
71.02,64.43,91.07
85.61,26.67,65.86
23.33,21.26,68.51
59.85,31.91,33.52
75.14,44.99,88.62
40.18,78.39,94.48
44.62,108.21,82.00
69.09,148.10,95.26
91.83,71.81,44.18
84.79,82.55,88.89
66.65,83.05,59.11
78.42,85.52,33.11
49.19,82.48,73.50
71.28,11.23,74.73
57.29,10.24,42.95
35.19,23.67,22.20
76.14,24.22,35.99
64.52,108.69,51.98
48.69,38.69,33.41
92.91,135.26,35.52
21.67,140.00,51.31
45.26,146.63,96.94
24.55,141.47,81.14
81.32,48.06,45.58
76.17,81.37,96.13
46.51,34.56,71.65
74.05,122.87,56.44
51.67,134.38,57.46
80.50,129.18,52.86
56.33,70.67,38.64
52.98,116.21,50.93
94.78,23.66,62.23
40.07,15.63,62.24
29.64,115.45,80.94
66.76,69.55,48.70
97.55,149.38,77.34
50.23,23.62,66.25
24.96,129.79,96.95
47.14,77.20,50.82
60.47,125.80,92.10
32.95,124.40,85.65
72.65,138.24,71.01
99.82,51.70,72.36
56.14,142.97,26.77
48.38,31.23,96.02
52.06,21.48,28.55
29.21,70.43,65.06
90.66,125.97,46.41
53.19,76.28,54.39
50.98,126.10,68.81
72.78,112.16,92.71
55.36,39.32,56.61
71.86,142.84,99.02
24.92,18.51,67.42
85.10,135.76,32.84
95.24,52.62,35.20
71.90,80.02,77.29
96.37,69.13,24.03
32.11,34.06,58.43
58.19,60.14,31.86
68.14,37.01,54.66
66.54,38.54,79.99
52.12,36.19,56.71
47.05,78.46,33.08
30.15,121.71,40.15
51.34,89.66,49.40
33.01,135.05,25.56
78.75,99.12,66.75
36.71,106.51,68.60
24.69,103.47,24.97
64.19,72.92,52.18
67.62,106.51,53.12
89.75,19.76,46.71
66.16,130.38,64.62
47.64,118.89,47.68
84.24,44.33,53.31
63.22,117.52,83.80
26.34,11.77,32.97
65.27,40.41,69.53
92.64,19.12,60.45
51.71,119.23,44.41
43.71,115.82,78.20
31.48,123.91,64.10
32.12,10.63,58.19
54.62,80.17,73.41
67.65,108.68,84.18
26.45,31.76,97.81
95.17,100.97,70.35
80.41,21.78,89.96
66.93,35.39,20.09
86.28,76.61,62.42
26.41,101.50,37.17
58.15,30.42,27.54
70.41,35.93,62.56
86.29,38.62,79.75
82.68,43.42,52.98
42.17,41.72,73.61
95.27,65.32,59.18
29.95,101.53,54.97
90.01,71.32,43.22
97.68,118.64,50.61
34.17,110.70,47.98
77.77,27.71,71.69
23.22,16.84,29.28
52.43,132.91,27.41
61.30,21.18,72.80
66.45,30.77,63.70
94.87,13.10,54.42
73.78,97.97,32.20
58.50,91.53,52.88
84.77,148.17,83.18
96.04,134.17,91.17
21.77,67.52,76.21
98.60,62.02,24.79
26.89,51.56,73.63
85.15,31.34,39.28
42.43,29.33,45.22
30.57,28.52,35.67
55.19,25.98,82.06
71.52,43.67,71.89
50.48,52.93,68.95
24.37,144.62,73.44
67.96,90.99,38.94
92.19,148.26,55.57
50.66,62.15,70.66
37.31,74.07,70.93
55.41,55.44,83.35
23.87,35.60,42.97
85.64,30.04,81.63
86.11,142.31,55.21
67.04,148.15,73.61
48.25,16.29,56.46
83.98,31.05,95.89
64.37,69.29,34.34
86.07,36.09,74.00
70.52,60.94,66.12
82.75,28.07,33.82
67.89,73.91,25.28
53.13,48.04,83.93
96.64,59.27,32.60
63.29,23.20,34.92
68.41,69.94,98.27
37.64,147.66,77.38
70.05,56.04,40.04
65.73,132.70,67.28
34.79,128.05,62.73
24.77,143.29,87.56
68.35,120.62,78.35
81.10,102.34,86.54
61.87,129.92,36.92
38.14,20.59,71.22
73.32,74.80,23.22
26.41,148.50,25.52
55.35,117.74,77.08
33.07,144.69,21.95
34.76,119.15,66.38
36.18,132.48,87.23
50.94,108.91,50.40
24.09,116.47,23.59
51.82,83.24,77.11
60.94,139.39,94.37
58.66,125.51,77.37
50.62,128.14,66.28
87.13,104.22,38.40
31.63,52.64,21.23
60.46,14.99,75.57
24.96,140.99,38.48
25.69,92.06,88.65
65.91,51.74,57.31
65.28,30.88,62.45
90.24,126.13,80.31
64.63,127.11,82.35
96.78,124.03,71.41
23.90,100.31,95.07
27.84,61.24,98.58
23.53,52.57,95.75
34.82,11.20,85.93
63.30,126.71,76.45
71.65,22.24,73.07
23.65,98.31,28.30
95.68,80.57,41.72
87.37,83.74,20.46
43.73,139.74,30.99
26.18,14.43,55.14
33.59,118.27,31.72
30.16,17.29,92.13
29.86,15.34,84.46
61.48,70.17,25.73
39.67,18.83,39.91
48.65,120.48,85.53
99.16,84.14,84.24
74.75,14.07,95.64
95.92,15.67,99.80
31.40,95.77,98.10
50.57,122.86,52.81
64.38,71.29,40.03
26.14,87.64,80.67
20.33,121.98,43.94
73.63,95.47,84.51
71.35,41.47,62.72
52.86,95.83,83.51
59.17,97.96,42.07
53.24,112.77,60.64
21.92,96.92,65.12
46.83,145.69,95.45
34.17,37.62,41.33
27.87,143.15,94.94
96.54,85.37,84.39
67.95,104.07,78.47
78.29,23.92,82.95
45.23,63.28,68.43
51.45,117.71,39.53
38.95,108.97,35.16
27.76,15.62,89.31
34.32,86.52,78.01
83.80,22.36,37.06
74.20,149.42,69.21
63.75,135.62,55.80
58.01,12.95,32.69
93.79,130.21,62.55
25.82,138.72,42.52
42.45,59.50,27.70
48.00,110.73,57.36
82.59,71.89,67.21
99.40,101.73,23.75
39.25,57.64,52.17
89.94,55.16,40.61
86.45,69.42,22.45
37.97,30.38,30.05
51.95,126.36,31.12
52.77,58.82,34.63
98.26,66.02,84.27
34.47,135.17,55.16
83.93,79.53,31.77
46.74,86.20,28.02
78.47,143.91,43.84
53.60,134.14,83.84
66.27,33.73,49.16
86.61,76.25,32.79
84.33,145.98,52.33
89.31,62.13,64.42
24.77,62.02,22.37
75.36,37.30,70.21
31.20,26.01,51.61
53.27,113.64,20.78
63.89,117.80,73.91
52.22,145.66,76.99
61.57,118.28,70.31
99.72,44.07,47.35
30.82,15.62,62.37
74.04,147.96,50.97
51.68,57.66,76.05
30.64,53.68,66.69
32.70,136.83,26.54
95.94,91.91,71.45
90.37,40.08,74.98
92.56,134.47,49.66
99.32,149.07,90.06
36.67,22.13,87.44
48.44,130.72,34.01
73.54,64.67,92.34
58.70,83.37,55.27
53.47,138.07,77.90
48.62,146.27,85.13
67.50,46.70,60.41
66.05,39.80,51.93
32.92,21.27,93.24
57.74,88.65,38.47
64.28,11.90,40.56
65.62,67.67,48.93
36.81,20.27,88.76
79.38,66.73,95.10
22.02,15.59,37.61
48.39,126.93,89.11
82.42,39.36,40.66
65.11,55.96,97.65
40.89,131.81,67.79
75.60,114.48,20.57
65.39,40.67,22.73
83.70,20.07,31.80
78.80,110.19,35.01
68.81,64.70,81.41
59.05,117.25,37.82
30.65,72.34,97.53
40.91,58.44,70.89
53.53,73.17,75.40
67.94,114.80,37.43
61.10,136.31,91.42
43.05,16.97,73.43
20.52,83.38,89.15
59.70,14.60,96.52
42.85,75.58,30.05
78.77,133.94,27.73
21.92,60.62,84.27
66.79,140.54,89.29
95.32,98.29,66.70
33.95,140.78,49.28
57.73,116.00,72.21
27.31,24.48,44.45
70.05,42.36,39.07
64.04,65.18,59.05
52.59,33.81,37.29
61.71,79.29,58.70
91.73,75.99,96.53
35.70,143.88,87.18
21.81,70.72,95.33
88.93,119.99,84.51
66.17,141.87,48.38
91.25,132.78,84.96
67.76,39.21,93.83
84.81,79.44,95.76
54.37,58.68,74.66
79.99,65.98,36.91
93.04,60.51,23.18
65.77,125.69,31.78
34.46,73.30,97.24
41.50,83.32,56.97
35.89,147.54,88.40
39.75,18.40,57.20
44.51,78.31,72.87
64.41,118.37,21.93
67.04,31.16,39.99
54.12,95.61,54.90
69.23,43.53,70.45
26.53,131.44,33.72
27.02,55.79,81.16
33.75,56.07,49.15
61.45,93.75,85.39
37.12,35.70,27.84
42.66,49.88,74.38
52.03,68.33,43.47
84.95,59.51,83.63
21.11,83.48,52.17
71.95,93.95,73.23
73.51,89.33,94.74
83.89,101.58,21.65
94.62,53.08,20.89
21.61,27.70,81.62
32.30,116.51,71.71
90.89,129.11,43.44
56.68,45.98,59.55
65.17,66.99,23.35
73.04,79.80,35.40
74.33,84.67,53.96
94.54,102.33,86.72
99.76,15.82,58.37
77.61,111.01,66.91
42.98,18.68,89.90
90.38,75.56,44.71
23.94,125.87,76.06
38.49,73.17,88.93
91.79,30.87,36.21
40.50,147.90,48.52
37.65,134.50,98.38
31.05,117.98,98.66
88.73,67.61,37.86
60.00,35.74,25.32
73.99,141.80,41.67
39.13,84.53,51.82
80.64,129.33,55.28
80.80,57.89,69.50
45.01,56.94,91.96
52.85,147.98,46.43
36.78,83.06,88.00
98.12,29.70,27.48
71.65,40.75,23.35
94.76,77.47,60.32
44.27,15.95,24.77
82.55,74.75,51.40
81.27,68.65,91.74
75.33,119.11,39.32
97.25,59.69,76.48
51.48,147.56,44.19
30.46,35.31,23.59
73.74,92.74,64.54
78.34,22.56,86.79
66.00,112.74,52.76
36.55,149.27,69.38
60.36,124.68,92.00
44.98,87.80,83.18
54.20,77.86,35.51
71.62,126.90,78.67
79.62,141.04,60.15
38.58,148.49,79.68
52.43,65.52,59.56
41.53,148.73,30.24
35.89,31.83,65.59
82.67,45.50,59.37
92.74,22.46,61.43
49.62,48.04,90.31
80.10,117.51,91.59
91.76,129.41,56.28
87.69,119.04,56.46
34.63,98.35,61.21
96.50,81.96,61.57
50.13,109.22,96.03
47.14,64.72,71.95
24.99,127.78,42.20
58.89,104.81,62.52
28.72,107.69,70.18
39.88,85.03,71.18
45.36,133.93,66.82
84.71,45.28,34.22
90.04,63.36,22.69
44.20,118.87,47.03
88.70,78.98,54.20
88.58,134.49,24.94
81.17,58.50,85.20
31.74,61.71,47.53
75.23,134.42,93.09
95.60,75.01,32.35
74.60,82.26,24.55
46.53,56.59,58.59
60.05,48.73,35.13
71.66,101.83,94.99
60.85,26.78,20.82
29.60,133.10,53.01
44.97,119.09,94.14
84.19,36.70,50.75
88.91,107.16,27.45
30.98,94.37,44.23
96.19,35.83,59.84
46.31,48.25,34.81
72.99,67.26,57.32
80.15,107.89,86.91
84.96,99.42,89.81
95.66,84.51,23.94
45.03,117.58,32.87
88.68,116.11,42.02
30.53,96.50,67.59
76.40,120.18,48.88
79.36,56.80,87.52
74.22,133.37,77.33
40.19,96.09,28.04
89.84,125.13,69.96
33.51,86.48,29.04
24.29,40.58,40.40
77.40,85.94,34.23
58.04,61.96,33.84
87.93,107.65,69.31
50.67,76.61,65.09
33.46,127.06,34.08
86.92,104.93,99.21
63.91,105.84,53.75
35.14,40.40,27.77
77.63,147.79,29.65
60.89,127.83,66.71
68.35,120.46,98.33
56.87,56.23,65.76
86.30,84.99,95.92
86.37,29.19,55.53
76.75,85.39,54.87
28.43,30.42,60.00
87.11,87.43,75.79
73.68,100.82,49.41
75.76,64.63,89.11
49.04,79.80,22.34
90.34,132.59,55.18
78.03,25.20,60.88
29.01,120.84,68.56
52.62,33.91,42.09
90.91,15.14,54.20
23.78,35.98,58.76
96.91,117.11,74.95
74.33,66.72,81.88
70.51,132.15,79.03
41.64,83.46,47.33
39.90,13.12,99.96
95.36,110.34,87.89
43.86,25.43,40.80
82.04,120.51,35.61
51.45,33.53,45.12
31.14,58.36,56.19
20.86,116.58,88.06
63.54,143.59,82.27
98.06,62.00,88.10
49.53,126.12,41.76
48.58,36.71,67.48
47.53,123.01,42.66
61.64,102.05,28.72
55.25,36.98,74.74
90.39,52.35,31.44
60.44,28.45,73.42
60.62,63.62,71.84
31.07,38.51,84.82
98.62,100.16,31.16
40.00,149.23,82.68
25.87,11.68,99.94
73.05,85.73,88.08
67.63,90.31,80.14
53.21,137.99,72.97
53.78,80.84,53.74
82.81,86.12,78.44
35.66,76.03,77.93
85.62,47.65,70.52
71.90,17.84,83.70
53.52,67.21,55.90
56.64,17.36,29.70
40.53,87.07,64.73
80.17,53.02,41.20
61.03,84.70,50.75
45.67,28.80,21.39
67.68,140.57,50.62
99.66,135.23,84.70
54.82,36.60,63.42
93.66,58.08,20.78
47.60,95.89,57.59
24.38,23.40,43.32
36.34,59.64,58.20
53.50,45.16,52.38
37.57,138.17,94.56
20.02,129.35,23.29
93.20,91.18,74.69
87.51,82.85,88.08
79.38,140.30,96.74
33.43,140.54,34.21
29.63,145.71,62.50
25.41,27.55,23.49
77.92,32.48,59.93
94.30,104.74,30.04
54.44,85.80,87.03
29.53,12.59,29.11
60.99,18.68,61.06
47.91,134.33,61.69
49.99,131.64,97.73
69.71,60.02,72.40
77.50,134.75,43.03
28.85,93.11,39.26
22.85,122.83,30.26
99.55,69.84,80.52
38.62,25.88,75.26
24.31,70.72,68.79
35.19,74.02,23.27
23.12,87.13,81.03
51.34,24.78,71.35
84.19,148.80,97.11
47.30,44.18,66.98
55.53,37.80,44.32
74.05,83.75,50.52
60.71,85.21,34.07
88.92,71.57,77.83
89.28,118.06,76.62
20.79,82.33,36.05
82.24,95.36,32.68
56.86,111.32,26.16
99.11,13.50,92.96
58.66,89.89,38.65
98.95,133.79,47.53
80.37,12.43,42.44
39.89,66.73,53.09
63.07,139.67,77.12
99.37,59.44,89.65
88.60,74.22,34.61
27.79,147.42,74.91
76.51,37.91,48.20
47.65,19.14,98.44
20.56,130.32,43.91
52.28,131.59,20.58
38.78,76.09,61.25
85.51,81.99,32.06
46.99,127.01,23.56
86.20,113.40,75.86
20.05,47.12,78.58
44.63,12.37,56.86
39.29,77.16,74.15
38.69,130.25,63.06
25.45,135.42,70.38
34.97,143.87,67.74
64.44,133.14,73.27
43.31,91.21,35.97
53.39,72.24,41.50
50.15,118.48,55.20
90.07,113.58,55.69
92.42,85.34,81.95
59.44,22.23,49.39
46.41,139.65,33.00
28.54,73.78,40.12
96.27,60.87,37.18
24.82,98.14,78.53
43.81,104.34,57.63
43.85,39.50,76.69
45.63,127.17,53.30
33.14,50.59,91.18
82.65,36.14,98.68
29.80,66.90,73.59
70.79,112.28,89.11
29.91,145.16,60.63
25.64,123.30,94.77
92.75,141.65,86.53
35.21,29.68,99.34
85.70,19.96,69.85
63.57,88.08,82.34
26.23,50.64,63.43
96.44,125.93,40.73
39.76,104.08,48.38
88.77,145.90,91.52
33.50,45.67,24.48
88.32,78.01,67.32
21.06,80.17,49.80
60.94,43.48,50.94
81.56,92.61,90.77
94.78,72.06,88.31
92.74,72.54,67.91
85.57,60.78,41.83
91.06,12.37,58.04
35.94,83.09,52.66
42.73,56.93,48.29
43.12,10.18,28.22
50.16,53.11,63.45
51.47,49.01,44.15
63.56,65.08,72.86
32.79,28.46,45.54
75.30,81.08,54.49
33.41,106.94,24.19
44.82,98.23,99.40
60.27,122.53,60.61
83.72,73.28,21.94
79.16,82.67,63.30
71.64,123.46,89.63
32.46,69.88,81.80
63.76,108.22,76.07
27.00,70.84,31.16
50.19,68.48,72.62
53.08,116.43,81.30
23.18,34.48,65.79
41.92,57.40,91.42
96.45,41.38,42.16
96.29,60.28,39.37
48.19,42.25,89.57
23.45,91.12,70.03
34.33,121.74,20.12
51.38,120.13,48.25
95.82,61.03,88.63
31.30,148.43,22.19
81.08,93.14,20.26
28.69,65.92,42.50
98.50,126.98,93.12
50.53,112.18,92.12
82.02,114.90,61.50
47.41,37.46,64.26
70.21,75.57,46.56
35.36,130.66,39.50
31.68,80.57,85.22
95.05,105.68,28.50
93.41,92.31,58.99
91.00,127.93,70.75
70.03,49.84,28.29
84.66,90.57,61.57
25.52,27.25,66.20
46.78,106.63,79.40
45.10,112.48,38.79
70.85,16.00,43.47
48.48,104.61,65.56
31.88,68.06,98.65
67.72,27.37,37.40
85.15,68.79,98.87
50.57,37.19,77.15
30.58,68.18,86.09
35.74,63.81,27.17
39.00,113.37,44.03
43.99,118.39,24.62
71.42,94.98,49.72
68.08,13.18,98.50
75.69,140.34,28.42
49.00,106.07,64.99
85.92,14.79,20.49
36.33,124.64,77.01
57.52,38.04,35.78
84.08,91.09,30.37
34.41,75.33,46.96
28.79,68.78,81.68
90.69,134.56,28.53
47.43,71.23,38.39
74.71,20.55,20.68
22.03,142.53,97.47
75.20,138.87,67.37
45.29,105.82,77.59
24.46,75.50,72.11
68.79,23.00,31.55
39.26,120.70,67.60
50.94,20.57,30.51
26.45,19.60,52.10
31.77,85.23,65.52
43.84,32.42,64.71
27.18,11.08,29.53
92.87,69.24,22.75
20.48,29.21,83.86
58.71,32.47,78.07
29.86,20.77,26.55
44.61,38.71,30.19
94.08,110.17,91.41
32.94,123.25,81.53
97.27,73.35,99.69
36.46,80.92,40.32
79.33,14.57,59.02
63.73,19.70,38.92
90.76,46.06,69.82
64.32,86.15,29.23
62.76,113.54,30.18
35.64,94.70,25.75
33.30,64.90,75.49
93.32,26.57,59.53
46.23,119.31,69.42
49.77,60.93,90.34
80.79,113.05,79.23
47.11,81.82,56.94
96.16,113.41,98.75
79.03,137.02,56.50
67.79,138.94,29.00
90.47,84.91,99.41
23.97,81.61,21.83
40.57,47.19,63.99
57.20,141.01,44.73
38.16,74.11,60.28
79.51,27.86,64.70
93.54,70.58,39.21
53.90,27.79,64.55
47.37,80.35,80.48
96.92,88.58,41.32
55.59,57.29,50.67
59.12,20.03,41.46
48.13,142.09,85.64
92.76,118.27,78.00
65.52,127.44,89.70
80.97,61.36,33.60
84.94,116.52,25.89
47.35,77.95,29.55
54.70,38.15,32.88
87.88,27.42,62.65
49.06,58.31,97.67
83.51,29.26,48.58
95.28,149.76,96.68
69.86,16.89,23.06
79.33,71.76,94.15
84.41,73.29,34.49
87.60,52.09,93.00
51.60,89.99,24.50
24.10,31.00,95.86
52.15,119.75,36.06
73.90,56.54,44.22
56.03,92.79,59.28
79.92,110.19,50.46
48.56,134.47,73.40
70.78,127.01,97.98
34.91,95.16,68.51
79.95,64.38,77.72
63.66,80.45,27.04
36.33,117.62,70.22
43.35,132.86,56.31
79.89,24.53,90.86
58.61,63.88,51.06
37.28,118.66,74.36
97.38,70.43,38.25
77.21,56.51,40.75
96.57,67.59,50.09
54.17,94.40,44.33
58.01,149.97,40.31
91.84,79.02,23.97
62.00,39.19,86.94
76.58,32.80,25.14
40.17,15.93,90.99
55.74,88.23,30.04
29.88,86.24,25.22
36.48,38.73,65.04
20.08,107.35,60.20
23.14,113.75,59.30
98.18,46.27,65.96
39.39,58.17,42.96
73.06,148.67,73.04
87.13,62.40,60.19
64.05,116.51,46.78
32.25,73.38,86.12
78.25,121.07,78.22
68.02,117.66,51.49
78.50,103.49,87.81
81.58,129.67,93.62
98.03,141.49,62.95
65.89,91.20,37.20
47.33,43.25,93.26
71.88,65.81,35.16
25.48,116.16,23.87
91.79,101.12,46.20
29.55,34.89,78.16
46.23,17.17,93.86
85.26,105.61,70.98
67.78,45.15,96.15
51.49,79.95,27.39
57.87,114.54,24.86
88.36,88.77,68.34
47.20,21.66,97.29
89.57,35.98,60.22
27.05,40.71,24.12
82.14,46.10,37.70
87.80,89.16,39.58
34.55,80.56,47.03
54.43,38.44,23.49
33.24,19.46,92.39
76.53,34.00,61.25
62.83,147.81,73.67
70.83,75.60,25.37
35.72,131.43,24.33
36.94,128.83,66.92
23.32,81.61,90.98
45.77,108.94,62.28
64.78,36.99,90.23
88.63,106.38,84.88
73.35,48.13,26.07
54.83,126.49,36.16
96.25,21.72,72.62
77.54,118.24,55.48
94.41,23.99,43.26
62.21,133.37,53.49
40.71,52.59,55.62
24.23,101.62,92.84
78.09,78.25,28.28
29.70,61.28,42.38
44.22,100.36,63.01
62.60,142.65,75.86
65.15,15.78,70.45
68.05,138.64,95.33
33.30,95.27,83.65
50.38,123.02,64.57
69.38,63.74,37.17
97.59,76.06,56.07
78.21,131.64,75.47
93.81,68.08,87.04
80.98,84.85,96.78
67.34,12.83,68.44
35.36,32.20,62.15
73.33,99.84,21.42
69.87,110.38,25.77
68.20,91.56,32.49
59.18,30.06,24.38
62.29,72.36,52.07
46.76,59.71,46.95
61.55,79.39,70.99
35.80,131.85,62.85
84.41,118.62,67.68
34.86,21.76,57.76
26.80,134.64,42.22
54.90,76.05,96.23
72.66,114.14,26.91
55.02,29.61,95.11
42.14,103.90,44.90
64.65,43.09,61.01
47.76,71.37,28.71
94.63,12.36,25.67
93.81,31.23,54.36
60.19,22.89,79.34
46.23,43.56,41.55
78.97,24.00,64.99
22.94,106.87,42.29
57.98,14.07,51.09
46.91,96.48,92.52
93.64,29.70,88.47
20.96,142.32,61.28
64.23,140.63,39.05
79.25,41.57,35.45
58.80,96.02,96.33
26.83,13.92,36.22
97.80,140.45,84.65
61.44,83.22,49.52
69.13,16.05,98.85
38.93,57.95,49.45
58.68,20.76,48.12
54.33,65.01,71.00
25.99,103.79,96.92
28.49,75.78,98.10
87.00,63.72,76.58
39.19,26.68,80.37
35.60,44.29,65.07
60.39,24.02,80.46
81.50,123.05,88.78
24.96,28.93,58.89
66.14,93.35,69.59
29.54,57.98,62.99
22.92,41.64,65.00
24.22,99.53,91.20
86.73,73.98,48.45
29.44,66.02,36.65
23.61,93.00,56.50
55.03,78.78,36.65
87.52,52.49,59.87
40.99,88.27,92.28
53.74,103.73,69.39
23.19,13.74,88.43
55.93,75.22,33.30
66.21,18.08,92.07
65.67,36.10,68.14
46.59,88.47,22.54
45.24,131.27,70.65
28.53,133.59,96.11
49.34,19.79,26.33
27.96,68.67,66.60
81.33,91.62,93.24
97.30,30.59,20.78
97.61,117.16,70.47
89.21,114.19,57.99
68.06,136.47,47.76
76.07,11.19,70.20
42.82,40.34,24.22
70.46,125.81,80.25
56.45,103.88,20.36
58.56,135.21,44.55
80.62,18.01,60.32
42.55,93.57,50.16
45.44,89.67,44.60
93.97,14.99,86.47
24.50,81.89,94.79
58.85,95.33,89.90
93.02,36.78,61.79
68.83,48.27,90.73
63.71,99.65,93.67
39.98,75.56,52.74
47.46,130.12,42.68
88.16,57.93,27.86
64.74,47.33,58.33
61.18,147.88,95.70
27.97,137.56,64.87
21.28,14.06,73.40
97.09,117.90,29.03
50.16,25.45,31.48
68.26,13.85,57.16
26.38,48.32,96.10
74.65,47.71,48.86
94.61,124.70,90.20
66.05,109.49,29.62
30.09,147.43,69.36
66.54,109.61,68.05
81.31,68.56,88.79
52.51,107.85,20.27
90.39,149.92,35.19
71.89,109.42,37.58
91.94,116.64,96.00
69.88,141.37,32.30
30.50,25.91,22.96
44.78,108.67,62.76
36.14,129.11,62.28
92.71,143.61,87.52
80.83,39.54,95.91
74.11,80.55,63.08
44.08,105.28,94.40
34.72,44.65,78.01
80.52,94.07,41.16
57.93,46.06,94.27
38.06,56.68,73.40
69.33,71.81,53.13
23.23,84.09,74.42
46.09,72.91,52.11
57.48,79.05,29.13
31.84,51.80,77.52
98.77,32.26,85.93
36.73,16.63,78.30
30.43,37.44,38.33
36.28,91.47,96.53
81.52,120.06,22.02
54.04,33.69,46.61
65.23,25.20,40.81
21.68,114.90,23.85
22.75,52.72,52.46
55.67,143.21,69.85
85.33,110.00,90.60
90.82,55.75,99.18
26.94,50.54,84.65
63.07,83.32,57.49
93.06,21.08,77.90
51.04,26.47,87.49
86.37,34.62,57.22
30.70,118.46,82.80
94.83,81.94,58.61
80.11,11.48,50.92
95.31,104.29,62.09
74.13,69.32,74.07
49.07,81.52,78.15
95.05,39.98,48.54
42.05,87.25,65.71
46.57,147.08,92.79
76.06,20.28,98.11
81.23,49.75,38.18
94.35,44.02,35.43
36.38,44.80,74.13
83.84,63.02,53.17
79.08,124.54,21.94
25.10,137.80,47.75
50.98,38.31,84.54
42.62,86.01,83.79
44.36,99.17,59.57
98.64,83.06,57.81
71.42,70.77,66.36
77.41,36.88,37.55
98.13,78.35,62.08
50.18,66.17,20.88
84.15,121.38,58.04
54.76,116.90,46.88
89.56,28.76,73.99
34.45,22.39,71.07
95.81,137.14,50.47
37.50,84.97,20.58
46.10,130.09,40.18
80.50,18.14,70.67
51.50,83.71,25.79
68.66,85.52,28.61
55.57,130.50,71.76
79.39,23.67,80.46
38.27,43.66,45.72
24.68,66.92,59.17
43.99,131.22,95.66
57.94,141.44,95.64
33.44,148.98,44.60
48.38,144.29,84.80
52.00,10.83,67.52
24.59,16.68,98.04
66.66,30.66,58.21
90.75,58.84,81.98
32.14,126.19,81.45
67.82,134.97,59.79
73.18,36.16,83.65
53.55,96.75,40.88
76.09,138.43,29.78
52.86,74.92,54.01
60.37,24.50,95.49
20.59,74.09,60.06
75.34,62.61,70.82
72.91,90.87,69.93
23.07,71.41,30.61
49.46,12.43,51.22
98.32,149.16,76.56
53.66,86.10,97.76
60.16,76.31,33.44
92.79,143.65,52.84
77.38,31.82,27.61
66.57,36.49,39.39
83.82,123.12,50.14
89.15,46.52,63.25
56.55,121.89,38.45
58.01,48.01,38.21
50.88,14.65,82.23
97.34,82.38,97.01
75.77,37.54,45.89
26.66,116.10,75.04
89.04,99.77,40.65
58.44,139.30,94.24
25.50,119.62,73.83
63.98,35.31,84.21
53.37,122.02,23.95
90.22,99.84,67.88
36.32,103.65,62.21
86.12,126.52,43.44
64.62,90.34,40.99
24.37,75.24,66.40
97.75,99.13,76.52
61.01,51.71,22.65
43.27,35.56,65.39
57.55,96.32,33.64
88.63,42.74,31.23
44.39,21.19,69.85
35.41,10.08,44.87
30.33,95.16,55.27
43.83,60.70,48.80
82.40,115.32,71.87
57.73,62.52,57.61
38.20,78.04,97.08
33.29,66.99,48.19
46.62,101.08,79.22
95.19,59.86,40.58
47.44,144.93,60.70
99.05,141.06,64.21
58.82,128.72,46.33
34.33,138.84,57.74
91.29,72.88,42.34
56.83,85.10,20.48
76.77,113.89,37.25
98.70,107.46,76.01
24.01,134.70,81.68
27.74,110.29,42.42
77.64,149.70,52.64
42.55,58.79,22.99
34.74,126.62,38.97
23.15,107.67,82.34
21.75,106.79,68.48
81.96,55.62,36.46
30.75,119.98,40.60
57.42,136.05,85.34
68.47,40.60,36.73
54.27,97.57,46.73
22.17,64.90,73.15
82.68,148.54,64.89
20.84,77.04,56.87
80.95,41.96,91.98
91.46,63.46,37.58
54.63,101.54,79.31
62.84,20.65,32.73
58.16,94.50,69.26
51.14,140.37,89.65
90.99,129.05,56.63
91.51,19.47,77.94
46.87,149.07,85.63
69.21,107.82,30.88
94.15,32.72,76.47
96.96,11.74,93.59
60.72,33.98,66.11
56.23,127.34,34.89
42.30,13.03,30.16
96.71,42.64,40.78
31.43,116.02,28.28
66.39,92.06,61.07
42.60,119.58,25.58
42.32,114.46,37.87
52.40,17.08,55.19
99.90,134.95,57.91
24.40,41.78,65.23
66.28,87.47,76.45
26.61,100.20,23.78
32.36,33.61,26.45
55.17,146.67,24.87
60.84,78.34,53.85
40.70,18.07,23.35
45.32,141.22,79.69
26.96,92.08,37.84
44.26,107.89,95.14
97.32,83.52,58.91
95.58,126.86,55.71
46.79,14.64,82.44
65.67,47.57,77.05
92.77,75.75,68.58
20.49,20.72,94.81
84.85,108.83,53.78
95.87,65.11,84.68
27.31,48.17,50.41
32.92,10.47,87.07
96.86,110.78,40.76
63.00,126.73,43.14
21.14,65.31,74.23
40.61,88.99,37.02
56.00,41.88,38.33
75.43,97.11,44.42
78.65,11.70,74.31
99.63,78.41,91.15
43.00,100.19,73.97
63.06,138.55,86.23
62.67,63.39,63.48
52.45,117.13,25.51
33.53,93.68,28.04
98.20,139.78,64.35
88.27,65.77,46.22
59.87,54.67,37.65
68.26,134.20,57.30
38.18,16.89,73.32
63.50,29.09,50.80
75.60,21.54,84.20
61.21,128.04,79.08
99.22,11.49,78.79
68.91,130.63,98.82
49.68,73.18,43.62
81.77,10.56,71.58
33.64,66.23,88.44
50.76,36.15,66.36
47.76,97.42,83.16
54.54,105.11,53.16
82.54,78.25,67.24
58.73,15.67,24.45
83.52,101.86,98.86
66.12,127.89,84.00
47.37,110.85,89.50
84.80,126.19,75.54
39.06,38.07,34.88
37.95,134.44,22.48
60.36,55.11,89.17
40.87,11.88,51.71
20.73,128.07,41.11
71.86,141.85,64.93
60.89,101.78,53.67
55.64,42.40,72.13
97.36,45.24,58.70
65.70,75.32,75.78
89.07,135.70,88.27
31.16,30.94,35.64
65.54,125.64,46.35
89.44,50.78,54.95
66.65,123.20,96.96
77.44,138.84,49.23
49.76,69.85,50.49
27.40,61.11,72.28
56.63,122.31,53.54
51.56,84.13,96.10
89.36,105.82,91.56
39.52,97.20,61.07
97.34,31.40,71.58
96.65,128.27,24.64
39.81,37.41,75.66
47.84,140.52,76.58
91.64,45.08,48.74
97.33,112.74,37.57
55.48,49.85,93.21
45.68,54.49,54.14
62.09,53.40,72.30
75.02,114.70,22.67
41.88,87.95,53.13
78.92,133.61,85.38
24.13,53.03,51.01
23.94,106.88,68.25
50.90,115.41,36.79
48.28,31.21,53.32
45.25,66.08,94.21
59.28,77.59,65.32
45.66,59.80,92.15
35.38,55.10,92.16
44.76,106.10,95.53
97.99,40.22,91.63
52.89,109.31,20.26
55.58,140.91,94.72
66.12,89.13,31.00
98.67,95.60,23.19
39.33,19.65,24.43
74.50,131.03,47.91
77.28,49.96,69.66
68.59,96.11,52.18
27.09,147.08,22.04
74.15,93.37,58.12
25.13,111.46,55.37
67.69,72.34,80.55
79.17,18.45,42.37
36.88,121.66,37.40
87.33,14.90,40.48
22.43,108.09,44.30
87.51,13.21,67.93
56.83,130.72,57.72
37.41,32.07,46.95
30.70,82.00,49.95
96.26,93.60,49.67
25.81,74.06,97.79
35.93,57.71,38.64
47.83,75.49,85.44
69.62,53.60,76.66
63.58,71.34,20.45
30.05,60.25,99.45
43.18,89.27,80.52
39.10,43.31,74.60
37.08,148.41,52.43
52.89,80.12,64.42
76.32,37.18,40.26
37.40,76.79,22.84
49.33,131.30,86.88
51.27,13.05,91.72
98.12,105.14,33.00
96.37,86.72,82.96
84.01,33.74,79.29
39.33,124.45,34.27
25.44,61.64,53.75
45.35,51.13,53.82
41.34,125.94,80.80
60.47,99.39,87.01
82.22,135.76,27.58
88.67,98.18,65.04
87.59,113.71,80.94
48.77,127.10,82.90
74.98,17.66,31.84
45.03,118.65,62.04
24.87,95.92,88.60
76.13,19.73,45.48
20.79,81.20,54.01
52.73,21.54,84.35
46.35,113.03,27.15
75.47,86.51,88.76
81.30,143.50,44.89
44.33,35.64,20.12
84.93,94.84,38.73
43.51,39.62,27.16
55.71,95.97,27.39
78.16,111.17,75.43
75.43,111.12,37.12
98.99,124.11,94.78
38.01,129.50,61.32
72.99,20.82,56.81
68.77,58.06,54.74
93.21,106.20,75.41
32.51,79.80,56.18
80.14,36.69,30.29
65.46,87.38,90.41
41.97,67.04,54.27
57.95,64.61,25.92
46.70,123.37,62.35
66.35,67.06,71.79
91.12,13.70,42.05
65.54,18.13,84.03
70.54,129.87,73.58
61.50,144.48,72.03
24.09,106.38,53.67
38.63,61.01,96.95
59.36,141.40,41.94
44.82,102.79,66.22
34.54,128.21,44.72
60.33,117.22,79.58
45.82,63.08,23.82
40.65,77.02,23.67
57.12,36.06,84.87
30.66,50.88,54.74
94.22,118.94,47.29
89.42,135.16,68.60
76.61,111.42,76.15
28.50,75.12,36.10
82.07,22.11,34.83
84.64,17.97,96.65
81.42,62.41,67.17
29.12,74.94,51.21
71.51,95.28,84.12
86.75,10.91,62.01
66.19,148.56,39.33
71.71,60.95,36.54
56.67,128.73,51.75
62.30,84.90,88.79
22.75,28.26,24.92
71.12,121.66,37.48
26.52,109.38,91.45
54.80,83.84,29.74
43.41,82.04,70.37
63.63,22.25,37.08
30.67,101.82,68.47
75.33,137.57,50.65
83.60,23.05,28.13
33.07,46.89,66.60
28.35,136.32,74.64
31.64,49.81,74.42
90.17,101.55,70.96
62.26,84.87,60.02
57.38,93.49,61.56
28.54,68.21,70.85
71.96,52.00,75.22
89.44,16.79,72.39
86.25,114.20,66.96
70.08,114.45,32.47
26.02,103.90,36.85
28.99,100.11,40.82
23.94,44.12,93.57
40.60,13.13,80.75
30.85,123.22,64.23
40.80,78.76,40.16
50.80,52.96,28.87
95.44,24.27,91.90
68.83,18.78,91.41
86.80,58.84,28.86
76.83,122.66,83.78
29.00,138.62,55.73
78.87,135.55,45.92
42.01,138.80,79.13
71.13,137.08,69.15
47.28,83.81,82.40
99.81,40.72,25.95
41.08,121.73,45.49
42.33,39.92,45.55
94.45,47.41,46.38
21.97,42.66,60.20
75.74,82.10,42.64
78.03,55.06,55.55
86.91,31.58,49.42
97.96,73.44,78.82
98.05,132.35,68.28
25.22,89.88,72.29
85.75,132.97,36.85
71.70,37.42,46.04
71.79,33.38,21.69
30.27,90.58,28.67
72.01,74.87,41.20
98.60,102.42,25.24
92.95,121.25,68.21
55.13,115.18,99.85
23.20,141.92,28.07
48.98,65.76,85.70
86.11,38.89,29.51
76.12,87.13,73.59
56.75,25.50,71.45
24.41,50.44,92.22
54.15,39.10,29.12
57.52,65.52,45.24
94.28,25.57,27.26
71.29,14.46,52.59
44.93,101.95,92.93
62.03,95.43,82.52
25.28,109.17,77.83
97.81,102.45,62.64
48.80,26.00,90.68
58.23,50.75,55.96
48.42,28.13,31.97
74.60,128.02,87.01
72.98,114.57,42.37
77.23,38.21,24.29
41.45,57.78,30.08
45.25,145.33,68.72
30.02,93.18,68.57
72.44,122.16,40.81
23.18,47.04,78.17
67.81,39.41,81.89
89.58,119.75,93.64
91.27,106.02,66.79
55.92,105.34,82.35
56.74,87.37,80.25
26.16,88.90,40.62
73.66,113.00,44.82
85.70,47.80,58.28
39.57,59.39,21.52
53.70,132.03,43.79
87.11,53.24,57.91
90.17,86.48,28.65
39.45,108.37,30.10
64.05,149.99,57.06
35.40,70.94,78.48
28.15,69.93,86.70
92.89,127.96,63.71
85.64,122.77,57.98
80.80,112.35,50.74
23.90,74.85,35.44
87.50,55.35,31.72
55.04,95.22,83.35
47.39,132.67,57.20
63.72,133.73,83.23
27.31,25.19,76.33
80.53,69.97,35.51
66.59,75.06,60.82
34.93,146.87,55.52
35.06,104.92,53.91
34.74,67.01,63.41
24.56,13.65,98.57
67.02,89.15,85.03
87.23,23.45,92.30
21.40,126.82,22.37
23.92,115.35,31.23
65.82,74.47,26.78
85.56,70.09,41.06
46.14,135.63,55.35
47.97,50.38,71.36
67.71,44.86,60.07
41.94,141.49,92.25
22.13,123.29,95.19
78.82,124.89,33.08
70.05,37.33,88.23
66.46,30.06,58.54
79.33,13.64,56.27
74.02,43.19,82.80
36.47,118.39,27.45
48.20,43.61,90.60
30.09,112.07,73.67
30.39,45.27,90.02
74.10,65.34,99.56
88.69,147.64,61.44
97.02,44.27,27.46
70.27,62.69,33.32
34.73,52.15,45.89
28.45,25.35,28.28
85.03,78.59,85.23
66.30,63.02,43.75
69.46,107.28,98.07
82.52,124.46,76.21
76.26,86.19,33.87
86.76,14.51,58.08
24.50,96.65,57.35
79.80,17.75,59.40
88.07,96.29,62.86
42.89,105.90,22.49
71.24,37.69,74.90
45.13,124.71,58.98
96.64,137.55,83.28
22.67,123.83,85.23
66.38,52.72,38.44
33.32,92.13,23.87
76.98,138.07,76.26
34.07,54.89,98.22
38.83,124.80,55.73
59.55,11.33,40.77
93.19,10.51,32.53
36.94,116.36,43.00
31.54,116.60,46.23
80.72,120.46,53.91
60.05,140.20,72.43
92.94,26.51,41.85
31.73,42.48,24.08
71.67,136.52,49.86
38.63,34.81,88.45
32.54,105.51,59.87
74.67,84.26,97.18
67.49,21.65,60.29
80.39,49.94,42.07
44.76,82.85,35.47
55.84,129.33,75.56
52.44,109.06,62.91
98.73,97.06,68.32
43.38,79.44,80.41
43.59,51.82,78.07
48.36,26.69,23.47
65.17,67.27,84.21
40.19,13.99,62.62
93.22,39.55,51.34
41.25,70.55,63.00
91.67,68.60,69.00
28.28,16.20,31.96
72.53,92.47,53.39
92.56,86.96,46.85
33.50,20.93,48.03
97.47,142.04,27.31
56.23,23.91,32.79
95.66,129.68,32.95
74.15,10.04,49.86
44.13,133.52,91.56
35.06,12.76,36.48
44.30,116.09,53.30
27.44,60.64,44.93
31.51,113.35,82.99
28.37,66.24,24.01
53.84,19.93,35.72
83.65,117.45,36.85
31.31,19.98,99.44
30.43,139.10,65.66
71.47,17.14,31.12
35.77,77.11,41.78
27.81,111.22,33.43
33.35,65.05,29.97
93.90,40.41,83.77
85.72,116.27,59.66
48.33,119.80,70.50
72.47,139.18,46.50
62.98,62.66,64.30
74.17,80.88,40.61
74.61,60.84,44.64
70.30,45.99,72.18
41.29,115.14,32.03
23.12,57.55,69.38
56.45,69.94,88.18
91.28,66.51,29.63
65.56,109.77,91.80
86.59,138.49,26.36
99.33,103.35,47.91
33.09,76.02,68.84
75.34,119.09,64.75
73.94,99.74,27.71
98.40,18.49,83.91
98.85,23.39,97.85
74.93,15.31,34.50
39.49,73.95,91.61
83.88,125.62,64.54
28.56,53.83,94.87
82.46,63.78,34.09
92.82,137.33,83.36
50.63,127.17,24.78
70.45,103.11,90.66
54.41,47.35,73.93
55.02,26.39,49.62
44.83,12.25,35.24
80.97,24.98,85.32
94.89,50.96,68.26
95.26,87.25,48.83
33.98,18.96,55.51
89.98,29.07,86.12
78.99,35.35,47.11
40.23,98.48,27.17
25.38,96.21,92.90
41.44,87.11,50.99
92.98,45.07,47.87
70.65,61.96,36.35
77.68,23.54,91.79
40.57,41.70,37.40
77.55,135.68,70.93
22.25,147.16,90.46
50.03,100.67,22.79
70.14,138.36,86.30
31.69,99.98,52.85
85.84,14.65,72.64
38.80,149.55,49.79
72.18,23.85,75.64
52.42,105.57,40.34
67.68,45.40,21.75
28.60,64.88,95.82
21.35,100.43,21.31
92.77,71.11,85.93
41.57,45.08,33.53
85.57,56.82,51.38
99.95,57.82,85.80
36.91,144.31,36.47
41.21,121.81,89.26
73.03,74.20,59.82
97.24,37.97,49.29
93.27,123.54,73.00
60.23,32.01,47.31
83.61,39.46,47.78
30.86,61.24,78.68
98.20,133.25,44.79
97.15,28.45,36.06
33.10,27.11,84.61
43.95,79.16,84.43
28.01,48.70,59.81
41.74,89.62,62.13
85.28,73.23,75.69
50.27,70.89,60.74
27.07,25.68,53.36
47.38,29.75,99.59
98.51,124.95,31.81
70.37,134.02,67.42
53.29,42.86,90.87
33.32,25.88,74.98
98.89,17.48,90.47
85.67,95.16,46.91
42.52,110.15,41.76
25.61,62.19,88.10
24.53,105.15,51.53
29.63,109.81,76.77
66.46,140.95,31.82
94.30,19.08,80.47
59.74,36.92,63.92
87.44,19.59,41.49
55.67,131.52,59.56
76.69,120.96,75.76
78.55,90.45,20.95
33.92,21.71,71.00
48.90,48.26,63.33
70.98,51.68,37.62
25.66,88.50,80.24
48.92,46.13,44.28
62.78,20.21,42.15
99.70,112.31,57.70
57.96,51.87,74.09
85.28,73.33,94.31
54.57,27.87,31.31
83.71,122.36,51.72
67.63,89.17,25.36
90.93,136.22,80.68
52.88,79.37,55.82
68.34,141.80,76.55
70.40,134.86,45.78
53.39,90.70,87.55
31.54,140.75,62.79
27.48,55.23,95.49
21.33,61.19,26.31
89.88,16.37,61.14
38.92,92.49,81.32
36.92,111.07,68.01
78.88,118.29,21.86
45.60,30.97,97.79
60.48,72.18,43.86
33.00,34.76,39.94
96.78,102.70,58.85
88.13,32.11,63.37
89.10,136.58,81.30
52.54,42.29,51.46
80.99,50.80,55.20
31.51,129.13,62.80
20.69,74.19,51.55
21.60,13.36,93.16
66.93,79.24,88.10
56.43,21.84,56.40
61.44,147.95,20.02
20.60,92.34,92.07
53.81,45.91,29.95
77.45,88.92,39.56
55.42,20.76,32.19
78.58,121.98,34.39
38.64,139.55,84.23
85.05,132.42,66.36
67.07,57.85,96.49
36.86,55.61,38.52
38.94,14.91,58.85
70.24,101.20,98.19
86.40,84.89,86.12
53.25,74.31,78.29
40.66,137.07,35.12
89.36,33.50,81.55
73.54,11.35,47.81
55.85,20.26,62.44
59.03,41.27,68.73
36.34,14.66,68.75
70.14,80.40,78.12
48.70,53.97,72.94
99.65,35.27,25.47
58.41,115.01,56.59
58.87,38.62,73.12
65.27,106.26,43.68
93.34,58.90,45.04
84.07,81.66,29.97
56.09,140.74,53.49
77.50,15.23,98.95
66.90,80.04,42.83
59.39,129.62,62.51
35.39,92.32,79.46
57.11,48.76,21.08
39.67,65.68,92.04
93.19,105.24,50.92
46.83,134.71,89.53
96.18,15.75,23.12
62.64,20.02,31.65
70.52,55.51,45.80
63.44,42.59,47.64
30.35,47.09,87.82
50.07,40.98,20.90
27.93,37.42,71.29
69.84,28.29,30.50
55.75,140.75,85.86
82.24,30.19,82.29
37.64,38.62,59.99
33.17,44.48,37.01
52.51,140.62,70.76
94.13,115.80,32.50
76.83,120.56,35.20
53.51,24.67,70.14
61.38,127.08,99.30
26.74,67.15,91.28
98.77,46.80,67.45
73.31,90.61,63.08
42.83,125.11,99.87
66.86,119.01,63.79
28.76,134.60,53.61
97.27,139.94,92.76
33.98,43.34,38.73
71.84,69.34,27.80
39.64,12.05,70.73
77.40,133.11,27.67
82.15,31.64,49.85
73.87,130.61,53.89
69.16,56.11,63.80
91.40,61.54,99.33
26.29,15.48,37.68
46.47,55.76,50.06
39.86,134.37,30.58
99.04,13.58,68.61
51.15,66.89,78.21
78.61,14.40,58.57
74.78,61.93,39.67
36.97,34.17,69.67
39.12,45.31,63.13
42.50,132.86,33.69
52.89,71.05,52.45
38.75,48.33,54.82
21.57,92.51,98.61
90.35,29.89,87.94
97.25,46.31,78.75
47.33,86.47,91.10
47.08,43.25,78.84
20.57,105.08,92.27
74.42,78.81,24.36
86.04,118.08,56.49
31.73,142.75,79.75
32.77,26.21,66.66
83.21,56.85,34.01
69.30,54.74,47.24
23.59,31.17,45.42
69.80,123.44,40.91
44.71,116.38,47.45
49.50,77.82,61.19
81.58,85.29,88.39
84.87,18.34,79.36
52.03,87.77,86.82
95.77,120.79,90.69
52.52,90.34,53.29
81.75,47.14,47.68
58.71,103.46,24.61
91.80,60.61,94.44
92.62,86.28,25.27
26.99,78.26,79.29
94.92,63.36,50.25
86.04,110.64,95.90
83.30,133.74,53.57
36.07,10.73,85.33
84.41,140.71,42.61
88.01,81.61,43.93
43.13,108.10,67.64
96.18,129.79,99.84
23.99,75.39,61.41
31.99,126.90,94.90
63.01,34.87,82.90
66.06,32.28,83.67
71.61,102.05,54.88
21.36,131.82,50.92
96.83,134.94,35.35
23.57,100.12,97.12
31.44,83.57,96.75
21.12,56.40,79.77
65.35,147.20,43.70
94.58,54.76,39.61
73.28,114.19,99.09
85.81,84.48,25.32
21.06,95.19,87.49
63.36,65.09,48.44
56.77,145.08,53.51
59.92,90.04,86.56
25.78,141.29,27.25
74.75,11.06,48.33
60.26,90.17,96.16
81.21,110.41,75.93
58.82,114.31,80.40
31.95,136.70,80.60
71.86,10.62,24.85
33.79,10.05,36.26
89.79,76.12,59.30
69.05,14.10,49.45
32.58,146.43,52.87
96.99,41.09,82.52
61.47,76.17,21.17
25.83,18.56,72.84
70.15,83.09,20.01
40.26,63.19,25.04
84.30,16.25,52.66
85.43,56.92,87.28
98.32,64.80,31.60
60.15,148.59,64.37
56.40,39.10,74.28
80.28,86.27,38.36
30.60,148.22,60.99
63.75,120.88,92.91
63.70,149.07,60.98
27.16,145.56,32.59
53.44,78.54,70.23
88.26,107.49,67.38
88.49,25.46,22.16
27.94,71.76,27.25
27.26,123.26,32.54
41.02,80.75,30.90
89.98,108.38,40.76
30.31,114.41,56.33
77.60,45.49,49.74
28.09,132.60,91.25
69.85,74.38,68.97
48.49,39.43,90.09
83.11,131.16,62.16
38.70,68.49,27.19
71.14,115.04,57.06
38.85,86.72,85.76
77.09,63.46,35.53
89.89,123.38,27.30
30.14,91.83,46.35
89.33,64.68,51.11
67.49,25.34,44.50
30.17,135.36,30.82
54.20,14.97,40.07
32.87,130.85,74.58
76.03,60.39,50.87
80.71,99.51,70.60
28.46,139.11,62.90
60.49,31.24,63.92
85.17,89.37,39.88
94.89,117.02,61.72
61.08,116.06,21.89
96.02,83.59,54.54
62.86,97.46,65.81
51.54,116.05,34.56
87.86,127.74,40.52
59.44,116.65,37.56
57.75,59.56,25.64
59.22,149.54,47.83
87.74,70.83,98.32
86.56,13.43,48.31
52.28,60.77,56.84
46.66,27.89,72.25
59.35,27.00,71.88
65.82,49.41,95.99
39.07,17.47,88.61
83.52,106.39,83.52
58.92,20.36,96.13
46.72,38.46,38.46
28.55,23.01,69.36
39.11,18.84,90.98
95.94,47.49,69.93
44.41,90.07,98.19
33.51,145.06,28.03
56.85,132.58,55.15
44.57,132.63,98.19
22.81,34.65,50.37
45.85,47.09,79.16
63.53,20.70,22.43
64.14,118.99,75.59
48.52,19.77,94.77
55.78,87.94,50.62
97.24,44.70,21.70
50.19,44.08,22.23
40.66,148.70,91.36
39.48,115.95,77.80
56.62,127.17,28.53
80.76,90.08,24.37
36.48,131.94,84.39
76.74,100.37,84.79
21.69,142.46,29.64
53.51,49.39,44.12
82.07,93.34,82.40
47.10,106.62,62.03
65.10,65.01,96.53
36.40,133.16,58.49
79.36,147.17,74.16
24.18,79.13,60.78
88.20,64.69,95.44
35.86,76.07,51.89
89.95,129.38,38.38
48.20,100.37,46.13
77.81,16.27,88.22
45.54,85.90,59.84
92.47,12.42,48.34
30.13,118.99,63.54
34.28,55.96,30.66
59.44,76.08,20.43
26.56,121.81,42.45
35.68,16.50,68.40
95.50,32.20,76.93
98.12,65.71,86.13
50.10,42.19,94.13
93.86,57.31,52.97
63.59,149.74,79.24
41.58,125.56,25.97
76.19,133.75,24.60
72.71,141.19,29.98
99.13,57.73,55.89
41.20,51.59,36.90
73.76,42.77,42.95
24.16,126.22,71.83
29.09,105.14,48.68
20.31,43.06,64.59
99.96,62.78,52.99
84.18,80.94,33.52
82.94,83.94,25.92
60.78,134.42,38.90
44.01,63.28,24.62
32.10,137.19,69.49
42.77,71.79,83.66
50.08,114.49,47.18
80.50,140.24,50.97
63.17,137.06,85.30
26.20,17.97,37.81
21.44,38.80,29.53
28.19,76.77,60.09
52.84,70.42,71.70
94.66,99.72,67.97
70.99,142.26,77.11
84.15,25.74,24.54
57.31,73.26,54.26
48.93,36.94,39.09
28.67,135.18,80.73
90.07,145.04,89.82
82.65,77.02,42.51
33.45,24.56,27.62
60.98,119.94,40.27
58.99,107.60,28.32
70.01,59.65,45.79
95.69,134.24,63.06
66.38,146.62,97.89
63.22,88.10,51.95
24.03,89.20,37.60
25.03,51.65,33.34
34.99,91.83,33.84
22.60,71.55,35.41
79.47,52.31,80.98
77.87,19.41,24.88
30.88,45.38,99.79
86.89,37.70,61.81
32.38,85.89,63.54
44.09,94.23,48.61
39.92,95.20,75.22
49.78,64.35,57.72
40.37,68.97,46.32
59.12,126.79,41.21
52.59,76.67,94.05
98.93,148.29,43.28
24.47,71.55,54.91
31.37,100.94,48.03
24.23,17.05,26.89
70.07,101.47,34.87
24.36,129.20,35.16
86.92,141.94,75.49
60.96,149.62,52.53
62.16,49.51,82.56
64.93,90.55,76.72
33.67,73.10,35.36
35.82,88.93,65.03
45.51,32.04,79.43
67.48,129.86,70.64
36.81,137.34,68.00
29.31,72.95,79.17
97.61,49.26,24.54
21.76,29.72,78.51
84.22,105.73,41.81
83.04,53.71,65.75
43.78,137.34,39.38
30.85,103.94,87.11
31.65,100.40,58.44
75.79,88.32,71.44
71.42,16.41,83.53
82.62,140.47,91.63
95.00,97.91,78.56
75.35,149.17,31.90
32.47,85.23,88.36
39.48,109.42,69.49
87.38,17.87,68.76
36.74,98.44,93.71
25.80,117.05,39.91
76.26,118.99,39.17
52.20,117.82,61.06
93.60,41.68,80.07
72.02,146.56,55.78
27.23,149.33,70.71
95.83,20.58,56.20
40.68,141.10,68.83
46.98,50.52,85.78
52.18,106.50,34.44
24.10,57.34,75.63
59.72,145.49,82.99
29.87,24.21,55.77
52.08,79.68,45.86
48.06,69.93,21.08
81.83,55.64,83.77
84.25,100.37,46.24
32.27,28.35,48.58
49.32,110.33,46.88
49.87,147.28,59.90
32.11,122.64,76.20
83.88,130.40,81.75
76.58,60.35,51.41
35.23,55.48,73.05
49.34,82.39,77.65
28.46,16.40,43.75
70.26,142.35,27.73
29.71,30.13,91.57
98.87,136.42,74.17
82.45,21.70,71.85
51.22,125.17,24.71
66.29,31.27,85.43
92.91,15.34,65.28
64.33,110.73,87.83
33.96,49.24,97.96
50.30,110.03,96.57
87.45,87.71,88.49
71.54,25.23,20.88
72.06,140.50,90.86
89.35,73.32,26.00
91.52,112.82,88.10
93.58,80.14,42.41
27.59,94.61,68.81
63.53,52.39,23.05
79.24,38.05,81.69
80.55,85.96,28.94
68.54,71.63,52.86
33.34,64.62,85.40
83.79,104.16,75.63
77.61,106.67,20.48
26.89,16.43,52.24
57.10,57.42,23.35
33.92,67.65,73.88
47.00,23.56,97.52
21.45,43.03,72.42
52.03,17.23,37.95
63.99,149.47,48.42
69.57,113.12,98.13
73.08,22.24,37.92
86.90,12.83,64.92
37.24,110.70,52.04
29.64,71.49,81.47
88.12,120.15,89.39
32.53,139.29,47.27
97.98,93.90,72.83
87.40,36.20,63.92
60.07,119.51,42.28
98.51,143.81,41.76
27.79,91.23,63.09
44.25,105.48,32.32
71.06,57.25,84.86
48.00,63.41,25.52
94.27,112.85,27.57
25.25,139.89,47.38
63.95,98.06,29.45
67.27,120.58,58.06
72.22,34.03,51.97
40.45,39.67,77.74
49.17,84.48,96.24
87.49,34.72,80.28
35.60,98.90,34.36
86.15,50.83,94.84
65.01,120.81,51.37
80.98,123.14,57.94
77.09,74.93,53.73
36.60,35.31,42.44
65.51,100.55,91.60
89.42,148.99,46.58
54.57,97.16,66.29
97.33,15.01,39.20
56.18,12.42,83.79
31.42,54.85,81.94
51.15,37.41,43.70
96.14,123.83,74.52
45.58,128.27,76.31
89.45,46.21,65.00
90.50,55.59,68.05
48.01,43.07,65.96
26.66,137.17,26.55
77.96,80.37,73.62
44.92,101.86,57.58
82.63,68.17,55.08
55.41,98.34,88.80
58.82,64.02,21.86
82.23,57.55,40.11
50.59,98.83,29.71
55.45,92.75,22.83
50.10,51.09,42.05
49.39,30.91,99.08
62.08,61.60,41.62
84.70,68.13,73.10
48.94,98.02,29.46
61.94,138.03,68.15
73.66,15.07,98.76
41.56,44.11,43.35
42.20,37.12,87.85
94.67,80.32,99.81
77.88,70.16,67.08
66.17,112.07,44.75
71.82,43.94,73.88
22.34,93.23,87.59
69.45,133.74,33.71
60.76,137.49,56.20
63.66,144.23,45.54
48.75,118.26,42.67
26.52,136.84,88.87
35.47,42.83,53.73
96.06,37.66,47.13
52.70,10.91,68.28
57.33,108.96,37.55
24.22,141.25,38.39
23.01,36.17,61.62
77.37,99.17,52.74
63.05,114.50,43.60
60.70,139.87,24.32
39.45,100.56,61.66
79.58,145.84,85.33
33.46,58.25,88.11
35.19,58.99,38.84
56.86,86.02,67.97
42.90,63.69,88.47
39.80,10.20,52.70
71.62,112.45,94.57
72.08,115.24,92.24
85.96,114.58,36.65
53.42,58.30,40.72
25.85,83.12,34.44
41.89,60.40,35.68
98.40,12.25,92.63
67.70,88.74,94.49
76.78,27.33,24.15
20.59,21.21,67.49
61.46,115.77,65.14
23.00,11.33,51.24
65.54,144.26,70.54
93.66,82.14,95.79
97.47,147.62,33.62
63.24,18.12,29.63
56.66,91.69,22.67
95.60,58.91,49.11
73.89,128.09,47.01
25.19,60.57,54.47
57.26,46.47,60.26
39.22,130.06,80.63
57.58,62.45,51.37
56.44,12.36,46.45
66.57,64.64,86.15
48.54,101.63,87.98
33.14,45.61,38.62
60.30,70.48,45.17
86.42,17.94,86.01
73.12,92.33,26.35
47.07,115.88,46.07
94.84,67.86,55.87
92.98,68.83,34.97
36.75,22.36,34.39
23.15,38.27,53.99
79.30,31.65,80.36
86.21,77.44,87.22
97.43,84.10,98.34
91.19,142.85,25.92
68.04,20.25,37.33
62.40,93.98,80.53
22.23,83.71,63.25
39.73,82.27,46.21
56.77,132.24,36.45
70.28,38.78,42.44
64.58,15.71,54.34
79.41,104.12,34.17
42.38,58.32,97.14
65.20,12.46,28.61
27.05,45.19,98.85
53.09,53.31,87.35
80.01,96.36,53.85
75.47,34.16,79.19
99.25,67.83,73.72
42.23,77.55,37.06
59.86,74.29,47.13
46.36,146.35,61.05
55.25,16.37,71.03
88.56,143.14,63.43
74.74,91.47,57.84
90.60,121.40,55.45
36.28,70.25,59.86
89.87,73.54,54.75
24.78,133.11,63.31
91.09,135.43,91.04
46.33,43.42,70.63
45.17,37.89,77.81
60.97,79.47,67.80
95.26,136.04,71.44
23.82,55.13,66.27
48.18,101.28,22.15
88.53,109.14,99.97
51.68,119.01,22.69
35.93,88.95,51.61
53.98,66.34,28.41
50.84,145.38,27.75
93.23,95.59,83.48
80.95,112.00,54.07
60.41,58.30,84.09
99.07,103.79,41.82
57.22,46.09,40.52
24.66,44.31,40.10
40.98,110.06,69.29
54.89,83.00,85.20
32.55,105.66,56.18
95.81,47.72,50.34
81.35,93.82,97.89
41.46,72.15,29.34
67.26,93.57,58.93
77.72,50.72,52.68
95.30,110.16,27.85
90.53,122.83,41.46
61.22,46.39,22.28
81.97,52.09,90.16
64.97,102.56,68.63
64.22,107.38,85.20
29.18,108.57,61.72
30.09,105.58,67.96
62.36,64.99,76.07
41.51,65.28,92.64
21.68,45.67,27.34
77.83,31.96,46.48
22.60,106.96,76.72
67.62,23.05,96.67
63.14,141.29,98.46
97.51,125.74,71.05
58.74,130.05,35.49
25.09,136.93,29.54
64.14,67.20,95.68
87.29,128.54,54.71
99.75,32.13,35.59
54.43,13.03,94.71
45.62,119.88,28.36
92.53,20.47,78.37
35.30,148.39,70.02
69.23,104.47,27.02
52.46,115.48,47.10
23.29,44.41,31.99
47.78,104.34,68.36
41.22,16.05,58.17
74.89,127.30,20.34
95.90,33.75,98.06
41.44,107.63,47.97
84.92,41.43,40.66
24.43,19.58,37.80
63.05,77.41,32.71
25.64,33.70,99.93
94.72,112.12,43.61
81.31,43.26,52.44
72.64,57.95,89.71
85.91,89.44,71.35
71.80,49.90,49.50
97.52,62.92,91.87
77.12,124.19,79.98
93.97,35.09,38.23
61.37,21.51,71.50
29.37,55.97,93.79
62.25,69.41,59.72
30.15,85.97,78.69
67.40,62.14,97.69
58.60,120.59,75.23
69.81,15.50,28.20
20.80,70.45,39.56
35.59,63.52,67.61
59.31,100.66,42.04
96.04,145.28,96.60
50.69,81.45,52.43
53.95,148.16,56.58
77.18,52.31,76.13
68.30,14.32,61.94
43.91,33.19,50.57
52.87,65.32,26.13
37.42,54.29,67.72
97.28,23.59,89.41
30.45,70.57,74.86
49.75,57.34,50.52
22.07,27.17,30.22
37.74,51.46,85.31
82.44,134.10,95.34
36.09,52.29,51.06
26.41,109.95,78.29
57.96,95.69,52.86
20.80,69.81,60.18
26.78,43.46,86.92
84.61,61.66,26.67
81.72,92.90,62.43
93.21,59.11,37.17
88.36,40.09,47.18
74.65,26.30,71.55
24.19,133.17,22.18
82.63,71.64,67.51
87.64,97.53,42.68
83.93,78.66,73.56
60.68,132.16,31.33
38.63,86.57,78.86
87.63,77.31,71.65
78.17,139.44,97.70
98.46,110.76,92.90
32.46,25.62,42.66
38.05,34.88,22.19
36.94,120.20,72.43
83.40,127.02,68.23
34.95,86.33,22.19
25.33,87.62,29.81
99.88,98.47,66.78
21.99,71.48,92.95
86.82,105.23,92.52
49.23,25.19,32.12
87.33,144.58,50.77
64.37,115.02,23.46
92.13,98.36,57.54
94.10,54.29,80.25
20.73,32.53,83.20
26.03,67.31,59.92
40.03,102.62,27.67
73.55,98.72,50.51
91.06,63.57,94.57
56.80,95.86,38.37
68.56,123.92,45.58
35.08,13.68,79.75
84.40,73.09,78.69
97.39,116.20,92.98
41.49,86.46,51.05
59.59,101.21,61.17
26.89,82.33,57.39
64.73,148.86,94.22
60.22,17.65,81.55
31.55,78.75,86.52
55.37,22.80,30.65
46.73,32.37,83.35
61.75,63.63,54.64
66.85,31.78,21.87
20.68,144.92,24.81
80.88,142.55,74.23
77.04,57.06,49.76
49.30,99.56,89.45
24.23,84.73,78.74
80.39,124.18,21.73
96.41,97.84,74.95
39.21,10.04,35.39
45.88,116.84,53.81
34.71,114.56,69.98
66.15,81.36,89.82
32.39,136.41,56.49
48.50,137.18,84.68
75.76,83.35,82.64
64.81,95.12,53.16
50.92,149.51,60.08
53.62,51.83,76.04
64.97,55.45,22.49
20.47,35.59,91.26
26.28,135.42,81.59
90.50,114.23,39.95
26.23,24.79,98.49
76.54,147.45,34.35
93.60,112.33,93.13
41.65,129.07,45.96
49.64,16.74,81.05
65.51,80.69,56.51
90.54,107.80,78.92
95.35,86.01,32.46
79.17,103.33,41.56
26.93,124.50,27.99
73.53,62.41,89.21
52.82,128.81,43.70
57.66,32.81,75.56
23.93,47.92,85.62
35.28,16.07,92.11
83.24,61.02,28.50
56.32,63.19,91.44
44.13,122.74,35.78
50.72,101.44,78.95
88.35,71.14,78.31
79.92,101.30,20.68
41.79,17.39,37.65
29.40,35.24,59.35
40.16,97.77,53.60
93.66,99.79,93.49
66.53,118.38,48.78
62.68,66.42,94.96
67.71,111.16,56.75
49.28,105.76,97.15
84.57,144.88,78.99
61.86,40.12,86.35
29.34,87.24,28.39
30.33,94.25,66.89
62.95,149.81,31.42
94.93,38.17,43.81
44.67,83.25,69.89
89.56,58.47,78.10
81.13,83.63,23.13
39.82,42.50,62.48
22.91,16.67,65.23
28.15,90.16,26.31
78.28,57.02,60.06
35.97,35.47,77.11
49.70,55.35,24.26
60.14,16.90,80.82
78.04,143.06,66.11
29.06,91.36,86.66
52.51,124.07,37.45
58.81,69.24,86.66
63.27,136.46,27.56
85.47,77.66,52.31
33.73,90.35,35.96
84.63,78.85,90.08
75.43,112.66,76.39
64.47,89.33,22.03
75.96,48.02,20.76
52.96,30.38,43.30
31.07,94.86,31.46
73.26,78.49,70.42
61.97,23.44,73.10
71.15,65.39,95.36
47.04,82.07,96.16
92.55,125.77,72.71
66.99,20.65,20.45
26.83,58.79,48.72
55.98,125.17,61.05
80.51,100.78,59.93
83.53,50.59,68.27
59.57,128.35,96.84
91.58,79.06,90.82
41.41,79.77,28.71
52.85,146.72,41.28
91.89,142.60,86.65
91.70,60.19,85.94
74.86,29.68,42.03
88.72,55.59,78.45
27.10,14.27,73.76
89.20,12.91,57.88
45.65,65.37,36.12
34.27,141.74,91.09
39.15,131.99,74.23
53.44,81.60,33.52
40.10,89.13,76.38
45.65,10.83,79.31
30.80,40.17,90.95
43.69,13.47,37.83
65.78,115.64,99.10
55.35,30.39,32.27
47.74,131.67,68.06
79.72,100.07,72.57
91.48,42.12,53.52
80.54,32.08,58.00
46.56,97.87,91.27
79.56,136.12,71.62
32.16,110.57,59.76
30.43,58.80,30.27
47.65,92.23,20.59
84.62,53.51,30.00
39.71,149.88,96.49
25.06,114.84,81.13
30.54,96.01,97.37
88.70,69.26,22.86
70.70,96.54,74.42
40.26,57.83,23.54
64.42,14.04,82.56
62.21,65.31,50.48
72.43,140.27,27.66
38.66,97.68,65.44
89.15,21.75,42.41
44.75,133.90,72.77
75.53,47.64,72.65
21.29,44.13,76.40
49.81,51.59,99.40
48.14,90.81,50.94
63.48,86.26,57.23
25.82,78.80,84.37
83.21,110.46,66.27
37.42,54.32,22.98
74.16,119.49,87.45
84.26,34.55,24.12
64.95,119.57,33.67
79.27,102.93,28.17
72.95,105.65,26.23
48.44,77.42,22.05
84.71,103.38,24.40
43.58,21.17,55.40
65.70,129.22,40.23
79.63,17.78,30.12
50.32,30.82,72.70
44.22,90.75,38.09
56.75,113.52,21.52
85.44,20.68,53.47
94.39,138.91,44.83
63.61,146.31,45.49
72.92,94.83,55.62
92.26,77.37,73.51
27.88,113.80,69.32
38.57,55.97,94.98
76.71,79.06,61.42
85.90,138.26,57.81
88.56,143.79,37.07
53.21,139.79,80.43
27.15,46.74,31.26
55.02,42.55,59.29
38.46,51.67,53.71
43.30,71.78,72.66
81.78,53.98,93.41
26.04,62.39,95.73
86.21,96.89,33.42
54.21,116.75,40.95
67.69,112.98,84.93
27.17,124.02,61.46
46.99,14.51,56.24
27.18,16.68,76.85
96.92,120.51,68.15
84.58,84.63,97.66
56.77,90.94,66.72
37.89,17.36,57.28
94.68,45.74,63.43
47.57,99.37,84.68
32.88,130.29,69.01
65.05,138.38,71.76
95.50,80.06,97.72
20.31,86.37,69.47
39.05,126.63,50.42
95.08,85.27,75.31
33.69,82.36,72.76
29.06,136.71,21.11
65.61,120.59,57.39
88.95,137.27,79.43
58.17,40.55,59.92
99.57,83.41,82.37
74.33,127.95,56.07
25.93,25.56,98.67
99.43,121.25,43.43
52.63,35.62,27.37
42.99,123.14,54.40
64.63,95.68,63.34
44.34,37.05,47.93
26.92,76.27,39.38
20.11,105.47,73.76
55.97,98.74,50.17
86.95,69.81,70.51
65.79,135.91,82.33
99.94,82.70,80.88
42.95,80.82,50.02
42.44,18.72,65.43
32.78,139.10,55.97
33.13,34.80,89.66
42.81,83.97,90.30
83.43,122.50,47.50
92.46,40.16,27.34
98.01,83.83,33.41
38.58,43.70,49.36
90.50,116.36,65.14
46.26,89.01,72.54
29.03,129.84,46.51
89.60,135.24,73.40
70.89,100.82,95.02
33.18,111.55,72.16
54.39,86.89,32.69
42.98,63.82,66.37
78.94,100.74,63.35
56.27,137.16,89.66
99.14,68.34,48.02
24.38,54.02,53.84
48.40,64.38,67.89
58.55,70.96,61.95
60.25,20.30,77.52
45.27,79.78,23.23
78.34,79.20,65.08
89.98,92.38,29.73
95.10,60.79,45.22
84.41,95.84,72.93
88.05,132.95,32.59
64.04,143.77,44.71
86.07,91.71,76.24
44.28,15.96,72.06
51.88,145.69,27.28
45.35,108.82,66.18
57.39,57.03,31.78
42.85,30.60,40.18
96.93,30.08,56.74
45.03,33.48,28.75
27.84,16.38,99.49
62.15,136.30,33.23
24.57,85.71,82.51
28.84,107.99,86.39
37.55,125.94,99.56
57.15,120.82,54.29
54.66,133.56,89.93
83.98,145.42,96.60
79.16,71.47,33.83
54.11,143.05,58.35
46.70,111.26,24.80
45.32,19.89,69.66
81.92,105.45,66.51
24.17,106.14,36.33
21.03,136.82,83.83
83.64,62.21,22.98
58.17,91.89,84.50
30.47,11.71,22.13
38.85,56.49,72.55
94.60,18.71,26.30
88.76,83.06,40.10
76.78,124.44,77.75
58.58,38.90,42.43
61.63,83.84,60.89
98.02,38.56,93.22
97.26,26.90,23.97
37.22,81.54,84.89
84.89,21.08,25.22
35.78,92.23,30.14
37.08,14.39,29.55
74.09,24.94,99.53
52.40,87.00,34.41
94.52,92.80,91.74
27.12,14.06,99.27
60.92,90.27,50.70
93.48,127.39,70.48
92.33,111.12,82.33
32.52,28.37,51.41
49.33,92.95,32.95
69.53,104.12,54.70
32.75,15.21,81.75
97.44,129.75,82.46
93.18,136.88,38.44
33.36,129.06,34.00
29.69,125.45,93.64
26.83,114.30,23.52
92.76,98.68,78.78
35.49,105.01,23.71
53.30,122.90,87.03
55.91,102.75,92.43
67.92,55.88,43.79
25.74,62.63,25.91
38.14,135.59,58.45
94.52,12.40,43.88
92.67,107.83,53.37
82.50,143.67,73.20
21.55,108.87,36.79
46.16,149.15,48.56
70.24,106.26,82.60
42.02,14.81,71.50
92.77,125.78,46.10
70.71,49.85,73.14
25.75,72.45,81.23
92.72,53.69,67.40
96.62,47.60,39.16
26.22,70.40,20.02
62.59,63.03,84.23
44.27,98.67,85.81
51.43,123.84,75.81
34.37,51.59,26.13
66.25,39.92,66.82
96.64,103.37,85.68
60.25,103.84,51.17
26.63,136.16,35.84
69.60,12.23,67.01
47.22,129.43,86.10
88.47,82.94,23.91
54.77,96.98,67.76
35.43,22.79,71.45
35.29,70.57,68.19
81.50,41.82,72.00
41.25,45.59,70.51
81.38,80.57,30.43
36.47,123.74,38.79
45.73,114.13,69.52
57.24,92.74,21.42
95.46,85.52,70.78
94.54,69.82,73.23
36.55,146.18,39.13
48.66,88.43,67.85
31.95,45.56,62.73
60.80,42.21,40.86
56.85,95.59,57.04
92.06,83.20,92.77
94.40,11.08,54.13
50.69,126.21,70.39
59.34,108.58,22.83
91.70,102.66,26.22
84.54,19.63,26.50
20.29,60.69,82.26
45.60,140.95,48.02
53.74,130.76,38.21
38.38,49.98,79.79
35.97,31.99,33.60
23.02,72.87,39.72
71.47,59.82,54.47
41.00,105.51,46.52
24.19,145.30,66.83
38.48,60.82,47.03
84.15,18.71,51.44
88.12,135.67,89.03
58.65,15.31,90.76
53.29,143.39,86.22
98.23,103.04,89.19
36.05,141.84,65.58
37.23,37.95,71.70
43.35,15.70,64.57
33.82,78.35,82.85
50.35,73.09,64.08
92.87,56.41,28.89
69.23,144.07,84.77
52.96,125.16,80.85
94.75,102.62,85.62
23.88,32.80,35.23
36.82,112.81,41.73
65.27,111.78,43.66
69.24,69.51,60.65
23.16,139.47,30.71
52.24,33.38,50.83
71.93,47.43,34.57
75.85,18.85,41.18
71.05,121.36,76.51
45.65,97.05,88.38
27.48,54.09,21.83
54.17,32.93,65.27
30.30,15.62,22.88
95.81,33.34,26.82
58.01,73.46,76.41
45.38,44.60,78.85
81.30,46.26,85.12
59.84,132.58,57.94
44.80,82.12,88.78
84.96,112.10,33.35
89.37,15.00,39.98
73.84,61.12,30.76
23.76,77.08,83.80
65.31,36.10,38.29
81.06,26.83,32.44
30.92,131.84,69.85
38.29,141.52,26.17
90.60,21.03,23.59
21.61,58.86,28.54
80.22,144.16,20.02
57.90,21.64,75.76
55.74,100.11,64.98
20.57,146.11,36.79
85.55,146.95,38.64
48.79,75.97,84.88
63.26,32.78,60.15
74.18,38.29,75.88
76.21,134.54,56.22
96.48,137.64,39.02
62.51,95.10,97.63
51.98,117.26,65.25
96.30,113.59,30.48
71.37,102.66,52.49
43.85,125.82,46.35
30.12,105.96,37.13
87.40,84.76,94.68
48.97,43.17,90.47
72.84,114.14,35.93
57.67,76.28,48.17
35.91,51.27,80.99
68.13,122.27,36.68
24.85,107.54,67.33
53.07,141.23,75.98
63.73,33.16,72.32
54.88,100.89,76.51
79.89,44.19,76.54
86.23,136.50,97.18
81.70,23.93,47.72
23.11,101.86,90.29
35.53,120.75,21.74
62.93,59.69,43.06
94.79,143.58,23.89
86.80,129.10,72.10
87.40,51.25,28.06
44.26,11.06,87.66
54.36,51.53,71.73
57.66,49.38,22.31
32.59,134.60,77.18
22.49,145.40,88.96
95.75,19.86,72.89
39.26,75.98,22.44
39.20,86.77,88.63
26.67,23.01,78.60
94.28,62.85,50.28
66.38,54.39,46.29
73.36,85.05,58.39
92.93,102.57,89.37
47.65,108.49,40.16
69.72,29.15,28.08
23.10,123.81,89.17
34.94,105.00,22.10
86.50,134.47,92.88
81.34,72.91,44.46
48.05,135.14,60.66
50.14,131.21,30.58
62.68,71.38,92.18
20.02,63.36,79.99
39.30,140.59,93.93
36.66,110.12,74.66
40.04,139.95,34.78
84.47,121.58,44.66
42.37,95.30,58.95
35.32,26.22,68.58
60.34,50.81,94.12
89.25,145.64,50.72
39.31,54.72,76.25
26.28,23.06,96.88
48.51,109.06,32.19
79.81,112.76,89.02
64.06,49.96,53.66
85.34,51.67,78.59
96.77,75.65,43.48
83.41,13.05,46.72
68.30,120.51,22.17
59.47,54.39,97.71
23.21,129.53,85.08
98.75,122.37,27.51
50.68,102.60,99.96
32.18,55.48,68.40
73.34,82.28,88.30
42.74,72.28,25.33
66.86,57.44,51.16
66.94,128.74,73.57
55.66,77.69,28.51
86.89,126.58,59.11
41.20,24.73,55.41
55.89,29.74,37.28
63.02,146.82,44.02
73.09,92.29,97.37
82.72,81.37,43.09
51.58,83.24,37.07
71.68,40.14,62.90
32.05,110.62,73.68
94.61,21.87,78.01
50.64,90.27,80.34
78.36,89.91,22.95
21.63,137.99,51.50
36.41,83.67,81.92
58.97,29.19,92.39
90.26,90.19,68.18
62.18,22.79,24.18
94.39,38.53,51.73
58.70,14.36,25.94
59.24,81.86,79.88
29.58,21.83,25.08
84.21,75.72,34.86
39.76,140.61,53.36
91.97,110.77,57.01
92.87,20.84,52.52
95.46,41.39,57.07
61.62,104.31,77.06
74.17,135.26,49.54
82.28,14.61,63.82
30.48,123.74,44.27
68.08,88.65,48.29
22.74,86.45,69.10
59.81,144.09,59.24
32.39,114.67,77.84
34.63,129.02,64.84
49.20,59.56,84.29
54.59,87.61,55.47
69.85,96.16,59.28
25.95,55.02,73.60
60.30,89.83,37.70
34.61,43.13,50.87
65.92,30.07,69.99
70.99,62.36,22.31
64.54,113.50,54.96
79.06,138.27,67.91
46.85,74.08,97.39
81.21,100.00,90.16
54.62,24.43,42.46
58.73,136.62,60.58
71.85,89.60,24.51
21.47,119.25,39.26
72.32,121.22,81.99
69.49,45.91,29.87
44.79,84.08,40.62
26.86,144.47,95.52
27.27,22.55,85.91
93.86,105.63,82.55
75.14,144.72,89.16
30.17,52.08,79.97
48.54,130.60,29.65
67.40,140.71,61.32
86.85,114.59,55.54
23.49,42.39,44.89
38.93,56.76,86.72
91.18,15.01,57.13
20.73,126.40,24.82
36.11,128.95,42.00
96.72,98.58,38.29
69.07,59.35,91.00
40.93,20.75,71.80
25.36,115.43,64.83
22.26,111.71,60.53
39.58,137.76,72.01
90.52,112.27,80.39
53.27,126.02,64.35
77.63,114.43,95.06
93.46,98.30,98.15
52.64,69.78,99.63
35.30,136.30,73.55
61.37,101.14,94.61
92.65,65.77,52.36
84.35,21.69,88.77
25.27,50.70,92.73
75.41,86.12,92.33
65.75,48.59,86.47
92.60,40.97,52.53
29.80,83.84,32.71
62.72,33.77,46.72
90.36,122.06,81.38
52.80,77.81,38.63
58.56,90.34,58.26
25.64,30.63,65.23
42.25,55.44,68.31
45.96,67.41,94.86
95.61,123.15,72.92
42.61,117.82,82.90
56.87,41.22,66.55
73.70,96.27,86.69
32.97,44.08,41.09
58.92,148.35,36.79
79.08,143.30,94.11
89.35,88.86,75.48
70.10,107.85,73.72
73.52,122.20,57.38
30.10,110.94,50.14
95.66,107.98,64.46
30.61,144.20,29.65
81.97,93.50,56.38
41.19,99.08,56.43
94.69,128.90,63.07
77.60,103.78,70.77
80.31,112.61,96.59
37.52,42.78,72.17
55.44,61.98,90.70
69.43,30.62,64.50
81.60,80.81,70.15
28.32,73.80,25.59
96.99,149.60,30.66
91.22,95.57,66.37
41.63,120.10,51.66
85.82,56.76,83.90
61.47,126.42,63.45
56.94,96.11,90.58
45.15,107.58,97.79
66.48,51.22,31.81
78.39,86.81,51.59
52.87,98.77,73.20
70.34,92.47,44.44
75.95,138.13,41.36
76.89,135.76,85.10
24.16,145.94,98.43
88.78,103.44,81.90
56.66,146.07,61.89
40.99,126.55,55.40
39.34,47.92,63.17
58.64,69.84,57.03
90.95,43.37,60.23
50.27,10.59,36.28
79.98,36.33,92.30
27.75,10.57,80.36
58.08,110.78,74.48
99.33,69.57,95.99
81.64,53.76,42.75
36.84,116.64,26.49
60.12,126.55,86.09
38.69,146.54,99.87
52.76,99.88,66.27
82.41,74.61,24.70
81.70,52.74,82.44
38.25,41.12,25.90
93.78,39.81,63.20
67.41,67.29,42.20
50.39,148.85,93.20
60.15,10.12,56.11
68.41,37.61,91.88
64.79,36.38,43.93
58.91,110.40,50.99
60.39,59.35,95.77
34.11,74.02,36.11
85.02,30.81,66.28
63.34,66.70,51.08
30.49,24.45,81.93
81.29,84.63,30.34
94.60,23.71,54.98
95.78,120.67,75.91
49.52,89.32,52.56
30.84,111.36,24.68
61.47,68.59,76.41
29.01,63.41,60.26
94.72,23.75,20.90
34.69,83.34,69.01
40.22,82.03,93.59
52.53,75.53,28.88
50.65,113.67,67.25
83.57,126.55,78.29
56.51,115.11,25.66
33.66,30.14,21.81
41.38,97.09,57.14
60.73,21.25,83.29
31.80,107.25,32.86
68.93,63.46,86.93
65.26,28.55,72.53
77.18,130.69,46.57
95.02,95.96,61.27
92.98,59.66,97.25
95.69,14.30,37.31
39.58,85.22,59.96
30.53,139.25,69.96
44.18,93.49,31.04
91.61,146.03,23.48
97.76,29.10,21.08
88.75,89.56,45.98
28.80,121.74,25.92
95.79,83.58,84.30
53.87,22.75,99.79
20.74,91.60,24.90
55.39,95.64,54.62
23.69,112.02,22.06
63.51,116.57,30.72
47.08,117.91,45.83
57.87,102.88,51.50
69.05,40.21,95.18
89.50,66.59,51.67
72.95,118.66,59.70
54.72,143.48,39.65
85.55,21.05,20.01
92.45,84.98,91.95
29.58,53.75,26.54
62.55,41.56,97.14
42.76,80.81,30.47
23.76,94.85,68.39
73.48,11.37,99.95
89.02,119.23,31.08
33.03,124.78,53.92
84.99,145.17,82.43
88.27,35.29,22.58
93.15,93.24,75.18
41.22,69.73,26.43
92.32,56.88,38.92
45.65,89.19,32.81
64.19,119.53,92.59
24.04,13.23,34.44
23.51,145.72,23.23
77.63,123.38,67.01
55.56,115.16,47.69
40.50,116.45,52.46
35.23,64.47,29.53
73.60,115.23,79.86
20.03,64.15,68.12
84.47,135.82,49.14
26.34,34.81,33.73
35.32,50.93,67.48
50.90,87.19,82.29
58.79,54.69,44.99
48.40,69.39,22.07
45.66,78.94,37.15
97.11,129.89,74.59
71.33,83.25,99.13
21.87,60.74,21.07
54.41,44.68,44.49
90.00,67.21,24.96
44.12,82.20,45.31
27.56,114.46,52.47
80.67,26.95,93.67
68.48,41.03,26.44
65.63,63.15,82.17
24.29,60.46,51.64
31.24,64.84,84.90
69.80,121.09,61.07
36.63,55.38,23.14
60.33,80.27,95.70
63.59,97.35,26.62
42.68,42.50,67.81
95.87,110.62,90.21
87.40,86.60,26.38
77.79,72.55,64.31
26.24,123.37,85.94
28.49,44.09,98.91
59.42,133.64,77.95
32.86,88.55,42.27
98.26,95.28,75.97
32.68,132.51,76.46
59.00,124.46,76.00
49.13,94.22,88.34
71.15,115.45,26.99
30.32,70.66,28.67
54.43,86.63,71.25
41.98,18.69,96.31
91.02,22.58,57.27
23.25,126.12,96.85
93.10,18.35,95.05
86.64,33.72,92.23
43.81,121.42,92.79
83.14,10.16,91.87
22.50,49.54,85.59
97.35,91.77,75.60
62.13,93.36,21.95
44.26,118.80,30.58
49.01,80.83,30.74
25.31,81.32,21.88
99.15,111.54,29.34
23.14,79.81,93.58
72.39,95.19,73.10
55.42,135.69,44.97
95.91,66.20,83.47
39.68,63.92,59.07
62.57,10.50,31.37
58.59,95.88,90.76
76.23,14.17,47.09
25.44,80.58,75.91
35.50,122.59,43.25
37.17,86.99,60.01
79.05,47.75,85.30
35.13,120.06,32.54
65.88,47.76,98.18
37.22,112.62,25.62
88.93,95.44,62.72
95.37,33.80,93.28
61.48,136.72,95.66
48.18,38.09,38.57
38.72,148.54,31.52
23.98,11.02,77.95
41.48,46.89,23.36
72.34,37.98,58.82
62.69,11.96,83.71
95.52,112.53,64.82
51.70,107.08,35.04
75.51,120.93,58.96
59.15,45.94,93.70
61.01,72.21,69.38
41.42,102.28,77.72
56.40,71.57,46.90
57.66,107.63,35.08
76.53,98.76,40.45
95.25,26.05,62.65
46.35,119.35,42.42
23.38,110.89,63.36
59.70,101.82,76.62
63.56,31.71,78.75
33.48,47.52,33.17
80.84,65.04,80.03
98.79,49.19,73.82
95.66,41.89,20.96
35.77,122.75,24.71
90.03,99.35,71.70
76.36,89.17,50.70
56.31,41.63,31.69
63.25,138.53,23.55
87.97,36.77,32.75
58.41,121.29,96.60
49.86,145.33,78.21
59.46,111.79,62.22
66.33,149.00,95.32
35.13,101.15,69.53
92.07,40.44,78.05
73.93,38.53,42.61
70.66,55.44,67.12
27.96,11.00,31.48
68.33,105.44,52.36
29.68,47.61,22.66
26.30,124.13,37.33
62.18,60.28,25.99
52.22,77.19,51.02
67.10,145.20,87.44
27.14,43.90,50.23
54.48,110.98,86.53
33.98,115.72,72.52
98.97,40.94,60.76
64.89,80.14,38.95
74.99,59.03,93.77
46.03,118.07,24.34
27.58,97.15,75.11
98.07,76.64,69.70
42.90,119.11,55.28
53.90,42.92,39.23
71.99,115.51,54.46
21.98,131.15,89.82
84.82,133.01,86.94
62.93,119.71,95.31
42.26,67.12,44.62
24.93,147.45,50.97
33.00,63.14,21.50
91.60,99.41,95.44
74.88,32.55,46.35
39.99,147.26,52.33
25.25,108.56,92.62
75.25,115.47,62.13
65.79,19.21,65.29
52.36,116.88,34.10
49.09,118.46,59.89
37.35,104.05,93.46
73.57,50.87,64.70
97.65,78.56,40.41
34.06,25.46,22.49
67.77,76.02,46.90
53.93,44.14,65.81
55.74,58.87,23.41
40.33,32.76,68.78
86.01,42.21,61.87
58.82,20.72,82.67
63.47,138.79,22.31
44.38,84.26,82.47
34.54,65.54,61.67
26.87,84.90,49.64
77.13,97.96,97.23
35.70,139.06,32.81
75.21,35.02,63.31
51.23,51.38,45.68
53.26,146.61,62.20
57.53,61.97,64.18
49.42,13.16,27.16
28.05,30.67,72.89
44.77,13.69,70.76
73.10,148.59,81.56
73.26,49.04,27.25
42.90,139.30,43.78
56.81,149.42,72.01
35.48,93.98,30.94
36.83,14.65,74.21
21.84,21.42,24.72
91.74,77.42,46.79
36.86,66.86,87.74
38.20,94.86,81.94
42.37,71.44,71.58
30.19,140.77,89.64
71.14,84.86,76.74
26.01,107.12,61.55
30.74,135.51,98.38
71.58,30.56,75.59
47.17,42.16,68.11
76.64,25.02,52.71
64.59,29.55,92.19
40.48,81.76,43.66
72.07,54.97,20.74
29.30,69.24,35.74
62.91,147.55,28.76
54.97,31.94,45.52
41.43,85.71,86.07
68.32,23.84,72.12
89.71,54.59,33.52
99.91,83.85,83.11
68.62,142.53,60.34
52.38,64.77,61.02
38.02,19.09,48.97
40.57,64.34,89.17
58.36,30.40,45.47
49.38,42.20,27.53
93.11,96.53,44.22
49.46,19.44,77.23
49.88,75.06,72.61
50.68,95.32,35.04
86.93,69.06,28.94
72.06,12.68,72.87
69.13,147.97,74.11
46.73,61.40,49.29
85.43,119.00,87.42
23.07,55.59,98.26
89.66,76.50,36.45
61.02,64.38,66.17
51.86,57.96,20.43
59.77,13.06,77.04
73.39,60.40,53.14
21.02,134.53,35.46
89.72,106.66,80.18
55.74,30.36,84.85
47.44,92.76,28.89
31.06,134.91,23.28
55.16,108.00,46.73
59.71,30.82,70.08
52.29,131.50,83.47
74.29,52.22,63.68
53.67,73.57,66.46
96.91,83.66,83.99
67.94,129.07,62.31
84.60,140.43,68.89
28.75,140.15,61.30
51.78,11.11,90.44
46.95,139.06,38.84
65.56,17.61,41.12
88.89,47.21,30.24
26.27,82.10,85.56
25.81,77.19,52.94
88.03,94.66,47.83
37.03,77.12,98.51
73.50,140.81,94.14
63.43,43.68,97.76
86.63,48.36,31.38
30.01,138.90,91.30
30.38,20.74,46.30
64.55,95.34,21.01
95.71,105.44,51.30
53.20,80.78,60.74
46.16,107.19,28.66
68.54,34.19,63.01
94.44,129.37,85.56
86.95,29.60,50.21
99.64,66.11,48.21
21.81,20.54,47.10
29.03,86.33,93.85
68.76,103.76,23.90
85.65,141.77,55.61
42.82,113.51,41.17
39.14,85.75,91.50
82.96,140.57,27.68
24.51,76.98,52.92
49.55,88.57,52.55
60.46,93.45,91.07
64.83,67.40,37.24
78.29,127.39,71.59
48.39,35.92,30.75
69.01,87.68,96.32
66.83,111.11,67.44
63.81,136.56,70.10
71.24,133.75,54.70
40.76,81.22,47.38
26.77,100.04,37.01
29.54,65.19,68.32
37.97,75.54,96.36
60.02,136.88,48.78
87.24,140.30,90.65
76.10,135.36,31.90
83.12,29.37,94.89
48.08,129.01,48.04
52.37,142.77,50.38
51.49,60.57,57.03
35.35,82.61,77.46
24.90,119.07,77.57
67.27,88.69,58.37
99.14,149.09,61.85
33.35,73.80,22.40
23.73,109.95,44.34
82.36,120.96,47.68
40.21,79.17,64.70
86.37,129.98,64.66
76.31,86.46,76.79
95.65,67.63,77.36
52.71,25.10,38.82
72.96,65.08,81.61
57.19,112.75,21.57
70.45,138.98,77.29
55.97,45.24,28.16
35.09,59.73,78.37
60.63,31.55,62.17
62.29,106.70,54.98
84.85,144.43,75.25
78.84,99.73,22.91
73.10,96.39,37.88
29.07,87.49,69.32
77.65,22.38,87.78
60.02,112.13,50.49
91.53,94.29,40.70
93.59,102.61,61.50
24.41,135.83,69.79
85.65,119.75,53.61
23.02,119.33,90.14
49.37,139.81,61.88
63.38,148.59,22.87
31.85,91.38,37.84
79.71,25.24,56.05
20.67,74.28,75.82
33.49,120.26,37.58
66.46,13.88,98.10
77.15,17.96,45.48
93.33,19.40,62.60
76.44,112.35,21.52
73.74,80.16,90.79
51.55,61.65,83.11
20.10,24.79,35.64
29.61,112.51,94.66
62.76,54.94,45.27
74.01,47.15,75.37
53.40,101.32,85.52
78.45,88.26,79.27
61.75,60.74,93.41
25.93,99.81,89.14
35.36,47.97,99.57
87.20,121.28,34.61
77.99,42.10,44.38
91.58,32.24,70.90
29.40,119.54,78.64
99.22,109.10,62.77
36.75,35.57,25.91
20.94,26.27,87.33
99.79,127.38,96.87
42.49,118.72,52.44
73.44,55.82,37.98
34.13,102.15,21.55
66.42,27.38,38.98
92.32,80.99,75.99
45.61,12.62,92.93
73.62,64.82,27.48
35.03,20.48,64.26
69.98,76.52,75.64
46.92,69.04,42.11
36.90,72.21,65.59
45.05,16.35,77.22
34.31,60.63,87.02
92.15,115.91,56.20
51.77,61.65,79.83
39.62,110.12,44.14
55.87,61.73,37.04
45.64,69.25,34.99
79.55,88.94,48.71
97.70,143.10,22.87
55.04,25.24,42.64
88.88,14.61,72.18
65.27,95.11,71.83
32.58,142.87,25.88
75.25,148.56,42.99
61.07,77.78,65.56
72.05,75.53,45.48
91.17,100.29,53.44
55.23,87.79,77.02
92.09,98.77,20.74
80.05,132.36,42.11
59.09,114.48,31.39
68.26,79.56,30.21
46.05,74.66,96.72
98.69,99.54,50.12
73.39,73.80,62.17
23.51,74.09,78.71
46.13,12.28,23.80
69.87,34.37,39.28
24.51,78.39,86.57
21.91,125.17,88.96
56.00,49.02,49.84
46.62,83.17,49.99
55.06,58.29,80.55
41.02,24.67,43.61
33.18,144.16,29.37
75.13,129.65,40.60
61.17,20.99,50.99
36.01,110.77,24.18
45.57,58.66,58.29
67.34,149.28,79.20
25.78,52.34,61.10
31.80,43.42,25.75
25.86,89.50,55.21
84.99,126.92,76.71
80.19,36.95,24.65
80.27,109.32,24.79
77.31,18.60,49.65
73.55,138.65,35.60
58.16,21.35,94.78
71.38,137.99,66.51
23.07,78.71,42.99
69.72,72.73,76.38
82.23,146.26,49.99
60.03,148.65,30.57
48.60,101.02,38.98
42.19,27.80,71.42
71.42,80.86,24.15
75.42,84.08,41.82
89.68,82.02,36.66
47.39,89.73,36.09
81.58,12.62,74.62
64.91,109.57,86.07
90.63,109.74,77.27
62.22,26.17,71.66
61.41,89.83,93.32
66.23,89.57,24.67
79.95,105.54,33.40
97.18,21.96,53.15
25.89,97.71,49.80
24.27,49.31,53.44
95.00,80.98,36.52
62.39,118.27,31.96
69.19,108.79,60.74
58.59,26.65,94.24
27.49,92.77,51.36
81.45,145.68,23.47
79.78,31.95,76.49
44.94,129.41,43.29
44.50,108.36,39.61
87.03,118.36,45.94
25.79,49.47,77.91
90.49,50.30,85.51
40.53,136.84,67.04
67.44,60.38,45.80
94.88,18.82,44.84
74.25,94.08,29.94
53.15,27.47,94.66
75.16,121.52,71.05
47.52,99.84,22.16
42.18,132.46,72.99
99.73,119.88,55.77
80.06,25.70,97.80
71.58,63.35,85.53
48.42,118.44,33.71
23.93,68.43,77.61
22.48,146.13,58.85
64.33,113.00,34.96
80.96,12.17,75.90
62.99,133.20,63.79
87.26,24.11,22.43
22.67,29.67,71.73
49.34,112.83,70.80
38.97,131.10,31.53
55.78,85.09,47.92
25.79,50.47,66.87
96.33,59.18,31.10
37.86,58.00,88.22
93.78,55.73,22.20
54.07,44.01,28.23
98.84,95.24,29.29
64.32,136.06,62.25
94.47,52.99,69.61
20.43,36.14,52.30
79.86,127.40,43.09
92.24,113.85,84.75
31.18,140.32,25.46
27.69,33.17,42.42
53.97,30.20,23.13
94.69,85.80,21.11
63.39,96.02,48.27
62.20,77.22,35.59
31.29,93.86,41.47
20.06,35.25,85.68
84.81,77.15,33.04
27.01,102.13,82.42
70.71,70.58,74.00
93.17,105.12,46.12
36.69,73.17,63.72
73.22,56.70,55.55
26.30,52.50,30.27
68.30,67.53,92.57
33.11,13.23,65.57
78.88,103.59,90.42
44.10,128.31,85.91
57.07,59.65,26.38
67.95,16.44,36.58
33.70,148.15,31.62
79.33,46.92,86.46
44.21,27.73,89.00
72.99,61.77,62.24
32.66,113.40,28.33
75.05,51.15,30.85
30.26,90.46,85.08
54.03,68.18,94.34
39.78,26.49,35.96
79.87,56.24,20.89
40.96,111.48,46.48
90.54,95.68,22.44
91.35,26.77,86.24
35.72,32.87,59.32
69.11,99.70,71.35
27.02,123.88,52.92
51.32,58.93,47.64
77.07,93.34,37.78
72.75,33.89,81.64
69.98,53.59,75.64
42.60,12.84,48.86
50.24,117.56,45.69
28.24,66.14,20.10
77.52,124.26,25.08
60.31,109.17,69.86
76.70,126.02,61.17
39.92,49.99,54.78
45.96,35.92,86.20
46.74,146.07,60.31
22.06,110.43,50.76
47.28,126.77,32.90
84.26,11.84,85.66
91.78,59.62,66.10
61.46,113.99,27.40
56.44,20.92,71.91
22.47,89.43,54.01
90.34,70.07,84.91
21.04,12.47,93.51
95.58,43.04,68.04
59.14,49.87,78.53
47.35,25.66,24.53
93.94,98.42,64.82
21.95,43.94,80.43
66.51,48.87,59.74
63.91,135.75,67.48
37.55,75.40,91.92
54.31,64.90,35.85
72.18,111.34,27.86
78.17,137.35,75.25
20.06,13.51,85.83
94.95,72.75,88.04
33.16,95.51,71.33
38.69,54.60,86.66
41.08,118.14,76.05
23.03,146.01,26.99
29.84,142.08,80.96
98.91,47.24,34.35
45.22,41.69,38.93
29.22,144.05,51.57
28.56,74.21,45.17
77.56,39.16,45.73
88.37,108.98,33.54
40.56,49.82,43.51
21.67,47.41,21.57
37.85,133.09,57.83
24.52,32.75,81.49
28.27,19.02,88.98
54.52,47.69,85.63
38.39,94.97,53.32
61.28,27.23,78.43
40.28,76.02,43.03
95.24,97.83,24.44
92.48,128.82,74.08
65.34,42.18,71.90
48.35,124.43,84.13
50.49,42.89,69.29
52.95,104.75,32.55
78.21,70.29,88.25
56.13,26.06,70.18
88.54,110.00,84.61
95.53,40.49,81.93
46.88,34.73,43.83
64.86,60.17,25.96
27.60,101.46,34.12
36.04,42.76,27.43
53.08,35.71,39.47
36.50,11.39,56.76
90.12,76.03,92.54
32.66,70.01,89.76
56.45,42.74,77.49
68.46,17.51,21.93
75.35,70.10,47.31
50.65,120.35,74.59
89.53,110.14,30.32
65.47,130.51,84.09
55.16,11.34,93.17
25.38,145.30,48.33
57.18,57.80,76.47
85.66,148.66,31.86
69.16,45.37,75.27
86.57,76.02,21.72
59.52,59.55,32.06
29.48,59.81,76.79
21.09,127.92,76.95
44.26,114.50,71.29
75.84,148.90,58.19
83.22,95.89,73.99
43.66,74.86,81.90
59.65,22.61,97.32
53.69,149.52,91.09
52.84,87.21,83.56
38.51,108.07,75.58
30.91,66.94,65.93
35.74,86.68,29.65
24.43,141.96,33.24
35.85,33.30,85.62
20.74,50.93,84.27
70.18,31.29,69.16
45.31,120.91,55.11
97.85,18.69,22.08
35.50,21.43,46.17
47.67,51.79,53.65
48.63,81.99,58.87
20.68,66.88,94.35
87.14,16.27,28.70
22.56,144.05,61.51
95.21,143.40,49.43
91.37,49.11,99.21
62.84,112.41,88.95
63.49,91.00,55.10
72.30,43.25,99.98
50.96,46.70,61.13
71.78,78.76,33.37
23.58,68.69,64.47
24.32,50.77,38.10
56.58,123.05,70.91
63.97,77.40,95.00
91.03,101.68,82.90
28.37,36.50,41.85
85.81,84.69,43.75
36.80,54.52,25.54
51.53,83.70,42.87
45.33,119.32,27.41
52.01,117.65,59.96
32.04,59.59,76.67
60.29,107.20,80.09
84.13,141.78,24.76
55.32,97.59,47.20
59.25,30.78,43.05
87.90,105.16,28.34
76.48,24.69,49.00
59.24,132.10,43.95
40.62,82.33,70.76
90.79,63.92,90.66
66.16,17.98,56.39
37.69,63.31,79.73
41.53,136.45,31.68
84.25,12.94,91.60
23.53,76.45,32.21
99.37,140.36,35.37
30.43,65.28,28.52
83.69,69.94,44.77
51.58,91.00,64.19
59.38,74.81,99.04
90.45,33.60,83.47
53.03,12.60,50.43
63.00,95.37,66.07
23.94,138.91,69.86
20.19,24.89,85.82
39.58,39.53,78.92
74.45,61.83,65.54
29.70,123.22,73.53
29.10,47.70,79.67
52.88,133.49,30.65
71.83,17.69,36.04
76.97,141.73,75.09
34.28,88.50,88.03
26.37,102.23,52.74
95.23,61.48,98.39
40.85,119.48,37.29
88.27,33.32,53.34
89.08,16.85,50.28
81.80,65.37,94.42
33.51,129.52,42.83
85.74,115.69,57.66
81.54,82.40,34.98
67.74,90.10,61.70
46.98,28.18,88.59
41.00,127.70,44.32
29.75,120.17,84.86
60.78,101.91,92.90
66.82,75.27,25.84
48.75,145.02,80.51
58.03,133.06,40.43
49.08,100.22,34.03
71.28,62.05,68.09
92.10,96.52,76.45
33.11,90.56,51.58
50.51,65.19,23.13
31.27,52.93,92.70
70.00,66.98,78.46
78.31,90.35,41.73
94.55,69.94,59.75
42.31,46.90,22.22
96.02,116.53,47.14
25.06,84.41,61.80
68.24,19.47,61.38
24.57,61.56,36.65
91.50,133.89,82.14
62.38,115.73,43.91
73.55,55.25,66.43
86.53,141.35,41.72
32.02,20.72,54.01
23.09,144.57,36.60
90.31,44.40,70.64
45.19,11.27,54.05
30.32,70.73,21.29
57.48,60.26,22.25
67.86,85.47,57.69
22.48,121.55,34.66
41.99,127.94,66.80
22.62,66.17,52.66
53.63,70.18,72.35
91.61,30.74,96.19
98.61,16.66,62.30
70.96,99.77,82.99
32.93,19.02,80.24
92.47,112.74,93.74
61.30,85.47,37.12
32.30,37.80,86.19
93.74,85.53,92.44
80.60,35.62,51.42
78.54,71.42,45.11
76.73,121.94,96.16
36.03,74.67,70.21
36.88,30.82,50.45
75.06,111.34,83.35
37.58,36.15,44.36
55.09,113.40,34.11
82.56,77.11,63.52
82.72,73.52,65.30
56.26,129.20,86.06
83.38,109.20,56.56
87.09,14.61,85.17
72.38,51.46,44.91
38.27,131.93,66.03
41.92,12.57,36.68
45.19,86.34,50.84
29.34,111.90,88.60
41.85,97.06,37.28
36.76,116.47,84.82
56.43,111.60,42.63
92.68,106.88,22.76
28.36,125.02,28.79
77.62,100.40,79.67
74.98,66.34,40.97
27.66,76.07,72.33
93.81,110.34,75.94
65.48,132.68,47.61
49.10,48.11,57.99
80.52,57.89,52.30
40.59,140.30,95.79
75.48,90.99,45.60
23.18,35.05,34.67
87.15,102.92,49.25
55.85,148.71,73.56
70.94,125.28,75.79
37.70,114.40,93.92
74.17,39.13,90.54
81.78,132.66,43.07
57.86,83.61,56.41
69.42,134.50,79.78
56.51,56.18,93.32
91.53,18.69,46.97
59.83,76.64,55.56
87.34,47.78,91.96
84.11,110.13,48.68
52.84,143.99,58.44
38.41,106.74,92.36
52.49,134.17,84.18
86.10,73.42,39.47
38.21,118.03,45.98
61.95,128.03,48.24
84.49,109.52,93.02
48.28,81.09,99.91
71.38,97.62,81.92
39.65,108.07,58.75
28.74,45.43,20.81
83.55,123.34,75.80
27.92,143.05,51.15
41.71,75.13,70.64
88.41,108.15,68.54
47.72,113.18,58.47
97.84,102.71,95.55
98.38,86.60,21.85
41.46,133.43,76.97
23.28,72.85,52.79
76.41,18.55,77.10
56.08,128.24,74.02
28.06,104.36,20.82
76.60,128.90,42.83
22.49,29.40,35.13
89.62,14.31,33.36
31.09,140.81,78.28
30.18,30.68,39.16
34.05,123.35,57.98
96.82,125.25,39.76
75.45,109.22,66.42
84.11,28.38,77.65
51.81,103.44,46.49
46.91,134.47,68.24
38.76,69.57,85.99
58.45,67.89,27.54
64.15,72.00,76.85
70.54,21.52,45.85
40.57,134.88,29.81
95.89,131.69,63.65
33.58,149.71,38.10
97.25,91.93,85.71
21.19,115.17,23.43
58.49,38.37,27.89
46.67,103.45,61.68
55.93,100.96,67.12
65.65,136.17,78.39
54.85,126.31,40.74
53.19,141.39,87.34
78.62,131.64,96.25
74.87,131.62,59.92
86.66,18.92,80.84
40.00,128.43,61.99
68.76,95.05,25.56
66.82,63.26,46.09
49.58,17.91,27.00
58.88,104.87,99.11
45.10,55.95,38.32
31.35,75.49,70.87
37.10,105.44,42.75
28.44,137.65,72.26
74.65,125.56,36.83
72.86,73.08,82.82
96.05,64.29,28.86
78.37,43.57,91.61
24.16,62.14,87.23
90.74,25.55,74.30
89.01,145.95,25.39
55.47,90.35,36.69
66.87,27.89,88.75
98.09,59.39,29.76
62.58,86.59,32.47
92.43,84.60,63.52
26.64,14.97,41.93
35.28,143.12,37.77
55.26,48.55,66.07
66.78,12.27,49.81
85.30,20.70,31.24
99.06,91.23,62.79
51.11,29.29,50.96
23.79,15.84,78.76
84.09,63.15,28.22
68.35,97.19,69.65
35.88,25.66,54.92
59.59,53.87,52.48
79.38,68.49,38.58
81.63,32.32,22.43
59.97,80.85,87.82
44.42,21.93,46.11
97.90,16.51,74.49
73.07,82.78,95.81
52.66,44.71,65.20
42.44,23.35,51.77
78.49,69.35,41.46
39.37,138.12,94.72
33.74,111.39,74.57
62.39,124.19,73.22
43.20,132.07,54.09
70.31,146.17,87.60
29.44,116.85,77.09
72.40,95.18,42.65
42.66,61.16,67.97
20.02,35.43,54.42
30.15,106.13,20.53
94.69,149.29,84.61
89.39,75.43,29.83
38.69,111.32,60.80
82.27,79.31,46.90
68.69,70.47,47.37
97.67,67.44,58.19
49.89,80.65,99.76
74.52,61.37,52.67
25.08,114.83,34.59
51.70,132.40,69.09
97.11,133.60,38.90
63.12,41.88,28.44
43.03,135.43,24.01
29.62,57.82,21.83
76.28,53.30,54.49
71.59,111.75,54.14
49.92,52.66,34.84
96.08,17.42,82.72
21.78,62.31,30.34
44.30,111.01,93.23
93.69,55.77,67.01
45.67,98.14,22.21
40.18,102.42,97.04
62.74,112.72,44.64
85.90,135.60,56.00
28.25,70.56,42.74
95.44,33.30,78.27
83.61,54.65,58.85
34.50,70.50,30.59
76.96,109.94,28.34
50.80,11.84,78.03
52.18,54.21,38.97
82.66,119.18,31.02
97.02,103.92,59.95
30.13,112.44,84.22
53.65,123.65,42.30
58.48,119.65,42.11
50.10,105.51,86.71
49.06,71.55,31.83
24.18,147.70,69.34
74.84,89.67,96.40
54.90,38.39,87.30
35.58,50.99,24.95
85.28,107.10,45.59
84.20,139.46,31.39
58.91,35.02,95.94
43.88,21.53,98.88
71.05,133.41,38.80
43.05,138.14,73.58
38.88,48.69,87.33
78.44,62.82,38.69
23.23,102.43,35.01
27.58,56.19,20.90
20.54,132.80,52.96
32.24,25.06,91.95
25.52,15.32,92.24
99.66,39.19,30.22
43.10,50.05,36.35
31.94,25.81,52.64
39.28,19.20,82.45
94.89,115.79,68.95
61.61,33.00,61.11
49.19,137.95,67.35
89.87,61.52,27.70
51.60,103.88,58.21
46.80,41.56,99.37
36.58,43.65,27.08
50.22,90.46,61.54
45.33,88.49,43.65
74.18,117.62,63.19
43.17,116.09,65.91
66.18,103.90,66.20
25.27,72.88,88.18
35.30,134.69,51.18
52.59,97.16,61.31
94.96,148.63,20.87
50.18,124.71,83.16
73.13,16.20,40.76
40.41,54.88,85.32
30.16,90.06,41.25
24.68,111.01,20.86
44.43,87.05,32.39
32.61,120.06,98.85
33.92,49.57,45.58
80.86,35.75,28.71
21.27,17.55,29.50
64.62,90.26,44.83
50.36,106.40,23.01
60.52,55.66,60.92
65.03,95.90,37.10
45.07,17.30,61.54
43.61,23.90,31.26
78.67,108.25,54.39
89.70,61.53,67.83
35.41,103.99,24.96
27.81,126.44,51.90
91.82,129.37,44.20
47.99,34.10,39.23
64.11,78.08,68.36
48.76,112.75,67.08
30.06,118.36,70.46
67.15,119.85,32.71
62.01,41.94,42.86
36.24,36.95,36.77
56.15,92.60,63.24
83.76,113.75,56.89
67.23,54.68,46.42
27.75,24.66,82.88
63.84,110.34,27.52
76.22,51.96,97.99
83.42,33.29,29.32
70.33,30.68,81.85
32.21,54.09,49.46
76.81,92.97,89.22
74.19,60.18,25.93
21.95,12.89,49.98
52.94,23.57,46.84
46.64,50.67,99.45
73.55,102.36,98.84
37.29,23.79,35.18
67.27,88.49,70.40
93.06,26.78,62.84
83.82,39.63,32.35
93.72,34.11,33.42
98.28,19.41,99.14
20.85,103.99,56.22
69.82,74.88,30.06
53.03,126.35,37.18
88.79,23.84,41.47
40.15,30.26,60.87
98.48,52.90,46.84
69.10,117.22,56.40
83.48,52.81,33.32
26.85,67.18,46.14
34.68,52.22,25.63
80.67,21.23,91.18
21.76,141.52,35.90
85.35,86.80,80.55
21.12,120.30,47.96
72.57,102.17,57.95
49.21,82.00,43.30
68.92,22.55,75.72
75.68,99.98,87.56
47.40,31.75,42.90
28.64,68.01,39.38
25.57,98.08,74.52
67.11,119.51,35.61
61.65,105.91,71.19
79.38,104.01,27.55
60.78,30.87,69.61
53.80,58.46,61.07
51.85,16.01,29.11
22.12,110.73,71.93
46.84,143.36,55.72
98.08,46.98,37.37
89.88,22.28,48.27
46.35,76.58,59.37
67.02,129.94,27.32
87.78,87.28,96.61
55.30,16.55,73.24
21.44,146.40,28.20
25.96,126.01,85.83
60.83,28.42,45.80
97.56,139.05,67.74
75.46,73.10,42.17
25.67,62.07,78.67
35.15,74.55,77.84
81.71,126.84,64.16
87.32,102.33,39.27
69.42,18.29,40.30
71.55,144.06,50.63
22.27,30.69,31.60
86.28,114.38,47.01
83.06,99.06,74.75
40.72,36.25,86.47
76.69,33.90,46.61
37.19,131.85,38.69
23.23,68.76,86.61
36.09,101.64,91.26
34.29,80.57,52.80
47.02,111.83,22.15
53.48,77.09,75.60
60.68,50.23,82.72
58.14,60.87,21.44
41.65,130.27,67.60
22.33,75.52,67.07
68.41,39.88,50.30
51.66,140.84,79.98
43.89,121.52,54.25
89.36,17.79,74.14
79.74,149.85,61.37
88.62,107.29,39.88
59.60,32.44,68.52
30.47,43.20,78.95
75.70,106.94,97.91
36.49,119.17,50.41
55.30,43.47,25.16
25.20,45.98,99.04
86.02,53.00,69.90
30.08,93.72,95.72
92.25,34.05,28.31
89.14,24.59,47.36
57.17,105.04,30.71
79.55,119.07,86.84
69.56,80.13,90.43
84.25,60.94,60.10
54.54,70.49,34.93
82.86,64.38,30.17
57.00,144.40,67.05
95.28,117.53,60.51
58.91,39.13,75.58
57.01,63.79,44.42
82.81,86.16,52.19
85.73,95.82,21.71
64.36,75.55,68.81
34.38,123.42,53.85
57.42,117.46,93.58
97.45,80.72,71.34
80.24,129.62,51.90
84.89,115.15,41.09
22.63,119.00,92.42
57.43,143.90,21.30
71.73,47.31,46.15
86.40,47.47,95.48
23.94,134.45,72.32
88.20,118.11,62.62
63.87,139.72,36.28
35.79,18.84,86.67
45.38,97.89,36.34
42.55,30.25,39.86
62.47,80.55,35.35
24.13,31.80,32.65
32.68,27.93,96.26
85.02,11.70,68.16
30.61,98.23,71.03
38.67,60.26,96.35
56.27,24.73,38.45
61.37,55.20,20.47
81.09,33.65,67.91
55.79,141.84,60.63
83.19,54.80,58.21
69.47,56.75,24.95
29.05,127.58,56.35
32.51,100.69,43.00
54.96,109.42,41.97
51.75,99.04,37.79
79.48,142.47,46.60
66.46,38.98,48.25
51.05,148.47,44.70
33.66,126.33,98.30
38.15,92.46,94.62
66.04,102.73,65.96
53.88,100.84,98.48
61.19,18.18,99.30
33.65,40.52,48.48
73.03,144.61,55.62
88.20,84.81,96.72
40.64,62.97,68.69
59.32,116.69,37.03
98.04,83.43,75.15
46.66,11.84,36.46
67.60,113.07,47.15
27.22,112.51,38.20
68.48,33.12,39.60
27.17,143.93,20.37
96.74,41.35,90.46
77.25,74.08,43.68
83.05,26.06,26.91
76.33,94.46,26.96
67.18,62.56,64.48
55.99,59.44,99.43
88.67,125.78,31.60
96.55,11.34,27.97
59.92,121.71,55.06
94.52,90.00,65.07
66.67,148.05,43.55
63.07,92.52,44.20
56.36,17.75,53.96
36.74,17.09,45.13
20.30,133.64,93.23
39.32,127.77,23.36
60.78,58.42,38.77
50.40,96.52,84.68
55.88,78.54,86.72
98.45,145.40,28.92
48.02,142.99,97.90
56.17,147.74,75.47
30.68,131.30,41.81
23.84,137.34,56.48
82.03,40.42,43.77
65.65,126.34,32.00
80.86,109.24,43.29
31.99,144.79,66.41
65.75,89.98,86.08
40.29,21.92,49.08
38.24,93.64,47.83
20.92,106.12,57.44
30.43,40.84,71.56
44.74,65.18,80.13
29.35,93.79,46.14
98.87,62.37,66.91
44.69,62.49,51.15
30.43,28.63,77.31
35.93,141.70,33.17
67.02,115.07,40.55
25.12,10.17,54.08
88.99,117.19,91.15
96.92,113.57,65.87
39.74,11.36,97.23
56.01,61.74,28.26
21.77,94.94,56.81
71.26,73.39,53.53
53.11,118.92,68.02
41.60,69.56,84.96
36.55,31.54,87.32
72.32,146.70,73.62
53.30,43.89,71.32
34.37,110.48,95.92
75.13,30.04,50.69
65.21,56.06,86.62
88.69,71.88,93.72
29.40,36.91,59.32
82.85,72.99,78.33
73.88,32.00,50.16
29.20,88.26,32.71
75.59,102.92,66.92
55.32,18.74,35.72
95.60,131.96,56.61
31.33,35.92,89.83
71.43,41.55,26.88
50.56,102.59,22.43
96.55,75.63,68.52
46.40,79.92,46.48
96.97,27.94,53.44
92.12,122.80,52.46
41.63,96.39,26.93
84.28,28.95,20.29
99.65,62.36,91.87
40.21,123.46,37.42
54.94,89.57,54.09
61.61,25.21,97.75
43.59,62.19,86.14
21.22,43.98,28.63
37.61,82.45,60.68
42.55,128.07,78.41
55.49,71.08,75.87
33.69,70.67,80.87
89.86,136.75,56.60
76.39,90.67,34.07
26.82,89.27,57.19
72.01,46.67,71.83
72.29,95.08,68.69
96.50,90.63,25.64
20.24,65.56,25.20
39.83,148.70,97.22
94.22,133.46,32.14
94.57,114.94,43.56
77.65,85.23,81.41
81.26,74.69,52.77
27.32,35.89,34.52
61.11,52.80,57.38
38.53,118.35,65.52
34.50,73.52,56.22
84.82,133.52,93.52
30.80,30.71,42.78
57.49,81.17,72.91
95.09,100.58,28.98
34.87,82.36,51.38
98.24,134.49,79.28
99.54,148.54,37.99
64.45,26.22,67.18
33.61,28.19,32.27
45.29,28.25,28.22
53.96,105.36,61.86
44.75,62.17,74.00
42.45,112.66,29.07
97.78,66.77,93.42
32.27,97.86,38.06
78.67,117.78,29.60
20.03,86.75,36.22
67.69,85.53,33.57
93.28,22.35,27.25
43.03,67.51,83.83
34.84,86.41,59.64
72.13,74.68,51.08
77.01,136.11,96.05
75.04,136.91,49.68
45.55,125.07,33.36
40.18,62.54,41.92
96.47,110.42,39.12
93.86,65.34,59.90
56.59,42.56,43.32
87.70,58.01,61.28
56.19,19.94,73.54
53.95,56.45,82.18
32.54,74.50,76.81
54.11,143.77,36.45
62.99,53.88,29.27
21.80,136.34,63.40
55.53,42.04,35.91
82.51,36.74,26.79
74.40,82.66,62.17
70.81,104.15,46.14
92.76,16.21,80.49
21.44,40.95,45.14
64.56,73.80,98.30
82.99,56.34,80.68
63.31,109.77,24.62
45.91,81.56,60.71
30.90,32.45,65.01
91.01,135.23,75.62
57.66,51.01,59.82
90.25,112.36,58.68
66.87,119.19,49.44
73.94,144.84,41.72
84.34,79.79,95.70
72.73,96.22,45.41
51.84,56.88,25.07
61.09,104.95,33.38
84.24,74.87,88.58
49.89,71.27,66.93
51.05,129.77,82.30
27.66,17.02,84.70
93.17,133.47,85.86
27.28,129.29,64.05
71.86,80.89,34.17
53.06,78.63,31.86
52.45,60.65,65.92
74.36,149.18,49.32
25.37,25.56,64.64
67.50,92.63,59.88
81.76,105.44,68.18
86.26,140.81,22.57
33.64,119.23,22.63
91.79,100.14,77.73
72.49,26.35,35.45
90.55,62.32,72.18
58.82,29.44,63.73
63.36,133.37,98.54
93.52,114.95,86.83
91.99,116.06,53.05
55.85,101.32,69.31
41.95,80.99,29.38
51.45,31.00,50.91
51.02,56.16,78.71
42.95,29.17,69.81
41.49,111.49,58.76
88.89,32.43,34.12
25.59,108.30,84.25
74.21,106.92,41.85
33.83,74.30,85.64
47.56,28.93,68.93
24.92,54.07,49.82
41.60,54.81,23.25
81.47,108.05,38.59
90.80,25.92,91.13
37.72,126.07,85.44
57.08,116.54,65.99
57.63,36.08,57.31
89.89,110.68,71.77
81.02,103.59,57.30
61.05,114.74,71.54
73.66,36.45,44.59
87.79,32.06,87.08
20.76,43.11,76.15
52.23,61.22,46.40
92.58,121.11,86.45
79.23,113.31,58.99
63.43,139.56,33.97
62.37,18.21,26.22
47.82,11.62,75.97
61.64,107.88,89.21
72.43,49.10,84.60
53.47,56.77,72.45
77.13,86.55,31.31
88.90,24.34,27.52
32.37,99.98,47.60
56.12,55.52,88.39
52.64,98.58,96.94
75.00,126.76,39.31
39.99,33.96,80.97
71.22,140.32,65.91
90.20,84.30,22.54
53.45,139.21,63.43
92.88,39.08,84.48
99.45,94.64,42.09
28.49,66.54,91.79
38.64,118.39,38.90
96.03,94.83,26.12
96.67,79.23,32.80
27.82,137.82,86.96
21.20,62.80,53.38
32.89,40.80,83.76
99.68,95.13,62.50
34.40,97.36,58.44
60.20,71.47,84.55
87.87,78.13,53.88
21.63,144.34,84.16
68.36,112.58,28.05
42.16,25.48,70.90
88.99,39.70,76.21
42.68,146.58,91.93
74.94,111.71,37.95
73.94,138.11,68.34
37.72,52.54,54.66
22.78,113.86,50.62
52.74,109.96,28.54
43.14,51.26,30.74
84.72,87.11,86.96
84.03,97.84,79.98
56.56,77.36,50.59
68.52,125.81,86.28
68.34,126.60,26.46
86.17,129.08,69.98
54.00,122.48,89.45
42.04,78.33,87.11
41.20,63.40,49.82
62.90,126.39,79.62
55.93,78.63,54.20
55.21,44.49,87.21
27.29,81.03,62.46
77.49,29.86,81.19
37.10,106.83,26.29
35.76,57.03,67.20
53.02,46.49,64.02
38.22,143.91,68.80
66.71,118.76,75.65
49.72,120.19,93.45
55.91,97.32,82.85
62.97,127.48,37.57
36.28,116.28,86.07
32.46,93.83,29.77
90.43,144.56,69.78
54.70,36.82,90.62
52.97,142.07,28.09
22.85,66.20,87.98
59.84,83.98,83.89
64.33,27.18,60.30
64.71,85.62,44.71
76.56,95.57,52.44
34.20,149.68,97.49
40.18,146.53,36.14
84.86,145.30,66.37
95.77,58.77,26.66
30.87,148.78,37.43
59.81,73.77,81.07
37.13,129.26,44.21
24.81,40.28,98.86
46.04,80.82,60.07
31.50,145.24,61.32
76.79,142.58,22.91
62.70,105.72,96.52
31.51,121.69,33.94
20.74,34.70,63.07
84.65,111.03,51.65
34.10,96.53,53.25
68.50,22.82,71.46
46.95,25.84,72.97
66.84,25.18,32.34
45.25,111.41,59.97
26.96,29.84,83.24
37.84,75.48,55.46
35.04,59.98,33.26
54.24,87.07,45.06
72.66,108.91,36.99
41.10,105.86,30.07
20.97,82.17,50.21
61.51,75.01,63.27
68.46,65.69,25.82
97.03,130.67,68.31
67.16,56.32,99.44
57.69,46.31,97.13
65.87,114.06,86.33
94.23,60.37,41.31
86.27,128.58,21.79
45.84,55.90,86.68
38.98,108.27,24.46
41.01,16.32,36.45
60.35,63.98,63.56
79.52,58.05,34.27
60.26,124.34,86.70
25.42,145.39,82.17
77.89,74.52,80.46
84.48,125.48,85.29
43.16,107.96,37.58
73.13,145.43,78.31
54.13,123.56,48.42
91.13,20.85,73.35
87.62,109.86,29.76
62.03,84.97,76.45
75.32,12.30,97.77
90.67,45.18,23.49
59.66,139.05,27.51
45.06,139.65,29.89
80.29,121.84,54.45
37.61,147.45,43.26
51.08,122.92,84.55
89.26,11.43,57.90
77.95,50.30,58.76
52.30,14.29,77.36
37.18,23.18,48.96
48.48,40.64,48.26
42.73,80.50,80.55
34.09,128.65,82.40
79.47,130.68,21.15
40.17,96.27,31.50
56.33,139.94,37.05
50.87,80.01,48.13
98.57,134.47,43.32
51.29,73.57,73.48
26.40,48.81,86.25
27.19,138.30,35.37
67.26,64.31,65.04
67.95,80.48,49.43
53.50,56.04,60.46
54.55,102.80,69.66
24.31,149.30,91.49
61.32,13.57,35.38
60.38,135.98,26.96
31.96,10.55,70.18
28.31,60.99,51.53
29.89,33.60,33.03
28.08,116.03,29.37
68.78,17.09,64.71
35.72,87.49,44.04
40.11,51.29,99.79
33.89,28.71,52.47
96.63,118.05,36.98
88.37,40.44,70.31
38.44,41.31,39.54
46.21,48.51,59.53
36.79,92.15,58.61
59.35,102.35,56.28
21.57,12.46,83.69
73.71,43.86,37.33
61.85,70.34,92.34
91.89,56.48,83.31
33.15,133.78,46.65
84.33,120.28,34.45
83.36,97.62,42.36
30.17,57.33,46.61
51.88,108.09,64.55
33.61,128.11,23.71
40.38,93.28,93.15
41.06,119.82,27.89
64.50,114.87,42.34
52.91,90.04,28.74
95.82,53.71,40.53
30.11,114.41,87.01
97.90,38.95,69.21
38.45,119.13,38.19
81.83,122.64,89.74
47.12,125.10,84.06
31.45,76.21,80.29
88.63,36.95,87.81
44.71,23.96,69.57
72.71,114.07,60.11
65.32,134.08,49.91
57.74,101.12,37.90
59.67,30.18,64.59
78.58,140.89,91.16
27.02,148.47,67.52
73.45,70.67,93.57
91.66,93.28,48.55
24.62,118.81,75.61
31.25,113.09,71.89
77.33,145.49,73.63
54.98,26.08,71.60
52.28,91.30,37.73
30.96,106.87,31.49
60.54,134.61,98.29
30.12,132.38,23.62
58.13,146.92,57.42
81.09,81.69,54.01
40.66,126.31,48.80
58.46,69.82,82.56
99.36,69.12,79.63
74.93,45.47,92.42
87.31,124.55,51.64
53.19,148.01,65.13
81.43,45.89,91.38
23.24,17.86,99.51
29.83,124.18,97.54
36.25,96.83,77.43
52.16,144.36,31.46
87.66,45.31,21.85
47.70,19.94,86.02
72.37,78.94,87.28
76.75,21.97,79.71
66.89,46.65,42.39
48.58,27.64,71.19
66.16,41.38,45.30
47.38,24.86,56.05
26.71,143.55,50.59
99.42,49.00,93.09
30.17,72.15,38.73
25.79,135.81,66.21
90.28,104.83,48.88
44.15,96.53,73.05
72.02,108.78,65.17
46.32,126.04,93.92
51.32,132.87,28.13
40.97,99.97,37.65
47.44,134.60,81.31
52.86,84.96,49.50
77.63,48.82,33.26
60.92,133.21,60.27
95.49,85.81,72.17
23.35,136.86,23.59
60.25,15.62,43.33
66.74,65.65,84.75
93.62,142.69,61.62
23.93,44.95,22.83
65.88,141.82,42.56
88.29,143.55,71.13
39.35,133.50,35.95
90.10,88.91,86.19
21.52,100.57,74.13
78.60,131.75,57.71
94.65,118.63,93.25
72.58,98.21,51.34
55.12,147.52,38.81
23.59,105.99,72.91
93.61,146.57,65.86
57.62,18.03,46.82
22.32,29.45,47.49
75.19,73.20,51.86
58.55,63.88,43.29
29.95,119.58,76.82
37.14,32.49,72.11
25.16,146.65,55.26
65.94,54.11,51.83
69.76,70.05,49.20
60.46,48.46,42.68
85.37,91.11,26.86
88.88,18.21,41.46
69.25,30.95,45.70
21.02,114.41,63.81
75.62,36.11,81.90
53.44,42.97,51.66
65.24,121.02,95.58
71.93,23.06,86.19
48.02,71.25,98.78
93.37,13.23,90.10
30.72,58.55,69.34
73.72,107.86,67.88
20.35,22.61,30.36
93.97,134.37,77.79
29.00,137.33,68.02
27.59,24.70,60.55
46.64,148.70,75.46
49.89,51.65,55.52
37.14,21.77,61.91
66.81,10.71,51.87
55.43,67.19,77.39
22.73,98.17,90.13
45.57,56.51,87.27
84.83,127.14,82.88
75.18,110.32,21.10
77.99,59.02,92.95
75.85,112.80,41.99
44.88,141.67,91.04
27.97,23.03,35.76
41.80,52.85,55.17
86.54,74.87,79.95
98.44,79.72,71.22
59.51,85.91,53.27
20.78,52.09,74.29
31.20,103.42,63.92
45.77,100.31,42.06
66.29,90.90,71.71
26.01,25.93,36.34
95.47,76.78,75.52
49.21,59.87,20.25
93.01,78.75,63.90
82.44,139.06,52.09
80.43,77.27,44.25
68.54,11.96,61.26
70.14,71.44,71.62
71.04,124.89,97.22
70.30,119.21,86.65
64.30,81.87,77.37
98.91,44.97,58.32
78.58,75.11,51.37
82.16,88.92,22.60
89.80,149.98,48.73
37.25,100.18,87.87
26.70,107.20,50.72
58.63,78.80,56.93
61.13,59.63,41.75
86.33,123.81,41.93
55.50,79.29,24.95
65.67,149.26,69.10
62.17,74.00,55.85
23.06,19.52,68.48
69.22,105.56,63.75
86.24,16.53,83.91
32.60,45.07,80.08
67.55,59.52,81.72
67.49,113.53,59.94
33.13,79.19,48.31
29.88,14.01,94.67
98.40,96.36,24.34
51.50,67.60,32.21
38.19,139.06,53.57
33.71,79.94,69.12
73.41,109.26,20.66
68.76,40.64,77.55
71.48,116.54,64.70
27.04,110.93,58.78
91.48,136.57,53.88
51.14,14.74,61.56
45.07,72.65,32.94
56.99,105.08,28.70
51.21,23.32,43.17
89.09,67.48,76.76
94.34,141.90,67.06
44.28,71.03,58.41
89.11,147.96,65.72
82.52,17.96,64.74
94.46,110.50,44.56
39.66,91.34,27.80
66.16,80.08,91.74
41.96,145.92,67.99
85.93,28.15,75.82
20.43,135.44,57.12
65.19,106.77,80.52
47.14,46.26,66.76
45.81,136.23,24.30
71.59,70.10,91.21
88.12,123.99,44.44
68.74,64.44,31.03
88.25,129.13,27.04
41.17,99.13,77.64
61.56,29.75,76.32
56.04,100.95,76.01
20.93,36.79,93.26
64.54,67.67,47.92
72.92,33.84,64.89
67.35,13.08,69.56
78.90,39.66,98.36
65.71,85.09,44.99
25.34,77.42,96.51
29.32,80.21,31.90
67.72,44.68,81.12
42.00,105.92,70.63
26.37,108.60,85.35
54.37,60.12,22.29
64.35,133.36,26.25
46.30,100.16,25.58
77.63,109.83,67.44
71.50,48.83,68.23
46.63,10.09,92.49
80.39,131.15,57.41
71.90,125.14,25.44
71.00,27.25,36.76
64.27,62.37,20.65
20.91,102.59,82.14
75.72,101.30,85.25
50.08,130.45,99.84
95.41,29.64,52.98
85.44,70.19,21.54
67.02,23.61,38.78
40.17,64.54,67.02
36.30,12.12,96.96
47.23,135.76,28.29
58.13,83.79,29.73
43.69,128.97,76.14
61.19,18.39,73.38
33.23,41.84,40.04
98.22,46.31,85.05
28.63,64.14,30.30
94.56,122.40,94.06
93.09,64.12,36.08
62.03,38.65,26.51
77.99,19.10,47.16
54.88,21.13,35.03
70.40,116.41,62.16
47.25,72.27,74.95
44.09,111.67,59.27
66.26,105.52,72.85
59.85,28.95,49.19
66.36,30.00,22.23
42.93,115.75,97.93
49.36,110.98,85.55
26.71,62.92,25.87
24.18,20.84,55.93
40.28,11.69,70.80
25.94,50.34,35.25
28.30,11.29,66.24
85.03,42.21,62.69
23.11,68.73,36.66
72.72,27.00,31.30
41.80,24.60,80.72
89.72,135.50,45.81
58.80,91.97,39.52
44.45,140.82,79.03
61.41,58.42,78.89
50.56,104.80,42.11
65.14,38.66,89.81
29.16,96.57,75.06
99.76,28.14,47.66
54.04,10.29,54.20
47.86,140.41,78.14
76.82,87.69,36.93
49.11,139.77,57.50
86.66,56.74,72.28
56.34,55.89,63.16
77.56,66.09,68.67
28.60,108.85,63.70
87.69,89.21,35.94
78.86,139.55,52.82
36.94,13.56,62.56
31.62,109.15,82.41
45.30,56.25,72.31
98.09,35.23,54.13
40.55,81.46,97.95
56.49,80.71,28.62
22.40,29.18,36.54
51.78,38.27,47.31
65.71,67.14,38.29
96.25,67.23,70.04
61.34,54.46,23.16
85.53,30.80,34.19
63.77,10.61,43.47
23.26,145.83,74.67
45.20,142.09,90.07
66.04,77.71,83.88
96.05,149.31,34.57
88.73,104.31,65.23
38.27,19.64,22.40
37.61,26.48,44.84
36.09,138.26,84.48
93.80,98.21,56.53
88.21,128.05,32.00
81.99,135.76,55.08
51.42,72.71,35.84
60.35,16.79,51.46
57.15,36.36,59.03
40.27,19.32,47.96
60.40,36.42,94.96
22.44,67.47,65.00
30.54,26.55,87.43
90.93,33.34,80.86
80.13,72.42,72.89
53.83,57.62,59.75
61.37,75.47,20.17
49.60,70.08,69.08
79.26,100.23,48.48
82.73,141.21,29.42
81.06,25.10,55.57
77.81,23.90,78.84
36.36,129.39,96.93
47.04,80.90,49.93
57.59,117.30,63.42
46.46,40.16,88.10
80.40,126.04,46.72
46.35,139.34,31.38
31.06,98.97,42.55
51.92,24.82,91.93
98.39,135.34,32.75
38.07,120.95,46.34
68.97,115.12,57.17
54.64,15.14,87.77
25.68,121.85,95.02
59.03,29.31,54.06
76.17,41.13,94.56
61.06,90.80,32.92
89.77,47.10,32.55
43.11,102.59,95.94
26.90,95.13,60.77
94.93,25.14,34.87
50.26,101.84,59.04
66.11,139.35,82.66
83.36,32.56,86.15
45.95,93.59,89.12
77.29,57.86,65.57
30.83,74.35,89.36
43.30,50.18,60.80
31.58,59.58,68.56
84.90,14.05,80.70
37.81,147.42,54.03
77.39,97.47,25.89
95.46,80.10,48.01
62.22,63.72,69.92
63.20,85.51,35.39
56.88,63.21,31.87
46.07,60.39,43.45
58.05,74.95,22.57
68.22,48.64,79.47
98.88,35.21,40.70
95.02,87.92,29.94
88.97,127.99,75.93
91.13,31.40,87.43
57.43,14.58,21.59
72.60,44.55,38.69
91.61,147.16,95.62
51.44,126.03,50.82
96.94,93.42,95.09
53.26,140.09,41.94
68.09,72.34,37.45
76.78,147.66,37.13
96.05,51.48,26.82
39.57,43.64,91.71
79.69,99.33,98.39
61.67,62.94,96.36
41.48,97.69,88.16
82.13,52.70,87.75
64.18,96.51,72.89
72.88,48.60,86.10
45.83,17.14,36.67
58.50,137.70,51.03
69.39,133.65,71.27
52.39,145.91,89.98
35.87,110.31,72.84
96.93,105.58,87.12
60.92,88.26,57.92
78.71,27.63,77.38
52.88,36.49,98.40
48.41,50.53,32.28
52.57,134.62,94.15
52.74,34.22,61.79
63.53,139.20,71.46
63.48,83.19,90.23
59.77,110.18,52.77
30.78,25.43,53.50
59.69,47.66,62.17
33.53,144.19,21.53
30.09,47.26,59.73
94.61,51.51,43.29
68.40,37.66,94.24
72.76,28.07,27.02
52.14,42.66,56.75
92.72,99.93,95.80
71.03,73.75,92.08
81.53,87.53,76.11
49.48,27.13,67.15
96.80,122.30,42.46
85.64,119.77,49.36
88.32,13.02,27.21
33.78,63.69,82.89
41.68,19.63,45.91
42.85,120.89,73.42
41.67,113.22,48.61
88.43,136.28,57.15
22.55,43.10,64.40
26.09,73.88,84.15
41.91,35.83,36.89
35.99,61.97,51.90
38.55,83.11,30.41
83.84,17.47,26.06
65.05,110.08,68.37
20.46,86.06,35.13
54.35,126.05,24.78
52.63,48.05,91.77
29.12,136.46,62.75
74.09,149.82,30.77
76.17,138.70,24.27
77.67,118.90,29.59
78.28,123.73,57.71
20.00,90.32,73.48
96.31,36.62,71.30
85.14,104.79,31.55
92.32,109.79,70.68
21.25,147.95,52.39
94.71,85.78,57.18
84.78,47.99,84.11
86.98,105.71,46.60
27.46,147.11,31.76
79.10,34.81,89.88
96.79,55.64,36.97
74.28,85.86,43.52
65.64,33.83,76.53
95.65,13.11,74.68
55.43,57.18,84.03
67.94,131.15,34.71
58.11,16.09,48.18
94.63,70.05,30.07
26.09,116.71,63.28
60.09,143.45,43.41
74.96,147.97,75.11
83.35,69.08,20.03
66.64,143.05,24.77
92.71,14.96,54.60
95.36,114.43,96.65
25.15,99.98,91.27
52.19,44.93,99.52
21.88,81.02,53.35
46.35,28.14,23.73
62.95,132.02,44.48
92.86,60.11,74.06
87.72,97.65,30.81
30.20,32.23,44.00
27.44,38.86,24.49
67.14,148.87,58.00
62.57,115.43,36.71
41.31,144.68,27.30
91.96,51.42,52.90
94.19,33.04,48.10
52.21,80.43,63.00
91.22,79.25,79.92
50.72,34.49,29.01
78.95,112.65,83.29
58.08,60.65,22.10
29.81,36.09,55.45
94.23,56.48,66.99
56.33,88.91,96.56
78.76,111.71,65.91
49.37,77.46,32.70
21.51,83.58,61.40
28.04,29.45,51.66
59.70,138.06,58.35
75.20,140.02,35.77
46.78,105.68,60.07
75.64,12.47,32.00
75.89,85.19,79.52
76.31,98.09,67.51
59.40,149.25,26.28
93.19,149.45,91.17
59.14,130.07,69.31
56.02,18.94,45.29
35.95,143.46,23.65
44.61,95.77,70.58
23.39,122.12,49.88
70.68,67.01,92.61
39.88,54.75,22.79
44.33,74.85,23.13
81.67,30.56,95.94
46.18,59.99,97.19
39.38,130.07,22.22
33.52,15.31,77.28
81.99,31.12,37.72
30.38,27.52,76.11
56.30,66.43,89.50
60.55,149.58,28.07
74.99,34.27,39.10
70.66,30.37,21.93
84.86,138.11,23.51
23.58,133.49,22.37
43.72,14.51,84.05
42.41,115.24,43.86
31.68,101.77,59.46
43.13,117.48,83.03
44.78,79.23,59.60
61.75,148.79,54.34
73.10,16.14,20.93
50.49,42.81,65.44
77.56,65.52,29.98
46.89,72.97,81.17
43.22,138.99,40.62
63.30,88.40,73.93
21.90,16.32,71.70
26.38,67.10,69.33
53.44,68.31,41.36
95.43,145.17,41.37
77.72,93.89,89.04
27.05,98.99,21.02
87.71,109.86,34.52
78.58,117.81,68.81
68.88,98.91,85.36
85.62,43.21,48.67
52.33,132.37,72.28
37.72,112.50,64.57
60.96,113.86,25.16
63.91,149.52,69.74
63.07,122.35,85.11
65.21,126.08,99.40
95.90,143.20,22.37
92.18,31.16,72.80
90.06,79.68,53.16
84.11,91.28,20.78
95.47,56.10,69.15
27.88,127.52,29.79
41.21,116.74,50.29
59.60,110.92,40.91
87.72,149.60,48.89
60.41,46.31,59.42
79.84,112.96,48.74
31.12,87.20,64.22
40.19,53.82,39.09
78.54,32.48,70.83
33.18,135.42,88.30
48.11,93.36,37.93
41.19,125.49,60.63
47.99,86.35,71.90
76.67,40.80,65.17
49.43,57.26,49.25
64.42,63.42,71.38
27.99,146.21,22.26
84.40,10.79,49.59
49.59,147.99,62.61
71.88,147.26,21.65
78.03,149.46,60.61
36.77,76.72,72.34
90.77,144.93,80.74
69.30,65.38,29.07
54.30,13.68,99.25
34.59,41.41,68.49
95.38,142.34,49.06
80.41,11.93,39.93
36.64,86.44,65.83
47.02,20.58,90.54
84.77,50.10,61.65
75.65,22.33,72.92
81.26,130.33,48.62
55.30,92.75,51.05
77.32,136.29,42.89
50.92,106.37,76.45
36.90,145.94,48.74
70.61,81.38,35.26
98.08,99.42,49.55
44.85,90.68,88.31
56.88,77.80,79.06
73.92,128.43,46.77
63.32,100.23,92.54
87.47,122.18,25.99
80.94,120.09,23.98
24.66,36.75,30.20
99.87,101.02,29.32
80.19,37.95,27.03
89.11,91.66,72.91
72.10,104.84,68.07
88.50,149.61,71.81
28.99,14.28,75.07
47.82,22.77,80.55
90.11,20.78,36.57
36.13,65.77,69.78
26.26,125.02,66.40
83.05,128.17,95.49
86.84,113.18,38.59
33.01,135.56,24.70
88.35,55.20,72.28
74.94,22.34,79.21
61.61,18.14,42.66
86.42,129.30,65.67
53.54,112.26,24.76
35.52,107.81,96.80
42.79,57.55,28.79
60.41,63.19,25.41
62.51,144.14,23.53
84.45,18.93,54.18
83.31,118.32,27.77
66.51,53.35,79.57
82.46,15.47,91.91
35.34,113.96,40.82
24.01,56.33,70.30
89.89,111.10,23.39
26.04,109.07,50.93
39.74,84.87,43.44
75.63,118.83,38.29
52.76,91.35,71.58
90.11,50.13,30.42
43.84,112.78,88.86
20.95,92.48,73.19
44.05,11.78,76.86
66.25,136.23,94.83
50.08,86.39,95.39
62.79,131.61,64.13
90.13,133.58,59.63
93.00,72.30,46.83
41.28,81.07,77.25
56.97,68.21,63.06
63.93,72.92,94.63
95.93,135.32,39.09
99.89,120.34,44.82
38.83,27.71,45.29
78.16,95.44,84.48
50.24,149.43,27.92
20.65,93.38,56.45
20.74,120.02,54.21
56.85,117.67,25.85
59.07,59.04,52.86
21.81,62.06,61.07
74.95,111.37,25.21
43.52,80.00,60.79
64.79,89.88,96.74
44.07,109.81,98.31
33.37,118.86,62.53
52.57,48.01,61.21
38.58,30.55,42.84
62.78,50.85,99.77
35.91,81.06,41.94
60.67,57.90,56.23
32.59,89.57,20.23
73.68,17.49,47.94
80.32,81.37,25.72
28.83,61.52,79.51
57.42,84.85,64.88
25.67,69.15,65.77
67.85,49.79,42.92
41.15,136.58,85.19
62.21,35.87,20.26
61.40,105.39,46.69
93.95,139.45,72.76
63.93,85.41,92.63
66.64,132.70,38.77
52.13,27.48,63.29
95.93,79.13,63.04
82.17,73.98,89.93
42.83,11.14,24.04
87.54,72.06,53.96
54.59,61.66,34.60
86.29,103.77,21.72
85.83,141.37,31.76
35.11,22.01,98.12
76.09,55.85,37.19
43.25,72.17,94.80
43.80,73.73,36.42
43.71,118.47,94.50
78.05,72.08,72.37
38.39,13.80,29.06
20.07,109.41,66.55
77.22,133.88,45.48
33.69,81.95,50.65
28.36,91.36,55.21
39.00,32.81,53.82
50.39,40.89,73.13
58.07,42.92,81.47
23.57,70.30,46.33
97.65,139.94,93.95
77.29,83.05,95.08
45.86,36.89,23.26
45.50,47.25,21.19
55.88,63.76,54.01
70.10,97.26,67.25
31.71,71.60,42.23
35.11,64.94,40.75
88.75,89.06,74.27
40.50,43.86,68.14
50.42,21.05,33.37
89.70,13.42,90.76
73.05,45.18,74.40
47.34,22.82,49.01
74.70,57.09,74.69
21.57,118.21,29.01
78.85,110.28,57.46
58.96,95.53,33.52
85.05,129.35,23.31
96.37,49.49,47.07
94.06,133.91,32.06
92.74,65.89,70.68
60.97,66.13,73.93
48.81,66.75,31.90
57.20,23.73,21.97
75.19,146.57,83.42
90.72,29.39,20.16
36.56,57.72,47.51
93.46,54.70,59.57
85.21,20.46,85.49
98.31,31.32,87.08
90.42,16.28,78.00
42.39,50.94,39.78
28.48,131.33,77.61
28.98,57.52,39.72
43.30,27.32,37.17
69.13,100.40,63.77
84.35,149.52,74.31
91.94,42.53,24.24
69.90,49.14,24.80
20.45,146.06,82.73
34.91,35.03,88.76
27.98,81.57,68.36
49.07,43.55,54.31
60.11,140.53,87.63
23.47,147.41,78.31
47.88,124.06,66.37
34.33,54.07,45.58
71.77,66.49,35.84
57.14,43.92,53.49
59.63,134.71,42.95
54.22,138.04,47.14
96.48,68.64,61.25
37.18,101.91,33.53
61.33,33.18,84.49
78.88,70.89,31.64
64.55,98.41,58.48
94.32,63.96,79.68
50.24,60.06,58.80
57.09,10.14,48.88
27.08,122.60,57.99
68.72,134.51,87.89
43.06,145.72,99.23
32.82,110.70,70.49
63.56,86.83,83.48
62.58,47.70,21.16
26.07,149.90,90.43
75.86,92.57,96.32
69.90,105.36,66.01
35.12,105.54,80.30
57.55,128.34,61.02
77.63,11.35,42.90
62.35,40.83,88.18
51.64,103.17,67.75
45.79,135.32,66.35
68.83,105.95,72.73
95.13,67.89,88.48
73.74,60.62,78.55
25.98,113.31,36.89
56.85,113.77,57.35
91.27,94.99,98.42
27.56,50.81,64.36
99.11,139.52,95.06
95.93,87.26,85.07
26.26,120.67,73.28
94.67,40.00,47.95
49.05,58.17,44.35
87.58,132.44,71.47
53.47,17.01,54.60
55.27,81.72,83.90
70.74,77.44,80.84
81.96,115.17,44.97
22.70,49.47,76.22
67.45,40.67,59.56
34.94,139.66,45.86
47.68,90.04,53.04
47.84,24.66,91.63
57.52,37.03,48.76
46.73,149.84,42.99
28.59,37.39,48.14
31.65,95.47,37.17
22.68,68.82,63.57
57.62,133.98,31.79
96.36,115.72,85.40
29.25,93.57,38.05
95.70,11.50,67.84
78.67,133.17,30.00
71.00,72.25,98.28
71.62,140.42,56.37
86.14,79.38,85.77
28.55,107.19,81.49
60.38,19.70,77.10
75.77,114.32,86.19
66.95,57.32,28.04
86.62,59.19,74.28
25.78,26.61,41.27
75.26,30.56,82.87
62.72,36.01,96.55
50.33,55.95,92.12
47.22,134.88,29.20
69.67,61.56,49.56
91.28,111.41,49.15
59.69,21.58,29.78
85.98,92.75,27.85
52.17,77.46,50.79
28.19,146.91,99.37
24.92,128.47,65.52
24.11,73.68,69.74
50.41,118.52,57.68
46.98,37.03,72.99
77.43,88.73,96.53
79.43,20.45,67.10
24.07,58.73,25.20
37.69,41.62,59.43
41.94,110.65,99.42
63.81,78.61,50.99
31.56,115.15,67.51
30.72,82.14,28.53
95.50,22.11,31.29
84.34,112.95,89.97
34.45,126.65,44.03
52.53,136.49,44.44
48.45,90.08,50.98
83.28,115.50,97.32
60.82,115.29,26.75
30.23,31.80,85.50
79.12,32.99,47.32
51.75,19.92,87.96
41.03,54.79,99.34
50.04,76.29,47.89
59.82,149.71,30.35
47.45,70.34,31.55
39.35,111.67,80.70
51.88,107.08,31.59
21.53,38.63,40.83
81.80,18.19,36.35
33.68,86.44,48.45
23.51,108.04,25.95
72.30,149.76,88.54
81.91,60.21,88.81
85.11,135.49,53.03
59.48,63.47,68.97
36.43,106.52,71.36
78.98,93.76,79.94
75.98,17.42,61.66
39.70,20.97,60.83
92.27,12.91,70.50
28.35,61.92,76.24
98.62,114.41,47.74
88.82,34.19,46.43
75.03,94.82,41.58
95.10,50.44,63.91
77.78,121.58,48.81
35.24,121.78,63.23
55.37,118.56,52.48
25.72,83.48,86.94
51.17,49.84,25.85
79.33,123.32,65.78
50.92,36.05,66.05
46.42,50.57,50.70
67.63,35.75,53.68
89.78,104.39,84.01
23.81,106.07,42.45
50.84,101.35,89.71
32.66,68.18,91.71
75.63,24.02,72.05
28.46,137.56,81.83
73.18,81.08,69.04
42.89,66.98,62.02
35.91,92.44,97.33
94.91,36.99,42.61
21.48,28.56,32.33
55.02,66.77,43.00
21.73,41.81,69.17
58.69,44.20,34.81
60.08,134.95,92.71
45.73,84.31,52.88
30.57,77.69,88.00
50.11,106.53,39.94
73.78,143.22,45.05
82.59,25.71,24.74
62.46,126.69,40.62
67.19,91.76,59.23
36.05,30.46,95.69
42.99,51.60,51.11
32.95,77.53,71.18
39.94,106.76,54.22
37.99,43.96,23.74
61.56,84.88,60.28
65.02,105.85,25.27
95.60,72.82,90.70
35.65,130.82,80.24
71.33,131.72,50.29
85.38,75.90,71.22
64.82,146.21,28.96
40.40,20.58,76.20
41.00,10.47,85.82
23.14,63.29,85.74
44.44,94.15,42.74
79.57,98.09,41.10
23.80,76.70,61.71
37.54,27.48,97.42
76.50,33.87,93.64
82.61,129.30,48.77
56.43,131.51,82.39
75.85,104.35,93.71
51.04,102.99,40.87
32.79,93.68,86.42
51.85,38.41,41.43
66.40,69.96,47.46
95.84,107.43,35.91
25.50,85.22,60.57
60.59,12.60,87.46
46.31,143.50,62.24
60.66,128.27,29.88
21.92,46.48,40.14
45.04,96.30,65.03
85.59,139.25,66.65
64.32,23.44,66.15
56.05,80.42,26.16
42.84,73.87,80.30
43.84,67.43,92.75
50.65,126.98,60.84
86.85,63.29,77.51
97.38,18.91,93.12
55.09,19.22,71.41
51.47,15.98,73.95
87.72,67.28,77.71
54.15,110.58,40.84
64.16,38.52,66.61
38.48,100.51,87.37
79.48,106.19,43.69
62.56,45.73,91.77
84.72,94.08,69.63
82.46,105.88,53.85
37.20,75.33,69.85
77.25,57.14,52.15
84.00,96.68,87.04
47.69,146.90,58.59
33.81,69.76,92.10
20.21,64.84,60.78
56.07,75.00,72.83
48.19,20.67,99.82
64.39,87.44,31.76
35.04,56.02,78.94
88.77,27.00,31.11
40.62,75.28,87.11
38.11,10.47,67.72
58.46,66.25,95.05
59.91,24.80,89.28
37.21,13.40,25.99
41.75,125.43,30.98
33.58,138.27,68.09
77.48,39.07,61.47
81.61,85.50,33.49
56.99,48.91,30.35
77.13,79.10,65.12
78.87,71.13,23.91
31.06,47.67,89.90
97.29,108.06,84.57
85.68,27.71,82.83
36.36,17.43,21.28
34.89,117.47,23.81
30.05,103.23,63.99
31.07,79.79,99.55
79.85,75.49,47.39
57.57,79.64,47.55
82.63,71.18,30.74
79.70,65.00,73.95
68.37,79.96,71.73
74.91,83.99,28.11
21.47,106.87,57.39
44.94,109.57,73.37
71.03,62.87,59.48
20.75,67.90,73.95
22.64,62.32,85.30
88.15,85.12,74.87
74.72,73.47,69.29
41.23,134.54,88.29
75.04,107.49,92.05
83.40,135.81,51.11
44.54,109.28,33.86
22.88,145.94,85.43
94.62,99.00,37.10
47.61,144.90,94.32
28.52,32.14,21.83
59.35,17.35,93.70
81.48,91.08,67.13
37.73,147.69,81.98
41.56,68.46,51.88
39.42,39.69,99.34
99.33,83.02,38.20
35.79,100.83,41.15
66.04,54.13,24.11
94.02,110.07,95.24
31.75,146.52,56.48
97.67,135.57,73.99
95.80,50.82,75.00
90.77,55.74,89.96
37.16,62.02,73.19
70.72,65.24,64.96
80.87,24.04,76.83
98.88,116.67,80.08
34.43,61.15,34.87
81.28,133.17,28.77
47.10,139.77,25.99
34.05,13.42,49.92
53.71,148.39,59.84
83.51,109.40,69.25
57.19,82.85,96.64
63.00,64.53,46.46
99.61,82.59,80.87
51.93,55.45,62.51
69.23,97.18,37.61
49.22,23.02,69.22
51.42,96.96,97.37
75.65,48.55,29.94
95.03,12.47,60.58
63.39,87.38,24.13
81.47,90.98,45.70
27.14,69.72,69.65
36.89,20.12,87.28
60.17,135.07,78.43
21.60,95.60,57.03
40.23,26.20,92.74
61.39,81.53,44.22
21.20,79.62,80.32
41.16,18.46,57.92
61.12,94.96,91.89
65.85,123.17,83.79
94.06,114.86,92.12
71.63,38.42,37.14
53.18,130.72,73.45
94.43,57.96,79.08
82.79,142.51,79.39
36.00,20.04,60.32
30.47,78.07,20.90
74.06,93.60,40.91
64.79,44.67,45.86
83.17,117.99,88.16
79.10,97.77,87.27
70.02,12.54,28.37
98.91,95.17,95.99
62.69,78.81,34.60
29.05,37.44,53.15
86.26,149.40,37.21
40.15,135.60,88.83
82.18,50.95,79.95
96.57,85.75,48.28
75.74,54.31,74.55
67.68,118.57,34.75
56.83,140.25,50.58
49.15,60.24,50.17
48.24,122.78,39.03
70.91,79.78,90.10
80.10,65.52,74.31
74.28,141.38,42.40
35.87,81.46,39.37
59.52,75.44,21.44
83.33,104.14,47.73
58.06,46.57,62.14
62.93,55.47,42.22
81.69,140.49,76.04
72.90,104.99,52.94
52.75,125.73,45.31
91.63,47.96,95.12
33.01,86.13,41.02
99.64,146.00,51.86
29.51,54.62,50.58
21.20,32.47,39.30
91.20,81.52,37.40
39.60,64.29,44.19
78.38,32.34,89.14
84.88,134.40,81.37
88.72,148.70,74.48
99.33,89.60,56.57
43.52,118.45,60.62
76.82,130.27,41.37
29.23,108.14,25.95
52.54,16.18,46.48
87.84,32.07,59.65
49.41,19.94,24.59
67.29,11.38,27.06
60.30,52.84,41.04
71.68,64.93,49.37
97.83,43.74,51.47
24.46,19.04,29.43
65.92,84.18,38.07
89.04,48.26,40.93
58.51,121.45,25.41
26.28,11.13,46.09
64.84,127.95,25.78
46.57,143.67,76.28
32.40,110.26,50.88
87.92,112.71,46.14
61.73,140.70,30.12
94.66,39.27,38.12
84.48,149.24,38.62
75.44,118.29,98.82
20.40,111.72,86.83
54.23,60.55,21.22
35.80,86.41,69.35
92.86,101.55,40.47
33.97,96.85,28.35
42.88,108.70,76.45
61.35,21.53,30.53
41.07,59.79,55.50
36.79,70.76,70.57
67.93,46.49,64.36
27.11,34.17,98.21
24.65,29.45,82.86
49.78,61.29,81.94
77.65,79.08,48.45
64.38,18.82,20.67
53.83,142.50,78.75
65.26,117.13,99.98
49.24,112.32,52.47
94.89,34.20,98.84
24.39,94.53,31.34
73.87,84.16,43.72
91.30,147.55,33.66
84.31,114.67,58.01
34.72,90.61,83.76
43.67,129.11,47.25
77.36,31.71,92.50
26.74,12.13,63.59
84.95,106.63,57.23
77.51,23.76,82.96
78.37,26.16,28.12
28.02,114.26,81.90
77.42,47.87,39.44
74.39,98.01,42.47
86.47,138.44,67.96
23.33,54.31,92.15
21.85,40.40,66.27
49.84,24.92,71.92
31.90,28.26,82.13
64.67,18.71,40.75
93.39,22.27,86.18
51.32,70.48,53.44
87.60,54.92,34.05
20.02,108.92,48.01
33.48,131.83,39.69
22.43,119.87,38.30
46.25,84.29,42.61
92.66,24.34,34.47
27.76,109.37,73.42
68.51,60.80,66.40
56.12,21.99,71.88
95.08,127.95,47.50
29.80,57.35,81.58
36.96,40.55,30.37
22.36,132.00,65.69
54.71,136.30,42.04
42.23,57.46,62.21
89.59,59.67,45.89
68.40,91.15,83.24
69.13,112.68,91.30
62.55,18.84,79.41
27.35,93.07,34.05
55.60,143.39,41.99
99.96,46.69,93.55
86.82,137.24,54.98
91.48,143.02,95.29
85.86,47.68,51.40
28.24,115.59,96.14
38.20,43.43,94.06
20.25,113.27,72.84
44.28,121.64,20.71
28.69,44.61,52.03
57.82,110.22,92.90
74.17,123.69,90.81
89.96,60.20,34.99
79.94,33.48,51.93
95.09,22.88,86.84
24.31,90.55,66.23
20.97,146.93,87.78
72.91,125.21,86.13
43.15,71.02,92.60
40.28,85.13,29.38
46.47,49.13,31.62
41.58,32.83,26.62
60.91,77.49,94.82
55.21,74.89,58.01
60.99,83.07,25.15
73.82,143.39,45.72
50.97,94.55,48.11
40.10,94.81,84.76
33.30,27.92,78.84
47.96,149.51,75.15
79.34,118.20,21.75
80.54,132.81,92.86
73.35,68.00,37.24
38.72,80.30,70.32
67.05,83.09,24.95
65.66,37.17,26.52
58.74,106.53,20.77
64.00,136.42,65.27
59.34,32.92,70.35
65.24,22.08,24.04
77.24,113.35,43.24
28.77,48.25,88.12
79.97,97.34,28.10
30.87,107.41,37.32
25.33,55.07,53.95
98.09,124.12,87.38
96.56,87.00,40.39
24.83,131.66,99.77
55.46,116.86,48.42
34.90,131.60,50.92
58.83,12.82,29.77
86.41,44.09,74.42
96.05,22.60,39.48
70.74,71.89,70.31
48.31,134.59,37.85
68.27,75.46,51.03
44.96,128.96,88.53
92.79,55.80,79.11
89.63,57.54,32.37
64.66,135.38,68.62
45.98,69.61,70.29
43.47,120.57,27.25
22.67,43.13,57.26
85.27,142.83,40.85
56.03,90.44,57.37
46.01,116.31,82.17
57.69,22.53,32.66
85.50,78.97,29.86
29.97,136.15,41.55
88.61,132.79,96.18
91.80,16.55,79.83
95.74,52.52,21.56
51.80,72.06,52.08
37.37,34.12,40.59
